fecha,provincia,sector,mwh
2012-01-01,Buenos Aires y CABA,comercio,1552023.1830
2012-01-01,Buenos Aires y CABA,hogares,2205621.5140
2012-01-01,Buenos Aires y CABA,industria,1635799.3710
2012-01-01,Catamarca,comercio,28338.2480
2012-01-01,Catamarca,hogares,40526.6130
2012-01-01,Catamarca,industria,103128.8030
2012-01-01,Chaco,comercio,62191.8930
2012-01-01,Chaco,hogares,145126.7790
2012-01-01,Chaco,industria,12312.6810
2012-01-01,Chubut,comercio,38528.2160
2012-01-01,Chubut,hogares,34443.1410
2012-01-01,Chubut,industria,112051.3480
2012-01-01,Corrientes,comercio,53722.1620
2012-01-01,Corrientes,hogares,154616.0600
2012-01-01,Corrientes,industria,28428.0460
2012-01-01,Córdoba,comercio,281526.0900
2012-01-01,Córdoba,hogares,336533.6780
2012-01-01,Córdoba,industria,188701.2280
2012-01-01,Entre Ríos,comercio,108991.9270
2012-01-01,Entre Ríos,hogares,156610.5720
2012-01-01,Entre Ríos,industria,66765.5930
2012-01-01,Formosa,comercio,39380.0000
2012-01-01,Formosa,hogares,70710.7080
2012-01-01,Formosa,industria,5443.9090
2012-01-01,Jujuy,comercio,32136.6990
2012-01-01,Jujuy,hogares,35998.5990
2012-01-01,Jujuy,industria,19814.1540
2012-01-01,La Pampa,comercio,36357.1780
2012-01-01,La Pampa,hogares,36620.2090
2012-01-01,La Pampa,industria,6813.3330
2012-01-01,La Rioja,comercio,47211.5680
2012-01-01,La Rioja,hogares,48972.2580
2012-01-01,La Rioja,industria,23329.3100
2012-01-01,Mendoza,comercio,200307.8090
2012-01-01,Mendoza,hogares,157855.3620
2012-01-01,Mendoza,industria,176439.7120
2012-01-01,Misiones,comercio,51027.5080
2012-01-01,Misiones,hogares,97911.1680
2012-01-01,Misiones,industria,19514.9670
2012-01-01,Neuquén,comercio,46136.0580
2012-01-01,Neuquén,hogares,47282.3410
2012-01-01,Neuquén,industria,120999.9260
2012-01-01,Río Negro,comercio,59226.2210
2012-01-01,Río Negro,hogares,48463.5930
2012-01-01,Río Negro,industria,50595.1280
2012-01-01,Salta,comercio,62621.8740
2012-01-01,Salta,hogares,71661.1900
2012-01-01,Salta,industria,13386.9920
2012-01-01,San Juan,comercio,52801.6990
2012-01-01,San Juan,hogares,94193.3810
2012-01-01,San Juan,industria,48941.9890
2012-01-01,San Luis,comercio,40964.7580
2012-01-01,San Luis,hogares,43338.4070
2012-01-01,San Luis,industria,55747.1070
2012-01-01,Santa Cruz,comercio,7228.6730
2012-01-01,Santa Cruz,hogares,5230.3370
2012-01-01,Santa Cruz,industria,31784.3110
2012-01-01,Santa Fe,comercio,259755.8500
2012-01-01,Santa Fe,hogares,460592.7730
2012-01-01,Santa Fe,industria,358055.4490
2012-01-01,Santiago del Estero,comercio,34136.0450
2012-01-01,Santiago del Estero,hogares,79134.0440
2012-01-01,Santiago del Estero,industria,10750.7540
2012-01-01,Tucumán,comercio,71904.4180
2012-01-01,Tucumán,hogares,133755.1080
2012-01-01,Tucumán,industria,44179.8190
2012-02-01,Buenos Aires y CABA,comercio,1424365.9290
2012-02-01,Buenos Aires y CABA,hogares,1963533.3170
2012-02-01,Buenos Aires y CABA,industria,1580818.4240
2012-02-01,Catamarca,comercio,27818.2420
2012-02-01,Catamarca,hogares,35577.8330
2012-02-01,Catamarca,industria,94070.5400
2012-02-01,Chaco,comercio,61890.4740
2012-02-01,Chaco,hogares,151011.6920
2012-02-01,Chaco,industria,13269.7220
2012-02-01,Chubut,comercio,34680.1080
2012-02-01,Chubut,hogares,28287.9660
2012-02-01,Chubut,industria,114725.0800
2012-02-01,Corrientes,comercio,58264.0110
2012-02-01,Corrientes,hogares,153977.6510
2012-02-01,Corrientes,industria,32004.9510
2012-02-01,Córdoba,comercio,268330.4600
2012-02-01,Córdoba,hogares,286390.2830
2012-02-01,Córdoba,industria,184882.6870
2012-02-01,Entre Ríos,comercio,97299.5710
2012-02-01,Entre Ríos,hogares,132169.7670
2012-02-01,Entre Ríos,industria,62941.3040
2012-02-01,Formosa,comercio,36630.3180
2012-02-01,Formosa,hogares,72695.4910
2012-02-01,Formosa,industria,5688.0000
2012-02-01,Jujuy,comercio,29298.0880
2012-02-01,Jujuy,hogares,33667.2620
2012-02-01,Jujuy,industria,18679.8550
2012-02-01,La Pampa,comercio,29043.4000
2012-02-01,La Pampa,hogares,29149.9820
2012-02-01,La Pampa,industria,7283.0490
2012-02-01,La Rioja,comercio,40652.6310
2012-02-01,La Rioja,hogares,43821.7390
2012-02-01,La Rioja,industria,25295.0010
2012-02-01,Mendoza,comercio,168671.8960
2012-02-01,Mendoza,hogares,130170.0130
2012-02-01,Mendoza,industria,174125.8600
2012-02-01,Misiones,comercio,52205.0810
2012-02-01,Misiones,hogares,99672.0410
2012-02-01,Misiones,industria,19981.7710
2012-02-01,Neuquén,comercio,41006.9910
2012-02-01,Neuquén,hogares,42115.4680
2012-02-01,Neuquén,industria,112375.7430
2012-02-01,Río Negro,comercio,59000.9850
2012-02-01,Río Negro,hogares,42145.4680
2012-02-01,Río Negro,industria,64611.4640
2012-02-01,Salta,comercio,61796.0610
2012-02-01,Salta,hogares,66573.4390
2012-02-01,Salta,industria,14531.3650
2012-02-01,San Juan,comercio,49419.9950
2012-02-01,San Juan,hogares,76563.4510
2012-02-01,San Juan,industria,47748.0430
2012-02-01,San Luis,comercio,35715.2390
2012-02-01,San Luis,hogares,35199.2160
2012-02-01,San Luis,industria,52993.4170
2012-02-01,Santa Cruz,comercio,6692.0280
2012-02-01,Santa Cruz,hogares,5077.8490
2012-02-01,Santa Cruz,industria,29836.9820
2012-02-01,Santa Fe,comercio,239566.1310
2012-02-01,Santa Fe,hogares,403879.1370
2012-02-01,Santa Fe,industria,403875.1440
2012-02-01,Santiago del Estero,comercio,33185.6000
2012-02-01,Santiago del Estero,hogares,79577.7080
2012-02-01,Santiago del Estero,industria,10474.5160
2012-02-01,Tucumán,comercio,66460.5650
2012-02-01,Tucumán,hogares,132569.7220
2012-02-01,Tucumán,industria,49519.0140
2012-03-01,Buenos Aires y CABA,comercio,1454094.8460
2012-03-01,Buenos Aires y CABA,hogares,1873154.9050
2012-03-01,Buenos Aires y CABA,industria,1700156.8860
2012-03-01,Catamarca,comercio,28351.7890
2012-03-01,Catamarca,hogares,35905.6910
2012-03-01,Catamarca,industria,102142.6370
2012-03-01,Chaco,comercio,59890.2030
2012-03-01,Chaco,hogares,134261.8780
2012-03-01,Chaco,industria,14569.9190
2012-03-01,Chubut,comercio,37086.3590
2012-03-01,Chubut,hogares,32427.0430
2012-03-01,Chubut,industria,165620.1980
2012-03-01,Corrientes,comercio,63978.7430
2012-03-01,Corrientes,hogares,124132.3000
2012-03-01,Corrientes,industria,33686.5330
2012-03-01,Córdoba,comercio,263437.8830
2012-03-01,Córdoba,hogares,286612.9260
2012-03-01,Córdoba,industria,204135.1940
2012-03-01,Entre Ríos,comercio,97379.9740
2012-03-01,Entre Ríos,hogares,113563.0520
2012-03-01,Entre Ríos,industria,68588.5970
2012-03-01,Formosa,comercio,33889.9830
2012-03-01,Formosa,hogares,66758.8320
2012-03-01,Formosa,industria,5712.5360
2012-03-01,Jujuy,comercio,25365.3810
2012-03-01,Jujuy,hogares,33734.1370
2012-03-01,Jujuy,industria,20612.6280
2012-03-01,La Pampa,comercio,30708.8970
2012-03-01,La Pampa,hogares,28753.8450
2012-03-01,La Pampa,industria,7653.9770
2012-03-01,La Rioja,comercio,42345.6410
2012-03-01,La Rioja,hogares,39413.2170
2012-03-01,La Rioja,industria,27414.1310
2012-03-01,Mendoza,comercio,180058.6140
2012-03-01,Mendoza,hogares,131884.8420
2012-03-01,Mendoza,industria,183392.6550
2012-03-01,Misiones,comercio,53815.1570
2012-03-01,Misiones,hogares,95656.1740
2012-03-01,Misiones,industria,21066.0510
2012-03-01,Neuquén,comercio,43733.7380
2012-03-01,Neuquén,hogares,43784.7350
2012-03-01,Neuquén,industria,116976.8560
2012-03-01,Río Negro,comercio,59607.1010
2012-03-01,Río Negro,hogares,46447.2290
2012-03-01,Río Negro,industria,70384.9750
2012-03-01,Salta,comercio,61318.2250
2012-03-01,Salta,hogares,60992.4210
2012-03-01,Salta,industria,17869.5980
2012-03-01,San Juan,comercio,48836.6970
2012-03-01,San Juan,hogares,69065.0510
2012-03-01,San Juan,industria,54293.7340
2012-03-01,San Luis,comercio,37856.0950
2012-03-01,San Luis,hogares,34747.9080
2012-03-01,San Luis,industria,59845.2550
2012-03-01,Santa Cruz,comercio,6975.7200
2012-03-01,Santa Cruz,hogares,6701.5040
2012-03-01,Santa Cruz,industria,33382.0730
2012-03-01,Santa Fe,comercio,248784.4320
2012-03-01,Santa Fe,hogares,358402.0390
2012-03-01,Santa Fe,industria,425543.9710
2012-03-01,Santiago del Estero,comercio,33431.2560
2012-03-01,Santiago del Estero,hogares,65143.4240
2012-03-01,Santiago del Estero,industria,10214.8370
2012-03-01,Tucumán,comercio,68682.6150
2012-03-01,Tucumán,hogares,118408.2650
2012-03-01,Tucumán,industria,52520.9970
2012-04-01,Buenos Aires y CABA,comercio,1364832.2010
2012-04-01,Buenos Aires y CABA,hogares,1586117.3710
2012-04-01,Buenos Aires y CABA,industria,1563822.4750
2012-04-01,Catamarca,comercio,23472.2000
2012-04-01,Catamarca,hogares,27470.9530
2012-04-01,Catamarca,industria,97760.8340
2012-04-01,Chaco,comercio,47892.1290
2012-04-01,Chaco,hogares,95479.5360
2012-04-01,Chaco,industria,16187.0350
2012-04-01,Chubut,comercio,40544.6220
2012-04-01,Chubut,hogares,36019.0840
2012-04-01,Chubut,industria,116919.7440
2012-04-01,Corrientes,comercio,54499.7890
2012-04-01,Corrientes,hogares,89803.2030
2012-04-01,Corrientes,industria,27505.7330
2012-04-01,Córdoba,comercio,253887.4760
2012-04-01,Córdoba,hogares,243073.3030
2012-04-01,Córdoba,industria,183261.1460
2012-04-01,Entre Ríos,comercio,87430.8930
2012-04-01,Entre Ríos,hogares,91128.0140
2012-04-01,Entre Ríos,industria,63929.0300
2012-04-01,Formosa,comercio,23631.1910
2012-04-01,Formosa,hogares,53864.8680
2012-04-01,Formosa,industria,4728.0990
2012-04-01,Jujuy,comercio,22086.1620
2012-04-01,Jujuy,hogares,29949.0220
2012-04-01,Jujuy,industria,20831.9990
2012-04-01,La Pampa,comercio,28325.9370
2012-04-01,La Pampa,hogares,24331.3820
2012-04-01,La Pampa,industria,7144.4640
2012-04-01,La Rioja,comercio,33311.1740
2012-04-01,La Rioja,hogares,31013.7040
2012-04-01,La Rioja,industria,21950.3160
2012-04-01,Mendoza,comercio,151811.2420
2012-04-01,Mendoza,hogares,104496.1470
2012-04-01,Mendoza,industria,170449.5930
2012-04-01,Misiones,comercio,52088.1360
2012-04-01,Misiones,hogares,73939.8720
2012-04-01,Misiones,industria,21119.6750
2012-04-01,Neuquén,comercio,42697.5140
2012-04-01,Neuquén,hogares,38551.9840
2012-04-01,Neuquén,industria,107671.6210
2012-04-01,Río Negro,comercio,55233.3660
2012-04-01,Río Negro,hogares,44134.8780
2012-04-01,Río Negro,industria,55832.0240
2012-04-01,Salta,comercio,51654.5840
2012-04-01,Salta,hogares,53868.9250
2012-04-01,Salta,industria,15226.3450
2012-04-01,San Juan,comercio,40525.0850
2012-04-01,San Juan,hogares,50396.5700
2012-04-01,San Juan,industria,46628.6340
2012-04-01,San Luis,comercio,32394.1070
2012-04-01,San Luis,hogares,32710.7270
2012-04-01,San Luis,industria,49082.9250
2012-04-01,Santa Cruz,comercio,7776.4150
2012-04-01,Santa Cruz,hogares,6735.0020
2012-04-01,Santa Cruz,industria,33141.3890
2012-04-01,Santa Fe,comercio,227900.6930
2012-04-01,Santa Fe,hogares,277302.1450
2012-04-01,Santa Fe,industria,439108.0500
2012-04-01,Santiago del Estero,comercio,26033.5950
2012-04-01,Santiago del Estero,hogares,44827.7600
2012-04-01,Santiago del Estero,industria,8401.0130
2012-04-01,Tucumán,comercio,59659.4090
2012-04-01,Tucumán,hogares,88185.5180
2012-04-01,Tucumán,industria,47278.3770
2012-05-01,Buenos Aires y CABA,comercio,1407576.0680
2012-05-01,Buenos Aires y CABA,hogares,1965647.9870
2012-05-01,Buenos Aires y CABA,industria,1560691.8230
2012-05-01,Catamarca,comercio,23005.1520
2012-05-01,Catamarca,hogares,29556.4120
2012-05-01,Catamarca,industria,101029.0540
2012-05-01,Chaco,comercio,48340.8570
2012-05-01,Chaco,hogares,80535.8810
2012-05-01,Chaco,industria,18418.0670
2012-05-01,Chubut,comercio,38664.0550
2012-05-01,Chubut,hogares,38481.2290
2012-05-01,Chubut,industria,206847.7150
2012-05-01,Corrientes,comercio,44136.5860
2012-05-01,Corrientes,hogares,91576.6370
2012-05-01,Corrientes,industria,23572.0620
2012-05-01,Córdoba,comercio,246966.9990
2012-05-01,Córdoba,hogares,278379.4630
2012-05-01,Córdoba,industria,192733.5040
2012-05-01,Entre Ríos,comercio,89244.0250
2012-05-01,Entre Ríos,hogares,92075.8190
2012-05-01,Entre Ríos,industria,67953.4540
2012-05-01,Formosa,comercio,21179.4930
2012-05-01,Formosa,hogares,47296.0250
2012-05-01,Formosa,industria,4929.6110
2012-05-01,Jujuy,comercio,22278.2090
2012-05-01,Jujuy,hogares,31008.7660
2012-05-01,Jujuy,industria,20810.2610
2012-05-01,La Pampa,comercio,30749.7920
2012-05-01,La Pampa,hogares,26073.0430
2012-05-01,La Pampa,industria,7348.0770
2012-05-01,La Rioja,comercio,31112.7300
2012-05-01,La Rioja,hogares,32392.6460
2012-05-01,La Rioja,industria,22632.9720
2012-05-01,Mendoza,comercio,143538.7830
2012-05-01,Mendoza,hogares,132461.2740
2012-05-01,Mendoza,industria,169039.7560
2012-05-01,Misiones,comercio,48937.0470
2012-05-01,Misiones,hogares,75175.4850
2012-05-01,Misiones,industria,21508.7910
2012-05-01,Neuquén,comercio,47899.2160
2012-05-01,Neuquén,hogares,44358.2030
2012-05-01,Neuquén,industria,113931.1340
2012-05-01,Río Negro,comercio,58179.6430
2012-05-01,Río Negro,hogares,48539.8770
2012-05-01,Río Negro,industria,54836.1070
2012-05-01,Salta,comercio,52424.0870
2012-05-01,Salta,hogares,60026.0570
2012-05-01,Salta,industria,16506.1730
2012-05-01,San Juan,comercio,35967.6330
2012-05-01,San Juan,hogares,61925.5330
2012-05-01,San Juan,industria,38415.6050
2012-05-01,San Luis,comercio,31413.0540
2012-05-01,San Luis,hogares,38813.4500
2012-05-01,San Luis,industria,52557.6500
2012-05-01,Santa Cruz,comercio,13012.8940
2012-05-01,Santa Cruz,hogares,9219.1780
2012-05-01,Santa Cruz,industria,31170.8050
2012-05-01,Santa Fe,comercio,238827.4440
2012-05-01,Santa Fe,hogares,297532.0970
2012-05-01,Santa Fe,industria,436963.5430
2012-05-01,Santiago del Estero,comercio,26604.2080
2012-05-01,Santiago del Estero,hogares,41463.2860
2012-05-01,Santiago del Estero,industria,11852.6640
2012-05-01,Tucumán,comercio,63252.7480
2012-05-01,Tucumán,hogares,83991.0820
2012-05-01,Tucumán,industria,53683.0350
2012-06-01,Buenos Aires y CABA,comercio,1457433.9430
2012-06-01,Buenos Aires y CABA,hogares,2432914.5020
2012-06-01,Buenos Aires y CABA,industria,1567898.1200
2012-06-01,Catamarca,comercio,24573.5490
2012-06-01,Catamarca,hogares,39378.2910
2012-06-01,Catamarca,industria,101436.5940
2012-06-01,Chaco,comercio,47628.9380
2012-06-01,Chaco,hogares,85490.4400
2012-06-01,Chaco,industria,18207.4140
2012-06-01,Chubut,comercio,41434.7670
2012-06-01,Chubut,hogares,39449.9980
2012-06-01,Chubut,industria,227296.5540
2012-06-01,Corrientes,comercio,52371.7700
2012-06-01,Corrientes,hogares,93327.3950
2012-06-01,Corrientes,industria,26422.6840
2012-06-01,Córdoba,comercio,258681.7180
2012-06-01,Córdoba,hogares,312587.3040
2012-06-01,Córdoba,industria,184439.0390
2012-06-01,Entre Ríos,comercio,85194.7170
2012-06-01,Entre Ríos,hogares,114057.3500
2012-06-01,Entre Ríos,industria,64381.3690
2012-06-01,Formosa,comercio,23096.2230
2012-06-01,Formosa,hogares,45499.3790
2012-06-01,Formosa,industria,3779.3330
2012-06-01,Jujuy,comercio,22982.3590
2012-06-01,Jujuy,hogares,33691.9600
2012-06-01,Jujuy,industria,19443.9510
2012-06-01,La Pampa,comercio,31269.3210
2012-06-01,La Pampa,hogares,27039.3010
2012-06-01,La Pampa,industria,7194.4100
2012-06-01,La Rioja,comercio,28878.3810
2012-06-01,La Rioja,hogares,44309.0290
2012-06-01,La Rioja,industria,21261.6960
2012-06-01,Mendoza,comercio,137681.3690
2012-06-01,Mendoza,hogares,153287.4160
2012-06-01,Mendoza,industria,158657.8270
2012-06-01,Misiones,comercio,46966.8140
2012-06-01,Misiones,hogares,75836.2160
2012-06-01,Misiones,industria,19675.0810
2012-06-01,Neuquén,comercio,48872.8490
2012-06-01,Neuquén,hogares,46368.0730
2012-06-01,Neuquén,industria,82818.4720
2012-06-01,Río Negro,comercio,55691.0930
2012-06-01,Río Negro,hogares,49073.2130
2012-06-01,Río Negro,industria,49493.5060
2012-06-01,Salta,comercio,53097.2770
2012-06-01,Salta,hogares,69612.4220
2012-06-01,Salta,industria,14383.3870
2012-06-01,San Juan,comercio,37548.0420
2012-06-01,San Juan,hogares,74855.5990
2012-06-01,San Juan,industria,29474.5850
2012-06-01,San Luis,comercio,33120.6520
2012-06-01,San Luis,hogares,46567.0530
2012-06-01,San Luis,industria,50191.5770
2012-06-01,Santa Cruz,comercio,12163.4840
2012-06-01,Santa Cruz,hogares,11388.0580
2012-06-01,Santa Cruz,industria,28964.8690
2012-06-01,Santa Fe,comercio,246912.0980
2012-06-01,Santa Fe,hogares,341557.9610
2012-06-01,Santa Fe,industria,430014.6750
2012-06-01,Santiago del Estero,comercio,26718.8610
2012-06-01,Santiago del Estero,hogares,48298.9720
2012-06-01,Santiago del Estero,industria,12224.4660
2012-06-01,Tucumán,comercio,60615.2270
2012-06-01,Tucumán,hogares,102700.3040
2012-06-01,Tucumán,industria,54299.1020
2012-07-01,Buenos Aires y CABA,comercio,1528796.7990
2012-07-01,Buenos Aires y CABA,hogares,2854468.1900
2012-07-01,Buenos Aires y CABA,industria,1574427.0830
2012-07-01,Catamarca,comercio,22310.4070
2012-07-01,Catamarca,hogares,50090.6160
2012-07-01,Catamarca,industria,94655.2240
2012-07-01,Chaco,comercio,47701.8320
2012-07-01,Chaco,hogares,94305.5350
2012-07-01,Chaco,industria,19231.6900
2012-07-01,Chubut,comercio,40556.5880
2012-07-01,Chubut,hogares,42679.0390
2012-07-01,Chubut,industria,237769.1180
2012-07-01,Corrientes,comercio,54179.5800
2012-07-01,Corrientes,hogares,105302.7310
2012-07-01,Corrientes,industria,27594.0330
2012-07-01,Córdoba,comercio,260965.3720
2012-07-01,Córdoba,hogares,369991.5810
2012-07-01,Córdoba,industria,187991.2590
2012-07-01,Entre Ríos,comercio,93558.5570
2012-07-01,Entre Ríos,hogares,126911.7650
2012-07-01,Entre Ríos,industria,67401.4940
2012-07-01,Formosa,comercio,24331.8760
2012-07-01,Formosa,hogares,47564.5980
2012-07-01,Formosa,industria,4047.2340
2012-07-01,Jujuy,comercio,25196.7140
2012-07-01,Jujuy,hogares,37527.2090
2012-07-01,Jujuy,industria,16471.9130
2012-07-01,La Pampa,comercio,32192.0390
2012-07-01,La Pampa,hogares,27753.1470
2012-07-01,La Pampa,industria,7030.7680
2012-07-01,La Rioja,comercio,31259.6870
2012-07-01,La Rioja,hogares,50494.8750
2012-07-01,La Rioja,industria,22430.3190
2012-07-01,Mendoza,comercio,139621.4930
2012-07-01,Mendoza,hogares,163740.0210
2012-07-01,Mendoza,industria,164984.5570
2012-07-01,Misiones,comercio,47946.8960
2012-07-01,Misiones,hogares,83661.5320
2012-07-01,Misiones,industria,19909.0420
2012-07-01,Neuquén,comercio,44877.4970
2012-07-01,Neuquén,hogares,52811.8290
2012-07-01,Neuquén,industria,76883.3210
2012-07-01,Río Negro,comercio,59499.4340
2012-07-01,Río Negro,hogares,51533.6850
2012-07-01,Río Negro,industria,46676.6250
2012-07-01,Salta,comercio,56669.4810
2012-07-01,Salta,hogares,81402.2100
2012-07-01,Salta,industria,12473.1560
2012-07-01,San Juan,comercio,40515.0450
2012-07-01,San Juan,hogares,84558.6700
2012-07-01,San Juan,industria,31528.7440
2012-07-01,San Luis,comercio,35809.5370
2012-07-01,San Luis,hogares,50889.9650
2012-07-01,San Luis,industria,51378.1900
2012-07-01,Santa Cruz,comercio,13850.2530
2012-07-01,Santa Cruz,hogares,10355.3980
2012-07-01,Santa Cruz,industria,28157.5020
2012-07-01,Santa Fe,comercio,260887.2880
2012-07-01,Santa Fe,hogares,398413.0230
2012-07-01,Santa Fe,industria,396254.0520
2012-07-01,Santiago del Estero,comercio,30030.2890
2012-07-01,Santiago del Estero,hogares,55279.4560
2012-07-01,Santiago del Estero,industria,10153.6800
2012-07-01,Tucumán,comercio,70845.5890
2012-07-01,Tucumán,hogares,110685.8590
2012-07-01,Tucumán,industria,57058.5950
2012-08-01,Buenos Aires y CABA,comercio,1437823.1610
2012-08-01,Buenos Aires y CABA,hogares,2534221.8460
2012-08-01,Buenos Aires y CABA,industria,1573400.8150
2012-08-01,Catamarca,comercio,22236.7240
2012-08-01,Catamarca,hogares,37985.9890
2012-08-01,Catamarca,industria,104304.1620
2012-08-01,Chaco,comercio,46943.6360
2012-08-01,Chaco,hogares,86043.7530
2012-08-01,Chaco,industria,14089.8720
2012-08-01,Chubut,comercio,41353.1570
2012-08-01,Chubut,hogares,40267.7500
2012-08-01,Chubut,industria,230404.1630
2012-08-01,Corrientes,comercio,39276.4530
2012-08-01,Corrientes,hogares,101109.6810
2012-08-01,Corrientes,industria,29074.2960
2012-08-01,Córdoba,comercio,263315.1590
2012-08-01,Córdoba,hogares,303293.6520
2012-08-01,Córdoba,industria,191242.8530
2012-08-01,Entre Ríos,comercio,89086.7850
2012-08-01,Entre Ríos,hogares,103522.8350
2012-08-01,Entre Ríos,industria,67268.8070
2012-08-01,Formosa,comercio,24102.4060
2012-08-01,Formosa,hogares,44688.0290
2012-08-01,Formosa,industria,4471.5360
2012-08-01,Jujuy,comercio,24241.3190
2012-08-01,Jujuy,hogares,33192.7760
2012-08-01,Jujuy,industria,17533.3730
2012-08-01,La Pampa,comercio,31234.8070
2012-08-01,La Pampa,hogares,26891.1150
2012-08-01,La Pampa,industria,7154.1490
2012-08-01,La Rioja,comercio,36328.0500
2012-08-01,La Rioja,hogares,40511.3160
2012-08-01,La Rioja,industria,24544.0220
2012-08-01,Mendoza,comercio,154825.7410
2012-08-01,Mendoza,hogares,148573.4310
2012-08-01,Mendoza,industria,166925.9950
2012-08-01,Misiones,comercio,47632.2210
2012-08-01,Misiones,hogares,78306.5890
2012-08-01,Misiones,industria,19760.2160
2012-08-01,Neuquén,comercio,48052.1740
2012-08-01,Neuquén,hogares,47932.8910
2012-08-01,Neuquén,industria,94728.7580
2012-08-01,Río Negro,comercio,57599.8020
2012-08-01,Río Negro,hogares,50530.5770
2012-08-01,Río Negro,industria,45639.1580
2012-08-01,Salta,comercio,57551.7660
2012-08-01,Salta,hogares,68817.9810
2012-08-01,Salta,industria,13199.2950
2012-08-01,San Juan,comercio,41908.2050
2012-08-01,San Juan,hogares,74450.4120
2012-08-01,San Juan,industria,40476.3120
2012-08-01,San Luis,comercio,37277.2580
2012-08-01,San Luis,hogares,45603.0970
2012-08-01,San Luis,industria,52477.3250
2012-08-01,Santa Cruz,comercio,11083.2000
2012-08-01,Santa Cruz,hogares,9610.9730
2012-08-01,Santa Cruz,industria,30282.3070
2012-08-01,Santa Fe,comercio,245616.4640
2012-08-01,Santa Fe,hogares,337618.5330
2012-08-01,Santa Fe,industria,407376.1850
2012-08-01,Santiago del Estero,comercio,26808.0430
2012-08-01,Santiago del Estero,hogares,45473.9900
2012-08-01,Santiago del Estero,industria,11475.2750
2012-08-01,Tucumán,comercio,64993.6370
2012-08-01,Tucumán,hogares,93838.8700
2012-08-01,Tucumán,industria,56515.6970
2012-09-01,Buenos Aires y CABA,comercio,1330193.4230
2012-09-01,Buenos Aires y CABA,hogares,1936869.2200
2012-09-01,Buenos Aires y CABA,industria,1558478.0570
2012-09-01,Catamarca,comercio,19424.3360
2012-09-01,Catamarca,hogares,32100.4860
2012-09-01,Catamarca,industria,101955.6970
2012-09-01,Chaco,comercio,48903.7120
2012-09-01,Chaco,hogares,88942.7270
2012-09-01,Chaco,industria,12861.1980
2012-09-01,Chubut,comercio,42191.6830
2012-09-01,Chubut,hogares,38468.1850
2012-09-01,Chubut,industria,218579.5470
2012-09-01,Corrientes,comercio,45789.2030
2012-09-01,Corrientes,hogares,94245.9390
2012-09-01,Corrientes,industria,26992.6790
2012-09-01,Córdoba,comercio,240587.7020
2012-09-01,Córdoba,hogares,247026.3660
2012-09-01,Córdoba,industria,188363.4990
2012-09-01,Entre Ríos,comercio,85356.5950
2012-09-01,Entre Ríos,hogares,84685.4380
2012-09-01,Entre Ríos,industria,64429.1460
2012-09-01,Formosa,comercio,25634.3710
2012-09-01,Formosa,hogares,47729.8590
2012-09-01,Formosa,industria,4467.1980
2012-09-01,Jujuy,comercio,25087.6690
2012-09-01,Jujuy,hogares,30604.7430
2012-09-01,Jujuy,industria,18345.7230
2012-09-01,La Pampa,comercio,28768.8250
2012-09-01,La Pampa,hogares,23872.2950
2012-09-01,La Pampa,industria,6804.6740
2012-09-01,La Rioja,comercio,39127.3160
2012-09-01,La Rioja,hogares,31401.4200
2012-09-01,La Rioja,industria,25363.2040
2012-09-01,Mendoza,comercio,154962.2970
2012-09-01,Mendoza,hogares,119889.3990
2012-09-01,Mendoza,industria,161838.7110
2012-09-01,Misiones,comercio,50080.6770
2012-09-01,Misiones,hogares,73922.8040
2012-09-01,Misiones,industria,18783.2170
2012-09-01,Neuquén,comercio,41780.8400
2012-09-01,Neuquén,hogares,43764.0850
2012-09-01,Neuquén,industria,97185.8240
2012-09-01,Río Negro,comercio,53024.7940
2012-09-01,Río Negro,hogares,44885.0150
2012-09-01,Río Negro,industria,41947.5200
2012-09-01,Salta,comercio,56253.3800
2012-09-01,Salta,hogares,63270.8320
2012-09-01,Salta,industria,11362.9340
2012-09-01,San Juan,comercio,40179.8570
2012-09-01,San Juan,hogares,54676.5390
2012-09-01,San Juan,industria,37997.3310
2012-09-01,San Luis,comercio,32950.0500
2012-09-01,San Luis,hogares,36612.4100
2012-09-01,San Luis,industria,50267.8660
2012-09-01,Santa Cruz,comercio,11737.1740
2012-09-01,Santa Cruz,hogares,10558.1350
2012-09-01,Santa Cruz,industria,29990.1990
2012-09-01,Santa Fe,comercio,222430.3500
2012-09-01,Santa Fe,hogares,277857.2770
2012-09-01,Santa Fe,industria,404158.8540
2012-09-01,Santiago del Estero,comercio,27562.2410
2012-09-01,Santiago del Estero,hogares,43399.0410
2012-09-01,Santiago del Estero,industria,10324.1260
2012-09-01,Tucumán,comercio,60768.3260
2012-09-01,Tucumán,hogares,87562.9750
2012-09-01,Tucumán,industria,51254.2810
2012-10-01,Buenos Aires y CABA,comercio,1347798.5830
2012-10-01,Buenos Aires y CABA,hogares,1822782.6470
2012-10-01,Buenos Aires y CABA,industria,1625408.5180
2012-10-01,Catamarca,comercio,23692.0880
2012-10-01,Catamarca,hogares,34916.2360
2012-10-01,Catamarca,industria,102120.8120
2012-10-01,Chaco,comercio,55504.0080
2012-10-01,Chaco,hogares,112088.8190
2012-10-01,Chaco,industria,12604.9910
2012-10-01,Chubut,comercio,43390.8540
2012-10-01,Chubut,hogares,37323.6310
2012-10-01,Chubut,industria,236365.4520
2012-10-01,Corrientes,comercio,43483.3830
2012-10-01,Corrientes,hogares,113197.8670
2012-10-01,Corrientes,industria,26932.2170
2012-10-01,Córdoba,comercio,250931.3940
2012-10-01,Córdoba,hogares,253416.0550
2012-10-01,Córdoba,industria,203199.0750
2012-10-01,Entre Ríos,comercio,83914.3950
2012-10-01,Entre Ríos,hogares,95022.5420
2012-10-01,Entre Ríos,industria,67173.6410
2012-10-01,Formosa,comercio,30564.3640
2012-10-01,Formosa,hogares,59846.2300
2012-10-01,Formosa,industria,5339.7820
2012-10-01,Jujuy,comercio,27823.3180
2012-10-01,Jujuy,hogares,35482.4840
2012-10-01,Jujuy,industria,21236.3670
2012-10-01,La Pampa,comercio,29064.6020
2012-10-01,La Pampa,hogares,25074.2860
2012-10-01,La Pampa,industria,6946.6080
2012-10-01,La Rioja,comercio,44859.4220
2012-10-01,La Rioja,hogares,35958.0050
2012-10-01,La Rioja,industria,28619.5290
2012-10-01,Mendoza,comercio,175595.2050
2012-10-01,Mendoza,hogares,116052.2490
2012-10-01,Mendoza,industria,167946.3590
2012-10-01,Misiones,comercio,47189.3960
2012-10-01,Misiones,hogares,83981.9200
2012-10-01,Misiones,industria,19474.6620
2012-10-01,Neuquén,comercio,41863.5570
2012-10-01,Neuquén,hogares,45445.2390
2012-10-01,Neuquén,industria,109255.5520
2012-10-01,Río Negro,comercio,53119.3300
2012-10-01,Río Negro,hogares,44676.9310
2012-10-01,Río Negro,industria,42880.7240
2012-10-01,Salta,comercio,63486.7060
2012-10-01,Salta,hogares,74941.2720
2012-10-01,Salta,industria,12369.5770
2012-10-01,San Juan,comercio,46829.5420
2012-10-01,San Juan,hogares,53579.8170
2012-10-01,San Juan,industria,47023.7630
2012-10-01,San Luis,comercio,34406.7670
2012-10-01,San Luis,hogares,32245.2100
2012-10-01,San Luis,industria,53789.7300
2012-10-01,Santa Cruz,comercio,12529.4930
2012-10-01,Santa Cruz,hogares,10462.5200
2012-10-01,Santa Cruz,industria,32679.4840
2012-10-01,Santa Fe,comercio,228593.4950
2012-10-01,Santa Fe,hogares,289071.5260
2012-10-01,Santa Fe,industria,405886.6260
2012-10-01,Santiago del Estero,comercio,30358.3510
2012-10-01,Santiago del Estero,hogares,54202.6360
2012-10-01,Santiago del Estero,industria,10154.6350
2012-10-01,Tucumán,comercio,70307.2170
2012-10-01,Tucumán,hogares,102299.2970
2012-10-01,Tucumán,industria,53475.1470
2012-11-01,Buenos Aires y CABA,comercio,1444691.0690
2012-11-01,Buenos Aires y CABA,hogares,1854846.6500
2012-11-01,Buenos Aires y CABA,industria,1633386.1130
2012-11-01,Catamarca,comercio,27605.3840
2012-11-01,Catamarca,hogares,35365.6340
2012-11-01,Catamarca,industria,97939.9990
2012-11-01,Chaco,comercio,60451.3250
2012-11-01,Chaco,hogares,122481.2230
2012-11-01,Chaco,industria,13577.9820
2012-11-01,Chubut,comercio,41679.2210
2012-11-01,Chubut,hogares,26129.8940
2012-11-01,Chubut,industria,242980.0980
2012-11-01,Corrientes,comercio,60084.8710
2012-11-01,Corrientes,hogares,121820.5900
2012-11-01,Corrientes,industria,28097.8860
2012-11-01,Córdoba,comercio,252219.9920
2012-11-01,Córdoba,hogares,285764.7900
2012-11-01,Córdoba,industria,206078.4890
2012-11-01,Entre Ríos,comercio,93043.6330
2012-11-01,Entre Ríos,hogares,113421.6040
2012-11-01,Entre Ríos,industria,68699.9330
2012-11-01,Formosa,comercio,33175.7140
2012-11-01,Formosa,hogares,64116.6910
2012-11-01,Formosa,industria,5211.5190
2012-11-01,Jujuy,comercio,27786.5060
2012-11-01,Jujuy,hogares,34738.5810
2012-11-01,Jujuy,industria,20901.6870
2012-11-01,La Pampa,comercio,30396.7130
2012-11-01,La Pampa,hogares,28177.7160
2012-11-01,La Pampa,industria,7390.9290
2012-11-01,La Rioja,comercio,48318.0560
2012-11-01,La Rioja,hogares,44350.9650
2012-11-01,La Rioja,industria,29251.4760
2012-11-01,Mendoza,comercio,186375.1440
2012-11-01,Mendoza,hogares,128149.4630
2012-11-01,Mendoza,industria,161748.6190
2012-11-01,Misiones,comercio,52338.8120
2012-11-01,Misiones,hogares,95187.2820
2012-11-01,Misiones,industria,20368.3580
2012-11-01,Neuquén,comercio,41712.4730
2012-11-01,Neuquén,hogares,41656.6230
2012-11-01,Neuquén,industria,112488.8620
2012-11-01,Río Negro,comercio,52434.5090
2012-11-01,Río Negro,hogares,42944.1000
2012-11-01,Río Negro,industria,39323.4670
2012-11-01,Salta,comercio,61291.5890
2012-11-01,Salta,hogares,73954.0320
2012-11-01,Salta,industria,12154.3520
2012-11-01,San Juan,comercio,52412.9100
2012-11-01,San Juan,hogares,71816.1170
2012-11-01,San Juan,industria,46701.0270
2012-11-01,San Luis,comercio,34684.0630
2012-11-01,San Luis,hogares,32587.3790
2012-11-01,San Luis,industria,54707.2780
2012-11-01,Santa Cruz,comercio,10452.5910
2012-11-01,Santa Cruz,hogares,9513.3310
2012-11-01,Santa Cruz,industria,31135.3990
2012-11-01,Santa Fe,comercio,246304.7200
2012-11-01,Santa Fe,hogares,343929.6350
2012-11-01,Santa Fe,industria,407596.0140
2012-11-01,Santiago del Estero,comercio,34185.3560
2012-11-01,Santiago del Estero,hogares,68185.1680
2012-11-01,Santiago del Estero,industria,10687.3620
2012-11-01,Tucumán,comercio,72415.2400
2012-11-01,Tucumán,hogares,120653.2810
2012-11-01,Tucumán,industria,53463.2280
2012-12-01,Buenos Aires y CABA,comercio,1649077.2300
2012-12-01,Buenos Aires y CABA,hogares,2009784.4360
2012-12-01,Buenos Aires y CABA,industria,1648424.6990
2012-12-01,Catamarca,comercio,28121.5060
2012-12-01,Catamarca,hogares,50370.6390
2012-12-01,Catamarca,industria,99621.2480
2012-12-01,Chaco,comercio,68704.8570
2012-12-01,Chaco,hogares,164824.7950
2012-12-01,Chaco,industria,13542.1580
2012-12-01,Chubut,comercio,37960.5870
2012-12-01,Chubut,hogares,30828.0300
2012-12-01,Chubut,industria,247116.1610
2012-12-01,Corrientes,comercio,54879.0340
2012-12-01,Corrientes,hogares,159042.9440
2012-12-01,Corrientes,industria,27726.3660
2012-12-01,Córdoba,comercio,274522.3360
2012-12-01,Córdoba,hogares,318697.6890
2012-12-01,Córdoba,industria,194289.4420
2012-12-01,Entre Ríos,comercio,97797.6330
2012-12-01,Entre Ríos,hogares,134815.9180
2012-12-01,Entre Ríos,industria,67158.8830
2012-12-01,Formosa,comercio,41322.4580
2012-12-01,Formosa,hogares,82626.0420
2012-12-01,Formosa,industria,5576.7310
2012-12-01,Jujuy,comercio,32034.9820
2012-12-01,Jujuy,hogares,39905.0130
2012-12-01,Jujuy,industria,19653.1050
2012-12-01,La Pampa,comercio,32857.7440
2012-12-01,La Pampa,hogares,31127.6280
2012-12-01,La Pampa,industria,7334.5200
2012-12-01,La Rioja,comercio,52385.0600
2012-12-01,La Rioja,hogares,57163.3180
2012-12-01,La Rioja,industria,26981.7790
2012-12-01,Mendoza,comercio,213531.2240
2012-12-01,Mendoza,hogares,153290.2370
2012-12-01,Mendoza,industria,169696.7500
2012-12-01,Misiones,comercio,55952.8410
2012-12-01,Misiones,hogares,103663.2320
2012-12-01,Misiones,industria,20167.8870
2012-12-01,Neuquén,comercio,40732.9000
2012-12-01,Neuquén,hogares,40441.8560
2012-12-01,Neuquén,industria,116024.6180
2012-12-01,Río Negro,comercio,54539.3500
2012-12-01,Río Negro,hogares,44412.9190
2012-12-01,Río Negro,industria,39012.0750
2012-12-01,Salta,comercio,67430.4590
2012-12-01,Salta,hogares,79788.9070
2012-12-01,Salta,industria,12462.5520
2012-12-01,San Juan,comercio,57788.0680
2012-12-01,San Juan,hogares,96218.1780
2012-12-01,San Juan,industria,44707.4650
2012-12-01,San Luis,comercio,35936.2690
2012-12-01,San Luis,hogares,41544.9620
2012-12-01,San Luis,industria,54013.6390
2012-12-01,Santa Cruz,comercio,10573.7100
2012-12-01,Santa Cruz,hogares,9707.3400
2012-12-01,Santa Cruz,industria,29535.1250
2012-12-01,Santa Fe,comercio,248633.9300
2012-12-01,Santa Fe,hogares,407938.6620
2012-12-01,Santa Fe,industria,369815.8800
2012-12-01,Santiago del Estero,comercio,35776.2670
2012-12-01,Santiago del Estero,hogares,86995.8540
2012-12-01,Santiago del Estero,industria,10356.3760
2012-12-01,Tucumán,comercio,75709.1310
2012-12-01,Tucumán,hogares,142281.7830
2012-12-01,Tucumán,industria,45783.8880
2013-01-01,Buenos Aires y CABA,comercio,1657104.0710
2013-01-01,Buenos Aires y CABA,hogares,2149943.6200
2013-01-01,Buenos Aires y CABA,industria,1674587.4920
2013-01-01,Catamarca,comercio,27610.4510
2013-01-01,Catamarca,hogares,46916.3600
2013-01-01,Catamarca,industria,95386.1360
2013-01-01,Chaco,comercio,64562.2140
2013-01-01,Chaco,hogares,160993.0450
2013-01-01,Chaco,industria,12463.2470
2013-01-01,Chubut,comercio,39159.4670
2013-01-01,Chubut,hogares,35379.0120
2013-01-01,Chubut,industria,271112.3870
2013-01-01,Corrientes,comercio,51715.1340
2013-01-01,Corrientes,hogares,161114.2600
2013-01-01,Corrientes,industria,27927.0210
2013-01-01,Córdoba,comercio,285024.6000
2013-01-01,Córdoba,hogares,342461.6860
2013-01-01,Córdoba,industria,191345.8960
2013-01-01,Entre Ríos,comercio,114150.6710
2013-01-01,Entre Ríos,hogares,145514.6280
2013-01-01,Entre Ríos,industria,70569.9700
2013-01-01,Formosa,comercio,39110.4730
2013-01-01,Formosa,hogares,79307.4220
2013-01-01,Formosa,industria,5587.2120
2013-01-01,Jujuy,comercio,31937.2150
2013-01-01,Jujuy,hogares,37488.4910
2013-01-01,Jujuy,industria,19392.8700
2013-01-01,La Pampa,comercio,35741.7490
2013-01-01,La Pampa,hogares,37800.0480
2013-01-01,La Pampa,industria,7999.0270
2013-01-01,La Rioja,comercio,49353.0590
2013-01-01,La Rioja,hogares,52491.4620
2013-01-01,La Rioja,industria,28022.1770
2013-01-01,Mendoza,comercio,207837.2030
2013-01-01,Mendoza,hogares,166210.9220
2013-01-01,Mendoza,industria,166614.2060
2013-01-01,Misiones,comercio,54051.5940
2013-01-01,Misiones,hogares,101405.4260
2013-01-01,Misiones,industria,18952.5740
2013-01-01,Neuquén,comercio,46434.1970
2013-01-01,Neuquén,hogares,52742.3630
2013-01-01,Neuquén,industria,100230.0140
2013-01-01,Río Negro,comercio,62673.4360
2013-01-01,Río Negro,hogares,55263.2190
2013-01-01,Río Negro,industria,48996.1440
2013-01-01,Salta,comercio,67397.7850
2013-01-01,Salta,hogares,74531.3970
2013-01-01,Salta,industria,12445.9460
2013-01-01,San Juan,comercio,54680.3320
2013-01-01,San Juan,hogares,96123.9490
2013-01-01,San Juan,industria,48036.1960
2013-01-01,San Luis,comercio,40789.5490
2013-01-01,San Luis,hogares,42676.7970
2013-01-01,San Luis,industria,55677.6040
2013-01-01,Santa Cruz,comercio,11349.4710
2013-01-01,Santa Cruz,hogares,9789.8240
2013-01-01,Santa Cruz,industria,30614.7750
2013-01-01,Santa Fe,comercio,264610.7750
2013-01-01,Santa Fe,hogares,448837.9650
2013-01-01,Santa Fe,industria,340081.2910
2013-01-01,Santiago del Estero,comercio,37782.4890
2013-01-01,Santiago del Estero,hogares,92847.6730
2013-01-01,Santiago del Estero,industria,10420.7540
2013-01-01,Tucumán,comercio,76224.7970
2013-01-01,Tucumán,hogares,141566.0610
2013-01-01,Tucumán,industria,46950.0440
2013-02-01,Buenos Aires y CABA,comercio,1319591.8830
2013-02-01,Buenos Aires y CABA,hogares,1964473.4540
2013-02-01,Buenos Aires y CABA,industria,1507674.4350
2013-02-01,Catamarca,comercio,27470.2240
2013-02-01,Catamarca,hogares,37731.9030
2013-02-01,Catamarca,industria,91523.2030
2013-02-01,Chaco,comercio,59354.0310
2013-02-01,Chaco,hogares,135090.3260
2013-02-01,Chaco,industria,12573.3520
2013-02-01,Chubut,comercio,39118.6900
2013-02-01,Chubut,hogares,33088.9680
2013-02-01,Chubut,industria,243153.9540
2013-02-01,Corrientes,comercio,47085.7790
2013-02-01,Corrientes,hogares,144969.9020
2013-02-01,Corrientes,industria,29577.6670
2013-02-01,Córdoba,comercio,257022.3700
2013-02-01,Córdoba,hogares,271788.6250
2013-02-01,Córdoba,industria,180737.7970
2013-02-01,Entre Ríos,comercio,103619.4640
2013-02-01,Entre Ríos,hogares,116420.7670
2013-02-01,Entre Ríos,industria,63330.6190
2013-02-01,Formosa,comercio,32557.5390
2013-02-01,Formosa,hogares,73250.8590
2013-02-01,Formosa,industria,5196.8060
2013-02-01,Jujuy,comercio,28826.7930
2013-02-01,Jujuy,hogares,33663.8910
2013-02-01,Jujuy,industria,15016.6430
2013-02-01,La Pampa,comercio,30527.0350
2013-02-01,La Pampa,hogares,31592.2570
2013-02-01,La Pampa,industria,7772.6550
2013-02-01,La Rioja,comercio,44779.1690
2013-02-01,La Rioja,hogares,49005.3800
2013-02-01,La Rioja,industria,25612.5480
2013-02-01,Mendoza,comercio,185414.7260
2013-02-01,Mendoza,hogares,141728.5440
2013-02-01,Mendoza,industria,161210.4710
2013-02-01,Misiones,comercio,54423.2630
2013-02-01,Misiones,hogares,91380.7560
2013-02-01,Misiones,industria,19385.3130
2013-02-01,Neuquén,comercio,39370.0680
2013-02-01,Neuquén,hogares,42916.7850
2013-02-01,Neuquén,industria,75034.9620
2013-02-01,Río Negro,comercio,60798.0660
2013-02-01,Río Negro,hogares,46039.6940
2013-02-01,Río Negro,industria,61518.3530
2013-02-01,Salta,comercio,61570.1890
2013-02-01,Salta,hogares,64052.7950
2013-02-01,Salta,industria,12192.3520
2013-02-01,San Juan,comercio,51914.8150
2013-02-01,San Juan,hogares,87170.9150
2013-02-01,San Juan,industria,41483.9290
2013-02-01,San Luis,comercio,33958.6390
2013-02-01,San Luis,hogares,38399.4150
2013-02-01,San Luis,industria,50375.5150
2013-02-01,Santa Cruz,comercio,10034.1440
2013-02-01,Santa Cruz,hogares,9668.7550
2013-02-01,Santa Cruz,industria,26622.6150
2013-02-01,Santa Fe,comercio,231272.6720
2013-02-01,Santa Fe,hogares,349697.5120
2013-02-01,Santa Fe,industria,369553.4340
2013-02-01,Santiago del Estero,comercio,30435.0690
2013-02-01,Santiago del Estero,hogares,75423.3920
2013-02-01,Santiago del Estero,industria,9335.4220
2013-02-01,Tucumán,comercio,71118.5840
2013-02-01,Tucumán,hogares,124131.2240
2013-02-01,Tucumán,industria,43328.6310
2013-03-01,Buenos Aires y CABA,comercio,1381186.4390
2013-03-01,Buenos Aires y CABA,hogares,1805756.6210
2013-03-01,Buenos Aires y CABA,industria,1596237.6090
2013-03-01,Catamarca,comercio,22718.5090
2013-03-01,Catamarca,hogares,41498.0160
2013-03-01,Catamarca,industria,99270.2740
2013-03-01,Chaco,comercio,54637.8100
2013-03-01,Chaco,hogares,111294.4340
2013-03-01,Chaco,industria,13722.6520
2013-03-01,Chubut,comercio,42422.9730
2013-03-01,Chubut,hogares,39248.7880
2013-03-01,Chubut,industria,249905.2860
2013-03-01,Corrientes,comercio,44474.7760
2013-03-01,Corrientes,hogares,112639.5360
2013-03-01,Corrientes,industria,32076.0880
2013-03-01,Córdoba,comercio,259120.5230
2013-03-01,Córdoba,hogares,272613.7280
2013-03-01,Córdoba,industria,199664.3730
2013-03-01,Entre Ríos,comercio,96592.5730
2013-03-01,Entre Ríos,hogares,97948.3850
2013-03-01,Entre Ríos,industria,69179.0710
2013-03-01,Formosa,comercio,27889.5200
2013-03-01,Formosa,hogares,61866.1600
2013-03-01,Formosa,industria,5549.7930
2013-03-01,Jujuy,comercio,25622.1940
2013-03-01,Jujuy,hogares,34727.4450
2013-03-01,Jujuy,industria,19470.5240
2013-03-01,La Pampa,comercio,29991.2670
2013-03-01,La Pampa,hogares,26888.0140
2013-03-01,La Pampa,industria,7858.4610
2013-03-01,La Rioja,comercio,45184.4770
2013-03-01,La Rioja,hogares,38866.0840
2013-03-01,La Rioja,industria,27757.4060
2013-03-01,Mendoza,comercio,176023.3150
2013-03-01,Mendoza,hogares,131003.2010
2013-03-01,Mendoza,industria,181365.2890
2013-03-01,Misiones,comercio,52279.0010
2013-03-01,Misiones,hogares,86847.2370
2013-03-01,Misiones,industria,19963.5510
2013-03-01,Neuquén,comercio,40619.1850
2013-03-01,Neuquén,hogares,45243.9070
2013-03-01,Neuquén,industria,92422.7450
2013-03-01,Río Negro,comercio,61431.7510
2013-03-01,Río Negro,hogares,47413.5670
2013-03-01,Río Negro,industria,67033.6690
2013-03-01,Salta,comercio,64067.2500
2013-03-01,Salta,hogares,62637.2750
2013-03-01,Salta,industria,15416.1350
2013-03-01,San Juan,comercio,49170.1270
2013-03-01,San Juan,hogares,67237.9610
2013-03-01,San Juan,industria,46100.4620
2013-03-01,San Luis,comercio,36807.7070
2013-03-01,San Luis,hogares,34218.7450
2013-03-01,San Luis,industria,54162.3850
2013-03-01,Santa Cruz,comercio,12749.6700
2013-03-01,Santa Cruz,hogares,12447.3950
2013-03-01,Santa Cruz,industria,30811.8000
2013-03-01,Santa Fe,comercio,241341.3850
2013-03-01,Santa Fe,hogares,313171.0990
2013-03-01,Santa Fe,industria,395178.6360
2013-03-01,Santiago del Estero,comercio,30221.4540
2013-03-01,Santiago del Estero,hogares,60288.7800
2013-03-01,Santiago del Estero,industria,9970.1970
2013-03-01,Tucumán,comercio,66777.0250
2013-03-01,Tucumán,hogares,108978.7330
2013-03-01,Tucumán,industria,48848.8600
2013-04-01,Buenos Aires y CABA,comercio,1420415.8100
2013-04-01,Buenos Aires y CABA,hogares,1644539.3580
2013-04-01,Buenos Aires y CABA,industria,1568686.4260
2013-04-01,Catamarca,comercio,23400.4500
2013-04-01,Catamarca,hogares,30543.1340
2013-04-01,Catamarca,industria,102904.4880
2013-04-01,Chaco,comercio,52013.1400
2013-04-01,Chaco,hogares,97880.6730
2013-04-01,Chaco,industria,17651.9540
2013-04-01,Chubut,comercio,42905.3950
2013-04-01,Chubut,hogares,38917.6490
2013-04-01,Chubut,industria,241900.1360
2013-04-01,Corrientes,comercio,44382.0770
2013-04-01,Corrientes,hogares,102745.4910
2013-04-01,Corrientes,industria,30392.1550
2013-04-01,Córdoba,comercio,261079.8840
2013-04-01,Córdoba,hogares,235543.5040
2013-04-01,Córdoba,industria,190591.2360
2013-04-01,Entre Ríos,comercio,89173.1940
2013-04-01,Entre Ríos,hogares,88777.8780
2013-04-01,Entre Ríos,industria,69042.6350
2013-04-01,Formosa,comercio,22626.6230
2013-04-01,Formosa,hogares,55854.2970
2013-04-01,Formosa,industria,4819.8980
2013-04-01,Jujuy,comercio,25112.7210
2013-04-01,Jujuy,hogares,31804.9600
2013-04-01,Jujuy,industria,21013.5070
2013-04-01,La Pampa,comercio,28902.2750
2013-04-01,La Pampa,hogares,26264.3360
2013-04-01,La Pampa,industria,8127.1920
2013-04-01,La Rioja,comercio,38192.1570
2013-04-01,La Rioja,hogares,32820.1870
2013-04-01,La Rioja,industria,26565.8300
2013-04-01,Mendoza,comercio,153046.7530
2013-04-01,Mendoza,hogares,118028.8430
2013-04-01,Mendoza,industria,168846.4330
2013-04-01,Misiones,comercio,49478.1530
2013-04-01,Misiones,hogares,78425.6120
2013-04-01,Misiones,industria,20730.5820
2013-04-01,Neuquén,comercio,41336.1530
2013-04-01,Neuquén,hogares,42251.0110
2013-04-01,Neuquén,industria,90903.8440
2013-04-01,Río Negro,comercio,58103.4640
2013-04-01,Río Negro,hogares,46840.8250
2013-04-01,Río Negro,industria,57823.7390
2013-04-01,Salta,comercio,58958.0930
2013-04-01,Salta,hogares,55931.4990
2013-04-01,Salta,industria,14701.9280
2013-04-01,San Juan,comercio,43607.2930
2013-04-01,San Juan,hogares,54094.2990
2013-04-01,San Juan,industria,46946.0130
2013-04-01,San Luis,comercio,31233.6890
2013-04-01,San Luis,hogares,34508.3640
2013-04-01,San Luis,industria,49933.4730
2013-04-01,Santa Cruz,comercio,10527.9020
2013-04-01,Santa Cruz,hogares,9778.5500
2013-04-01,Santa Cruz,industria,31140.8620
2013-04-01,Santa Fe,comercio,238288.6530
2013-04-01,Santa Fe,hogares,272323.5260
2013-04-01,Santa Fe,industria,416455.4570
2013-04-01,Santiago del Estero,comercio,29077.4580
2013-04-01,Santiago del Estero,hogares,49570.5700
2013-04-01,Santiago del Estero,industria,12490.9070
2013-04-01,Tucumán,comercio,64935.9730
2013-04-01,Tucumán,hogares,91268.1000
2013-04-01,Tucumán,industria,50155.4920
2013-05-01,Buenos Aires y CABA,comercio,1506055.6480
2013-05-01,Buenos Aires y CABA,hogares,2137224.6060
2013-05-01,Buenos Aires y CABA,industria,1664914.8950
2013-05-01,Catamarca,comercio,23506.8610
2013-05-01,Catamarca,hogares,35673.0320
2013-05-01,Catamarca,industria,103743.6770
2013-05-01,Chaco,comercio,51265.7550
2013-05-01,Chaco,hogares,95850.6390
2013-05-01,Chaco,industria,17613.4900
2013-05-01,Chubut,comercio,47807.6350
2013-05-01,Chubut,hogares,46631.0650
2013-05-01,Chubut,industria,237642.0750
2013-05-01,Corrientes,comercio,52357.8660
2013-05-01,Corrientes,hogares,97495.7020
2013-05-01,Corrientes,industria,30487.2240
2013-05-01,Córdoba,comercio,259103.4930
2013-05-01,Córdoba,hogares,297087.3050
2013-05-01,Córdoba,industria,202197.1650
2013-05-01,Entre Ríos,comercio,90475.7320
2013-05-01,Entre Ríos,hogares,100630.3450
2013-05-01,Entre Ríos,industria,70495.8210
2013-05-01,Formosa,comercio,21281.2400
2013-05-01,Formosa,hogares,52556.7130
2013-05-01,Formosa,industria,4813.3420
2013-05-01,Jujuy,comercio,24952.7750
2013-05-01,Jujuy,hogares,33724.5210
2013-05-01,Jujuy,industria,21967.7850
2013-05-01,La Pampa,comercio,31923.9940
2013-05-01,La Pampa,hogares,27407.5510
2013-05-01,La Pampa,industria,8025.5000
2013-05-01,La Rioja,comercio,34601.8170
2013-05-01,La Rioja,hogares,37133.6450
2013-05-01,La Rioja,industria,25514.5640
2013-05-01,Mendoza,comercio,152312.5600
2013-05-01,Mendoza,hogares,136690.9960
2013-05-01,Mendoza,industria,164768.8710
2013-05-01,Misiones,comercio,47681.2030
2013-05-01,Misiones,hogares,78590.3690
2013-05-01,Misiones,industria,19725.8420
2013-05-01,Neuquén,comercio,44919.0630
2013-05-01,Neuquén,hogares,49174.4030
2013-05-01,Neuquén,industria,93221.3920
2013-05-01,Río Negro,comercio,59864.3860
2013-05-01,Río Negro,hogares,49934.1260
2013-05-01,Río Negro,industria,52833.2130
2013-05-01,Salta,comercio,60611.0580
2013-05-01,Salta,hogares,61248.9020
2013-05-01,Salta,industria,15466.2820
2013-05-01,San Juan,comercio,40536.5500
2013-05-01,San Juan,hogares,64353.1670
2013-05-01,San Juan,industria,48597.8680
2013-05-01,San Luis,comercio,35190.5480
2013-05-01,San Luis,hogares,39637.5270
2013-05-01,San Luis,industria,52296.2540
2013-05-01,Santa Cruz,comercio,15462.9230
2013-05-01,Santa Cruz,hogares,11249.4960
2013-05-01,Santa Cruz,industria,32294.1360
2013-05-01,Santa Fe,comercio,253941.2210
2013-05-01,Santa Fe,hogares,320459.8490
2013-05-01,Santa Fe,industria,427892.6830
2013-05-01,Santiago del Estero,comercio,29809.8010
2013-05-01,Santiago del Estero,hogares,46892.3520
2013-05-01,Santiago del Estero,industria,12781.6960
2013-05-01,Tucumán,comercio,65001.1490
2013-05-01,Tucumán,hogares,100022.6850
2013-05-01,Tucumán,industria,57199.3450
2013-06-01,Buenos Aires y CABA,comercio,1470438.6780
2013-06-01,Buenos Aires y CABA,hogares,2506028.2000
2013-06-01,Buenos Aires y CABA,industria,1514493.5960
2013-06-01,Catamarca,comercio,22698.8250
2013-06-01,Catamarca,hogares,41521.8780
2013-06-01,Catamarca,industria,101539.2120
2013-06-01,Chaco,comercio,49222.8970
2013-06-01,Chaco,hogares,94688.0420
2013-06-01,Chaco,industria,16512.1590
2013-06-01,Chubut,comercio,48503.4260
2013-06-01,Chubut,hogares,48086.1450
2013-06-01,Chubut,industria,188694.4680
2013-06-01,Corrientes,comercio,45147.9660
2013-06-01,Corrientes,hogares,106053.3940
2013-06-01,Corrientes,industria,27488.9230
2013-06-01,Córdoba,comercio,260609.3380
2013-06-01,Córdoba,hogares,321859.2960
2013-06-01,Córdoba,industria,190572.5390
2013-06-01,Entre Ríos,comercio,88113.2330
2013-06-01,Entre Ríos,hogares,111218.6210
2013-06-01,Entre Ríos,industria,65684.3130
2013-06-01,Formosa,comercio,22513.3660
2013-06-01,Formosa,hogares,47822.3840
2013-06-01,Formosa,industria,4288.2470
2013-06-01,Jujuy,comercio,23558.5920
2013-06-01,Jujuy,hogares,33835.2810
2013-06-01,Jujuy,industria,21957.0070
2013-06-01,La Pampa,comercio,31405.3100
2013-06-01,La Pampa,hogares,27642.7430
2013-06-01,La Pampa,industria,8362.0690
2013-06-01,La Rioja,comercio,30488.0330
2013-06-01,La Rioja,hogares,45857.0860
2013-06-01,La Rioja,industria,23152.5060
2013-06-01,Mendoza,comercio,146387.7690
2013-06-01,Mendoza,hogares,148359.1060
2013-06-01,Mendoza,industria,160450.9840
2013-06-01,Misiones,comercio,41801.5800
2013-06-01,Misiones,hogares,66974.6350
2013-06-01,Misiones,industria,17284.1030
2013-06-01,Neuquén,comercio,46434.1350
2013-06-01,Neuquén,hogares,48879.7750
2013-06-01,Neuquén,industria,82709.9950
2013-06-01,Río Negro,comercio,57648.3300
2013-06-01,Río Negro,hogares,52645.1850
2013-06-01,Río Negro,industria,44521.1010
2013-06-01,Salta,comercio,56989.7580
2013-06-01,Salta,hogares,64956.4350
2013-06-01,Salta,industria,11867.8570
2013-06-01,San Juan,comercio,38733.1920
2013-06-01,San Juan,hogares,75907.9940
2013-06-01,San Juan,industria,37285.4110
2013-06-01,San Luis,comercio,34837.4100
2013-06-01,San Luis,hogares,43230.5960
2013-06-01,San Luis,industria,49142.0140
2013-06-01,Santa Cruz,comercio,14734.1850
2013-06-01,Santa Cruz,hogares,10976.6670
2013-06-01,Santa Cruz,industria,29699.6580
2013-06-01,Santa Fe,comercio,253025.9470
2013-06-01,Santa Fe,hogares,351660.4160
2013-06-01,Santa Fe,industria,418198.8890
2013-06-01,Santiago del Estero,comercio,27830.5250
2013-06-01,Santiago del Estero,hogares,51940.0950
2013-06-01,Santiago del Estero,industria,10087.7370
2013-06-01,Tucumán,comercio,62668.0780
2013-06-01,Tucumán,hogares,109289.9250
2013-06-01,Tucumán,industria,53319.9340
2013-07-01,Buenos Aires y CABA,comercio,1471056.0160
2013-07-01,Buenos Aires y CABA,hogares,2935405.6300
2013-07-01,Buenos Aires y CABA,industria,1509234.6450
2013-07-01,Catamarca,comercio,29248.2330
2013-07-01,Catamarca,hogares,45212.9910
2013-07-01,Catamarca,industria,103281.8480
2013-07-01,Chaco,comercio,48300.6110
2013-07-01,Chaco,hogares,107541.9790
2013-07-01,Chaco,industria,15904.0510
2013-07-01,Chubut,comercio,49910.1150
2013-07-01,Chubut,hogares,52599.8130
2013-07-01,Chubut,industria,201867.9690
2013-07-01,Corrientes,comercio,53159.0130
2013-07-01,Corrientes,hogares,109806.2050
2013-07-01,Corrientes,industria,28658.7440
2013-07-01,Córdoba,comercio,269434.1070
2013-07-01,Córdoba,hogares,375111.2990
2013-07-01,Córdoba,industria,194829.1270
2013-07-01,Entre Ríos,comercio,94359.5750
2013-07-01,Entre Ríos,hogares,120982.9920
2013-07-01,Entre Ríos,industria,69985.9050
2013-07-01,Formosa,comercio,23849.7120
2013-07-01,Formosa,hogares,50822.3480
2013-07-01,Formosa,industria,4467.8730
2013-07-01,Jujuy,comercio,25407.4940
2013-07-01,Jujuy,hogares,37478.4400
2013-07-01,Jujuy,industria,17585.7460
2013-07-01,La Pampa,comercio,34038.4110
2013-07-01,La Pampa,hogares,28910.2720
2013-07-01,La Pampa,industria,8050.1070
2013-07-01,La Rioja,comercio,33885.2500
2013-07-01,La Rioja,hogares,55219.5010
2013-07-01,La Rioja,industria,24879.1780
2013-07-01,Mendoza,comercio,150220.6540
2013-07-01,Mendoza,hogares,175711.1330
2013-07-01,Mendoza,industria,171072.2500
2013-07-01,Misiones,comercio,37496.0240
2013-07-01,Misiones,hogares,67120.8120
2013-07-01,Misiones,industria,15902.3420
2013-07-01,Neuquén,comercio,51214.6160
2013-07-01,Neuquén,hogares,52817.2800
2013-07-01,Neuquén,industria,83968.5610
2013-07-01,Río Negro,comercio,60509.1870
2013-07-01,Río Negro,hogares,56600.3860
2013-07-01,Río Negro,industria,43975.4800
2013-07-01,Salta,comercio,61584.2420
2013-07-01,Salta,hogares,79592.1570
2013-07-01,Salta,industria,11824.1420
2013-07-01,San Juan,comercio,42354.1630
2013-07-01,San Juan,hogares,95176.6740
2013-07-01,San Juan,industria,32939.4980
2013-07-01,San Luis,comercio,38267.2400
2013-07-01,San Luis,hogares,52568.3040
2013-07-01,San Luis,industria,53871.1410
2013-07-01,Santa Cruz,comercio,15007.2120
2013-07-01,Santa Cruz,hogares,12719.0520
2013-07-01,Santa Cruz,industria,30252.1090
2013-07-01,Santa Fe,comercio,267552.0930
2013-07-01,Santa Fe,hogares,396481.4850
2013-07-01,Santa Fe,industria,418528.8800
2013-07-01,Santiago del Estero,comercio,30726.0520
2013-07-01,Santiago del Estero,hogares,57804.5420
2013-07-01,Santiago del Estero,industria,12529.0920
2013-07-01,Tucumán,comercio,69151.5910
2013-07-01,Tucumán,hogares,122811.8170
2013-07-01,Tucumán,industria,57337.9820
2013-08-01,Buenos Aires y CABA,comercio,1436103.6930
2013-08-01,Buenos Aires y CABA,hogares,2734666.2530
2013-08-01,Buenos Aires y CABA,industria,1580550.7960
2013-08-01,Catamarca,comercio,24491.3800
2013-08-01,Catamarca,hogares,43683.5840
2013-08-01,Catamarca,industria,98105.1750
2013-08-01,Chaco,comercio,50881.9120
2013-08-01,Chaco,hogares,105027.3420
2013-08-01,Chaco,industria,14418.3640
2013-08-01,Chubut,comercio,50745.4970
2013-08-01,Chubut,hogares,50417.9490
2013-08-01,Chubut,industria,196922.5710
2013-08-01,Corrientes,comercio,40336.8430
2013-08-01,Corrientes,hogares,126840.5130
2013-08-01,Corrientes,industria,28306.4990
2013-08-01,Córdoba,comercio,276550.5580
2013-08-01,Córdoba,hogares,334372.0690
2013-08-01,Córdoba,industria,200317.7060
2013-08-01,Entre Ríos,comercio,93046.5110
2013-08-01,Entre Ríos,hogares,118604.9720
2013-08-01,Entre Ríos,industria,66976.9380
2013-08-01,Formosa,comercio,26141.7700
2013-08-01,Formosa,hogares,51195.4990
2013-08-01,Formosa,industria,4121.2330
2013-08-01,Jujuy,comercio,24793.8270
2013-08-01,Jujuy,hogares,36532.0780
2013-08-01,Jujuy,industria,20713.4570
2013-08-01,La Pampa,comercio,32336.9120
2013-08-01,La Pampa,hogares,27998.7480
2013-08-01,La Pampa,industria,8257.7890
2013-08-01,La Rioja,comercio,38806.2330
2013-08-01,La Rioja,hogares,47300.2200
2013-08-01,La Rioja,industria,26942.1600
2013-08-01,Mendoza,comercio,157638.2130
2013-08-01,Mendoza,hogares,159454.1990
2013-08-01,Mendoza,industria,162457.5770
2013-08-01,Misiones,comercio,44973.4980
2013-08-01,Misiones,hogares,85044.8130
2013-08-01,Misiones,industria,18797.5130
2013-08-01,Neuquén,comercio,51577.1480
2013-08-01,Neuquén,hogares,51828.2010
2013-08-01,Neuquén,industria,81912.7440
2013-08-01,Río Negro,comercio,59315.4890
2013-08-01,Río Negro,hogares,55539.8470
2013-08-01,Río Negro,industria,44366.8410
2013-08-01,Salta,comercio,62456.0640
2013-08-01,Salta,hogares,76513.9110
2013-08-01,Salta,industria,11169.9450
2013-08-01,San Juan,comercio,43833.1570
2013-08-01,San Juan,hogares,81527.8440
2013-08-01,San Juan,industria,43768.8580
2013-08-01,San Luis,comercio,38979.9340
2013-08-01,San Luis,hogares,43754.1140
2013-08-01,San Luis,industria,54420.0070
2013-08-01,Santa Cruz,comercio,14774.3610
2013-08-01,Santa Cruz,hogares,12736.0300
2013-08-01,Santa Cruz,industria,33009.0860
2013-08-01,Santa Fe,comercio,259940.9490
2013-08-01,Santa Fe,hogares,376672.6360
2013-08-01,Santa Fe,industria,434418.4810
2013-08-01,Santiago del Estero,comercio,29564.0820
2013-08-01,Santiago del Estero,hogares,52621.6930
2013-08-01,Santiago del Estero,industria,11418.0460
2013-08-01,Tucumán,comercio,65703.7300
2013-08-01,Tucumán,hogares,110270.5080
2013-08-01,Tucumán,industria,57512.6730
2013-09-01,Buenos Aires y CABA,comercio,1433330.8650
2013-09-01,Buenos Aires y CABA,hogares,2268363.4330
2013-09-01,Buenos Aires y CABA,industria,1610492.4800
2013-09-01,Catamarca,comercio,24321.8130
2013-09-01,Catamarca,hogares,37502.9610
2013-09-01,Catamarca,industria,97113.7670
2013-09-01,Chaco,comercio,51657.9360
2013-09-01,Chaco,hogares,100795.1760
2013-09-01,Chaco,industria,13809.0000
2013-09-01,Chubut,comercio,46345.3390
2013-09-01,Chubut,hogares,46554.6440
2013-09-01,Chubut,industria,216624.0350
2013-09-01,Corrientes,comercio,50372.6490
2013-09-01,Corrientes,hogares,104230.8680
2013-09-01,Corrientes,industria,27476.4960
2013-09-01,Córdoba,comercio,260819.5120
2013-09-01,Córdoba,hogares,292015.1420
2013-09-01,Córdoba,industria,198561.3360
2013-09-01,Entre Ríos,comercio,92134.2900
2013-09-01,Entre Ríos,hogares,97485.8490
2013-09-01,Entre Ríos,industria,67402.5160
2013-09-01,Formosa,comercio,25013.8530
2013-09-01,Formosa,hogares,48185.2730
2013-09-01,Formosa,industria,4401.2560
2013-09-01,Jujuy,comercio,25637.5270
2013-09-01,Jujuy,hogares,34533.2390
2013-09-01,Jujuy,industria,18991.9360
2013-09-01,La Pampa,comercio,30325.5130
2013-09-01,La Pampa,hogares,26562.9730
2013-09-01,La Pampa,industria,8292.5100
2013-09-01,La Rioja,comercio,42052.5820
2013-09-01,La Rioja,hogares,40038.3200
2013-09-01,La Rioja,industria,27692.8320
2013-09-01,Mendoza,comercio,171373.0740
2013-09-01,Mendoza,hogares,140458.0980
2013-09-01,Mendoza,industria,159515.5580
2013-09-01,Misiones,comercio,45668.7600
2013-09-01,Misiones,hogares,74912.5440
2013-09-01,Misiones,industria,17755.9820
2013-09-01,Neuquén,comercio,47648.9280
2013-09-01,Neuquén,hogares,46029.1320
2013-09-01,Neuquén,industria,80137.1960
2013-09-01,Río Negro,comercio,56384.4430
2013-09-01,Río Negro,hogares,50000.5650
2013-09-01,Río Negro,industria,42911.9090
2013-09-01,Salta,comercio,61280.0950
2013-09-01,Salta,hogares,68769.9210
2013-09-01,Salta,industria,10677.6430
2013-09-01,San Juan,comercio,46892.4490
2013-09-01,San Juan,hogares,67150.9710
2013-09-01,San Juan,industria,44362.2560
2013-09-01,San Luis,comercio,36778.0090
2013-09-01,San Luis,hogares,40085.3450
2013-09-01,San Luis,industria,54274.7720
2013-09-01,Santa Cruz,comercio,17305.1210
2013-09-01,Santa Cruz,hogares,17202.0470
2013-09-01,Santa Cruz,industria,31570.2590
2013-09-01,Santa Fe,comercio,241400.2710
2013-09-01,Santa Fe,hogares,319301.1220
2013-09-01,Santa Fe,industria,425108.4090
2013-09-01,Santiago del Estero,comercio,30513.6200
2013-09-01,Santiago del Estero,hogares,48488.4910
2013-09-01,Santiago del Estero,industria,10319.7140
2013-09-01,Tucumán,comercio,63654.5860
2013-09-01,Tucumán,hogares,104020.0580
2013-09-01,Tucumán,industria,54783.7260
2013-10-01,Buenos Aires y CABA,comercio,1389431.9700
2013-10-01,Buenos Aires y CABA,hogares,1924900.8860
2013-10-01,Buenos Aires y CABA,industria,1655951.2220
2013-10-01,Catamarca,comercio,24161.5850
2013-10-01,Catamarca,hogares,40461.0790
2013-10-01,Catamarca,industria,105320.9150
2013-10-01,Chaco,comercio,57170.3760
2013-10-01,Chaco,hogares,116441.9410
2013-10-01,Chaco,industria,11640.1060
2013-10-01,Chubut,comercio,45460.8800
2013-10-01,Chubut,hogares,41887.2290
2013-10-01,Chubut,industria,262882.0730
2013-10-01,Corrientes,comercio,44412.4580
2013-10-01,Corrientes,hogares,121909.2150
2013-10-01,Corrientes,industria,30254.0510
2013-10-01,Córdoba,comercio,281036.3730
2013-10-01,Córdoba,hogares,263105.5460
2013-10-01,Córdoba,industria,209517.5960
2013-10-01,Entre Ríos,comercio,91626.3510
2013-10-01,Entre Ríos,hogares,97936.3890
2013-10-01,Entre Ríos,industria,70388.1740
2013-10-01,Formosa,comercio,27720.0500
2013-10-01,Formosa,hogares,56724.2690
2013-10-01,Formosa,industria,4987.2540
2013-10-01,Jujuy,comercio,27399.1030
2013-10-01,Jujuy,hogares,35813.1910
2013-10-01,Jujuy,industria,19690.7240
2013-10-01,La Pampa,comercio,30274.0270
2013-10-01,La Pampa,hogares,26647.0590
2013-10-01,La Pampa,industria,8291.2920
2013-10-01,La Rioja,comercio,47061.1420
2013-10-01,La Rioja,hogares,42301.7440
2013-10-01,La Rioja,industria,29714.7100
2013-10-01,Mendoza,comercio,194056.4880
2013-10-01,Mendoza,hogares,126295.6480
2013-10-01,Mendoza,industria,173561.7950
2013-10-01,Misiones,comercio,45370.0990
2013-10-01,Misiones,hogares,82802.3400
2013-10-01,Misiones,industria,18809.4810
2013-10-01,Neuquén,comercio,46195.6630
2013-10-01,Neuquén,hogares,44339.1160
2013-10-01,Neuquén,industria,85643.1110
2013-10-01,Río Negro,comercio,56099.7730
2013-10-01,Río Negro,hogares,47916.3180
2013-10-01,Río Negro,industria,45443.2080
2013-10-01,Salta,comercio,64928.2320
2013-10-01,Salta,hogares,73974.7860
2013-10-01,Salta,industria,11800.6790
2013-10-01,San Juan,comercio,51724.5030
2013-10-01,San Juan,hogares,62859.9130
2013-10-01,San Juan,industria,47225.5080
2013-10-01,San Luis,comercio,37508.6620
2013-10-01,San Luis,hogares,33270.3260
2013-10-01,San Luis,industria,56777.9870
2013-10-01,Santa Cruz,comercio,20387.1960
2013-10-01,Santa Cruz,hogares,18094.8230
2013-10-01,Santa Cruz,industria,33500.7820
2013-10-01,Santa Fe,comercio,243467.2780
2013-10-01,Santa Fe,hogares,311231.1020
2013-10-01,Santa Fe,industria,416515.4290
2013-10-01,Santiago del Estero,comercio,32554.3530
2013-10-01,Santiago del Estero,hogares,60009.1140
2013-10-01,Santiago del Estero,industria,12299.5890
2013-10-01,Tucumán,comercio,73958.6470
2013-10-01,Tucumán,hogares,115556.1630
2013-10-01,Tucumán,industria,59016.5400
2013-11-01,Buenos Aires y CABA,comercio,1435748.2000
2013-11-01,Buenos Aires y CABA,hogares,1754521.0980
2013-11-01,Buenos Aires y CABA,industria,1666530.4250
2013-11-01,Catamarca,comercio,27931.1570
2013-11-01,Catamarca,hogares,39340.2200
2013-11-01,Catamarca,industria,105072.4490
2013-11-01,Chaco,comercio,63780.6480
2013-11-01,Chaco,hogares,132297.0970
2013-11-01,Chaco,industria,12981.9270
2013-11-01,Chubut,comercio,42288.1890
2013-11-01,Chubut,hogares,40070.5020
2013-11-01,Chubut,industria,254868.5450
2013-11-01,Corrientes,comercio,66495.0610
2013-11-01,Corrientes,hogares,116664.6470
2013-11-01,Corrientes,industria,33401.4960
2013-11-01,Córdoba,comercio,261495.6940
2013-11-01,Córdoba,hogares,268331.3390
2013-11-01,Córdoba,industria,196611.2430
2013-11-01,Entre Ríos,comercio,93224.9790
2013-11-01,Entre Ríos,hogares,104000.0590
2013-11-01,Entre Ríos,industria,68365.1480
2013-11-01,Formosa,comercio,31879.1360
2013-11-01,Formosa,hogares,66350.3970
2013-11-01,Formosa,industria,4989.2910
2013-11-01,Jujuy,comercio,28409.4010
2013-11-01,Jujuy,hogares,41263.6190
2013-11-01,Jujuy,industria,16539.9200
2013-11-01,La Pampa,comercio,30998.2540
2013-11-01,La Pampa,hogares,27987.7560
2013-11-01,La Pampa,industria,8062.8160
2013-11-01,La Rioja,comercio,50095.9220
2013-11-01,La Rioja,hogares,47151.6350
2013-11-01,La Rioja,industria,30698.9240
2013-11-01,Mendoza,comercio,187904.7130
2013-11-01,Mendoza,hogares,134117.7890
2013-11-01,Mendoza,industria,170334.9010
2013-11-01,Misiones,comercio,51173.8510
2013-11-01,Misiones,hogares,92465.4700
2013-11-01,Misiones,industria,20597.9010
2013-11-01,Neuquén,comercio,45769.9030
2013-11-01,Neuquén,hogares,41040.7220
2013-11-01,Neuquén,industria,87869.1660
2013-11-01,Río Negro,comercio,55322.9920
2013-11-01,Río Negro,hogares,46583.6510
2013-11-01,Río Negro,industria,43552.8000
2013-11-01,Salta,comercio,67652.7660
2013-11-01,Salta,hogares,75118.0450
2013-11-01,Salta,industria,12766.0400
2013-11-01,San Juan,comercio,53319.9930
2013-11-01,San Juan,hogares,76940.5710
2013-11-01,San Juan,industria,47850.6790
2013-11-01,San Luis,comercio,35445.2750
2013-11-01,San Luis,hogares,35037.3800
2013-11-01,San Luis,industria,56980.9710
2013-11-01,Santa Cruz,comercio,11473.6160
2013-11-01,Santa Cruz,hogares,10228.8090
2013-11-01,Santa Cruz,industria,29846.3790
2013-11-01,Santa Fe,comercio,237866.0720
2013-11-01,Santa Fe,hogares,327314.2340
2013-11-01,Santa Fe,industria,405848.8540
2013-11-01,Santiago del Estero,comercio,34335.2410
2013-11-01,Santiago del Estero,hogares,69300.8300
2013-11-01,Santiago del Estero,industria,12283.9620
2013-11-01,Tucumán,comercio,78097.0200
2013-11-01,Tucumán,hogares,134610.5780
2013-11-01,Tucumán,industria,58203.2840
2013-12-01,Buenos Aires y CABA,comercio,1799182.3520
2013-12-01,Buenos Aires y CABA,hogares,2510412.5920
2013-12-01,Buenos Aires y CABA,industria,1755919.6960
2013-12-01,Catamarca,comercio,31087.3630
2013-12-01,Catamarca,hogares,56512.0270
2013-12-01,Catamarca,industria,101735.3900
2013-12-01,Chaco,comercio,74388.8290
2013-12-01,Chaco,hogares,195322.5700
2013-12-01,Chaco,industria,12815.9640
2013-12-01,Chubut,comercio,45713.1300
2013-12-01,Chubut,hogares,38890.8110
2013-12-01,Chubut,industria,230871.5470
2013-12-01,Corrientes,comercio,57908.5250
2013-12-01,Corrientes,hogares,193851.2690
2013-12-01,Corrientes,industria,29386.2510
2013-12-01,Córdoba,comercio,302246.2110
2013-12-01,Córdoba,hogares,388324.9100
2013-12-01,Córdoba,industria,199147.1410
2013-12-01,Entre Ríos,comercio,115725.7990
2013-12-01,Entre Ríos,hogares,186803.7850
2013-12-01,Entre Ríos,industria,72196.2870
2013-12-01,Formosa,comercio,40842.0310
2013-12-01,Formosa,hogares,89129.0490
2013-12-01,Formosa,industria,5499.4200
2013-12-01,Jujuy,comercio,34274.8280
2013-12-01,Jujuy,hogares,45744.6180
2013-12-01,Jujuy,industria,16617.8980
2013-12-01,La Pampa,comercio,40307.4450
2013-12-01,La Pampa,hogares,43804.1560
2013-12-01,La Pampa,industria,8768.4690
2013-12-01,La Rioja,comercio,54426.5000
2013-12-01,La Rioja,hogares,67921.6700
2013-12-01,La Rioja,industria,27211.7030
2013-12-01,Mendoza,comercio,214539.0670
2013-12-01,Mendoza,hogares,182141.5540
2013-12-01,Mendoza,industria,180658.7860
2013-12-01,Misiones,comercio,55175.7600
2013-12-01,Misiones,hogares,111149.3900
2013-12-01,Misiones,industria,20657.6870
2013-12-01,Neuquén,comercio,51996.5260
2013-12-01,Neuquén,hogares,55314.2300
2013-12-01,Neuquén,industria,85338.9210
2013-12-01,Río Negro,comercio,64438.3740
2013-12-01,Río Negro,hogares,56368.6310
2013-12-01,Río Negro,industria,40974.6590
2013-12-01,Salta,comercio,69439.0920
2013-12-01,Salta,hogares,91258.9910
2013-12-01,Salta,industria,13671.7880
2013-12-01,San Juan,comercio,60493.2530
2013-12-01,San Juan,hogares,116161.2600
2013-12-01,San Juan,industria,47615.3980
2013-12-01,San Luis,comercio,40957.1830
2013-12-01,San Luis,hogares,47130.7990
2013-12-01,San Luis,industria,56640.1490
2013-12-01,Santa Cruz,comercio,14431.1320
2013-12-01,Santa Cruz,hogares,13770.3230
2013-12-01,Santa Cruz,industria,29569.2810
2013-12-01,Santa Fe,comercio,288543.6470
2013-12-01,Santa Fe,hogares,550988.1490
2013-12-01,Santa Fe,industria,365344.3270
2013-12-01,Santiago del Estero,comercio,42318.2790
2013-12-01,Santiago del Estero,hogares,112617.4660
2013-12-01,Santiago del Estero,industria,11725.7350
2013-12-01,Tucumán,comercio,85879.9260
2013-12-01,Tucumán,hogares,185015.3320
2013-12-01,Tucumán,industria,55971.1620
2014-01-01,Buenos Aires y CABA,comercio,1571298.2210
2014-01-01,Buenos Aires y CABA,hogares,2638036.7950
2014-01-01,Buenos Aires y CABA,industria,1664236.3670
2014-01-01,Catamarca,comercio,29496.1120
2014-01-01,Catamarca,hogares,50389.2600
2014-01-01,Catamarca,industria,97533.0480
2014-01-01,Chaco,comercio,68827.1390
2014-01-01,Chaco,hogares,187566.4910
2014-01-01,Chaco,industria,12118.2420
2014-01-01,Chubut,comercio,45658.2190
2014-01-01,Chubut,hogares,40336.5080
2014-01-01,Chubut,industria,252709.1410
2014-01-01,Corrientes,comercio,72351.1210
2014-01-01,Corrientes,hogares,180184.7310
2014-01-01,Corrientes,industria,29533.9590
2014-01-01,Córdoba,comercio,308444.0650
2014-01-01,Córdoba,hogares,386048.1650
2014-01-01,Córdoba,industria,207285.4610
2014-01-01,Entre Ríos,comercio,122706.0710
2014-01-01,Entre Ríos,hogares,175174.2710
2014-01-01,Entre Ríos,industria,72055.2190
2014-01-01,Formosa,comercio,40601.5650
2014-01-01,Formosa,hogares,89227.5280
2014-01-01,Formosa,industria,6499.1230
2014-01-01,Jujuy,comercio,35770.6510
2014-01-01,Jujuy,hogares,41825.9790
2014-01-01,Jujuy,industria,16381.3890
2014-01-01,La Pampa,comercio,38659.2400
2014-01-01,La Pampa,hogares,44597.5380
2014-01-01,La Pampa,industria,8661.1280
2014-01-01,La Rioja,comercio,54199.3650
2014-01-01,La Rioja,hogares,56587.0040
2014-01-01,La Rioja,industria,26723.6940
2014-01-01,Mendoza,comercio,232456.4420
2014-01-01,Mendoza,hogares,192292.4350
2014-01-01,Mendoza,industria,178721.0430
2014-01-01,Misiones,comercio,57611.4970
2014-01-01,Misiones,hogares,115934.7860
2014-01-01,Misiones,industria,19030.5790
2014-01-01,Neuquén,comercio,51612.5720
2014-01-01,Neuquén,hogares,53100.7830
2014-01-01,Neuquén,industria,83044.8030
2014-01-01,Río Negro,comercio,63854.3380
2014-01-01,Río Negro,hogares,56109.1030
2014-01-01,Río Negro,industria,46177.6150
2014-01-01,Salta,comercio,72034.5250
2014-01-01,Salta,hogares,79293.1930
2014-01-01,Salta,industria,12954.0640
2014-01-01,San Juan,comercio,62115.9410
2014-01-01,San Juan,hogares,120062.5000
2014-01-01,San Juan,industria,46998.4050
2014-01-01,San Luis,comercio,42365.3000
2014-01-01,San Luis,hogares,51201.7040
2014-01-01,San Luis,industria,55833.1310
2014-01-01,Santa Cruz,comercio,22634.1740
2014-01-01,Santa Cruz,hogares,10991.0630
2014-01-01,Santa Cruz,industria,32287.1630
2014-01-01,Santa Fe,comercio,280473.0190
2014-01-01,Santa Fe,hogares,532920.9810
2014-01-01,Santa Fe,industria,333476.5590
2014-01-01,Santiago del Estero,comercio,35214.0560
2014-01-01,Santiago del Estero,hogares,88083.0450
2014-01-01,Santiago del Estero,industria,10376.5160
2014-01-01,Tucumán,comercio,83241.6380
2014-01-01,Tucumán,hogares,161003.3770
2014-01-01,Tucumán,industria,49113.2080
2014-02-01,Buenos Aires y CABA,comercio,1315499.9540
2014-02-01,Buenos Aires y CABA,hogares,1829173.1830
2014-02-01,Buenos Aires y CABA,industria,1560613.8910
2014-02-01,Catamarca,comercio,23429.8030
2014-02-01,Catamarca,hogares,39115.0660
2014-02-01,Catamarca,industria,93513.8930
2014-02-01,Chaco,comercio,61452.0800
2014-02-01,Chaco,hogares,164769.8190
2014-02-01,Chaco,industria,13445.9020
2014-02-01,Chubut,comercio,41198.8790
2014-02-01,Chubut,hogares,35194.3530
2014-02-01,Chubut,industria,252150.4080
2014-02-01,Corrientes,comercio,52925.5240
2014-02-01,Corrientes,hogares,163978.7750
2014-02-01,Corrientes,industria,30213.5890
2014-02-01,Córdoba,comercio,248726.3800
2014-02-01,Córdoba,hogares,285457.6810
2014-02-01,Córdoba,industria,182876.6080
2014-02-01,Entre Ríos,comercio,105380.9400
2014-02-01,Entre Ríos,hogares,110466.0260
2014-02-01,Entre Ríos,industria,65803.7930
2014-02-01,Formosa,comercio,34707.0980
2014-02-01,Formosa,hogares,81764.4870
2014-02-01,Formosa,industria,5557.6920
2014-02-01,Jujuy,comercio,28388.0670
2014-02-01,Jujuy,hogares,37434.6910
2014-02-01,Jujuy,industria,15417.9190
2014-02-01,La Pampa,comercio,29018.7800
2014-02-01,La Pampa,hogares,28885.9230
2014-02-01,La Pampa,industria,8145.7750
2014-02-01,La Rioja,comercio,42215.7570
2014-02-01,La Rioja,hogares,39237.8100
2014-02-01,La Rioja,industria,22945.5270
2014-02-01,Mendoza,comercio,164827.9670
2014-02-01,Mendoza,hogares,128004.3520
2014-02-01,Mendoza,industria,163251.4350
2014-02-01,Misiones,comercio,57520.6690
2014-02-01,Misiones,hogares,105467.7480
2014-02-01,Misiones,industria,20261.2100
2014-02-01,Neuquén,comercio,42969.1280
2014-02-01,Neuquén,hogares,43067.2360
2014-02-01,Neuquén,industria,75907.0980
2014-02-01,Río Negro,comercio,60659.3210
2014-02-01,Río Negro,hogares,48606.9350
2014-02-01,Río Negro,industria,61128.5800
2014-02-01,Salta,comercio,63702.7070
2014-02-01,Salta,hogares,68372.2230
2014-02-01,Salta,industria,12433.9950
2014-02-01,San Juan,comercio,46938.2400
2014-02-01,San Juan,hogares,75970.4110
2014-02-01,San Juan,industria,44609.5010
2014-02-01,San Luis,comercio,35217.3040
2014-02-01,San Luis,hogares,32377.7490
2014-02-01,San Luis,industria,48294.7500
2014-02-01,Santa Cruz,comercio,22630.9540
2014-02-01,Santa Cruz,hogares,11978.1240
2014-02-01,Santa Cruz,industria,30054.8220
2014-02-01,Santa Fe,comercio,228555.9550
2014-02-01,Santa Fe,hogares,349156.8250
2014-02-01,Santa Fe,industria,366255.5190
2014-02-01,Santiago del Estero,comercio,32795.0180
2014-02-01,Santiago del Estero,hogares,78334.9920
2014-02-01,Santiago del Estero,industria,8947.1900
2014-02-01,Tucumán,comercio,70422.6040
2014-02-01,Tucumán,hogares,126960.9210
2014-02-01,Tucumán,industria,49180.6450
2014-03-01,Buenos Aires y CABA,comercio,1396153.0930
2014-03-01,Buenos Aires y CABA,hogares,1836385.6140
2014-03-01,Buenos Aires y CABA,industria,1606006.4940
2014-03-01,Catamarca,comercio,22678.1050
2014-03-01,Catamarca,hogares,35394.0240
2014-03-01,Catamarca,industria,97246.8450
2014-03-01,Chaco,comercio,57115.8700
2014-03-01,Chaco,hogares,123082.3140
2014-03-01,Chaco,industria,11801.5460
2014-03-01,Chubut,comercio,44036.9480
2014-03-01,Chubut,hogares,42417.4040
2014-03-01,Chubut,industria,248659.0880
2014-03-01,Corrientes,comercio,49891.2820
2014-03-01,Corrientes,hogares,127443.5540
2014-03-01,Corrientes,industria,30972.5520
2014-03-01,Córdoba,comercio,255901.0470
2014-03-01,Córdoba,hogares,258233.8120
2014-03-01,Córdoba,industria,186511.5940
2014-03-01,Entre Ríos,comercio,98796.7960
2014-03-01,Entre Ríos,hogares,98865.8880
2014-03-01,Entre Ríos,industria,69202.3560
2014-03-01,Formosa,comercio,28868.3610
2014-03-01,Formosa,hogares,66967.0690
2014-03-01,Formosa,industria,5202.3330
2014-03-01,Jujuy,comercio,26349.9000
2014-03-01,Jujuy,hogares,36597.8380
2014-03-01,Jujuy,industria,17430.7090
2014-03-01,La Pampa,comercio,29874.1550
2014-03-01,La Pampa,hogares,28316.3420
2014-03-01,La Pampa,industria,8087.1880
2014-03-01,La Rioja,comercio,41000.1950
2014-03-01,La Rioja,hogares,32657.8200
2014-03-01,La Rioja,industria,25220.3640
2014-03-01,Mendoza,comercio,148449.4260
2014-03-01,Mendoza,hogares,126923.9930
2014-03-01,Mendoza,industria,173489.2080
2014-03-01,Misiones,comercio,57179.6750
2014-03-01,Misiones,hogares,97536.4690
2014-03-01,Misiones,industria,19826.6810
2014-03-01,Neuquén,comercio,44580.6560
2014-03-01,Neuquén,hogares,47334.9670
2014-03-01,Neuquén,industria,80924.0910
2014-03-01,Río Negro,comercio,64315.8280
2014-03-01,Río Negro,hogares,51735.2230
2014-03-01,Río Negro,industria,66462.2550
2014-03-01,Salta,comercio,69891.1530
2014-03-01,Salta,hogares,66432.8380
2014-03-01,Salta,industria,13688.8070
2014-03-01,San Juan,comercio,44178.8610
2014-03-01,San Juan,hogares,61761.2020
2014-03-01,San Juan,industria,51068.5640
2014-03-01,San Luis,comercio,33812.2600
2014-03-01,San Luis,hogares,33522.1100
2014-03-01,San Luis,industria,46746.3640
2014-03-01,Santa Cruz,comercio,28790.0230
2014-03-01,Santa Cruz,hogares,14322.0370
2014-03-01,Santa Cruz,industria,34535.8700
2014-03-01,Santa Fe,comercio,232310.9420
2014-03-01,Santa Fe,hogares,312688.5640
2014-03-01,Santa Fe,industria,402754.5460
2014-03-01,Santiago del Estero,comercio,29932.5440
2014-03-01,Santiago del Estero,hogares,58255.5840
2014-03-01,Santiago del Estero,industria,8564.8680
2014-03-01,Tucumán,comercio,64068.1670
2014-03-01,Tucumán,hogares,109994.0150
2014-03-01,Tucumán,industria,50352.4980
2014-04-01,Buenos Aires y CABA,comercio,1404269.1610
2014-04-01,Buenos Aires y CABA,hogares,1790921.9030
2014-04-01,Buenos Aires y CABA,industria,1586802.6250
2014-04-01,Catamarca,comercio,21789.9680
2014-04-01,Catamarca,hogares,31354.6690
2014-04-01,Catamarca,industria,96137.5920
2014-04-01,Chaco,comercio,55456.8350
2014-04-01,Chaco,hogares,115334.0520
2014-04-01,Chaco,industria,14623.7430
2014-04-01,Chubut,comercio,45239.8310
2014-04-01,Chubut,hogares,43884.6320
2014-04-01,Chubut,industria,258322.1390
2014-04-01,Corrientes,comercio,48731.3440
2014-04-01,Corrientes,hogares,116312.4920
2014-04-01,Corrientes,industria,28310.8220
2014-04-01,Córdoba,comercio,253861.1720
2014-04-01,Córdoba,hogares,254225.7440
2014-04-01,Córdoba,industria,192911.4680
2014-04-01,Entre Ríos,comercio,91821.2340
2014-04-01,Entre Ríos,hogares,97063.6240
2014-04-01,Entre Ríos,industria,68031.6500
2014-04-01,Formosa,comercio,25291.0290
2014-04-01,Formosa,hogares,62039.5180
2014-04-01,Formosa,industria,4915.4030
2014-04-01,Jujuy,comercio,24081.9970
2014-04-01,Jujuy,hogares,34744.6510
2014-04-01,Jujuy,industria,18786.3270
2014-04-01,La Pampa,comercio,28994.8870
2014-04-01,La Pampa,hogares,26858.6020
2014-04-01,La Pampa,industria,7571.8920
2014-04-01,La Rioja,comercio,34774.9760
2014-04-01,La Rioja,hogares,30374.7650
2014-04-01,La Rioja,industria,23083.2040
2014-04-01,Mendoza,comercio,140097.0060
2014-04-01,Mendoza,hogares,130830.7770
2014-04-01,Mendoza,industria,169325.0020
2014-04-01,Misiones,comercio,53876.1060
2014-04-01,Misiones,hogares,87617.2440
2014-04-01,Misiones,industria,17530.3650
2014-04-01,Neuquén,comercio,44524.0170
2014-04-01,Neuquén,hogares,46797.2650
2014-04-01,Neuquén,industria,72220.4120
2014-04-01,Río Negro,comercio,58066.4050
2014-04-01,Río Negro,hogares,50696.7240
2014-04-01,Río Negro,industria,47534.7150
2014-04-01,Salta,comercio,62460.9370
2014-04-01,Salta,hogares,64544.5820
2014-04-01,Salta,industria,13906.5760
2014-04-01,San Juan,comercio,43539.3590
2014-04-01,San Juan,hogares,54827.7970
2014-04-01,San Juan,industria,48124.1770
2014-04-01,San Luis,comercio,31798.3940
2014-04-01,San Luis,hogares,36354.0140
2014-04-01,San Luis,industria,46377.5040
2014-04-01,Santa Cruz,comercio,26299.2900
2014-04-01,Santa Cruz,hogares,18647.0300
2014-04-01,Santa Cruz,industria,34165.7280
2014-04-01,Santa Fe,comercio,236622.1890
2014-04-01,Santa Fe,hogares,292932.1360
2014-04-01,Santa Fe,industria,423924.7970
2014-04-01,Santiago del Estero,comercio,30155.0100
2014-04-01,Santiago del Estero,hogares,54993.4640
2014-04-01,Santiago del Estero,industria,10545.4810
2014-04-01,Tucumán,comercio,62053.1630
2014-04-01,Tucumán,hogares,100807.4500
2014-04-01,Tucumán,industria,46255.2830
2014-05-01,Buenos Aires y CABA,comercio,1497382.5940
2014-05-01,Buenos Aires y CABA,hogares,2274202.6950
2014-05-01,Buenos Aires y CABA,industria,1613097.0260
2014-05-01,Catamarca,comercio,21526.1390
2014-05-01,Catamarca,hogares,39733.3530
2014-05-01,Catamarca,industria,98683.0620
2014-05-01,Chaco,comercio,52796.5490
2014-05-01,Chaco,hogares,102771.0960
2014-05-01,Chaco,industria,15043.5490
2014-05-01,Chubut,comercio,48295.3560
2014-05-01,Chubut,hogares,53209.6770
2014-05-01,Chubut,industria,247657.0950
2014-05-01,Corrientes,comercio,54631.3000
2014-05-01,Corrientes,hogares,102431.3810
2014-05-01,Corrientes,industria,28441.8160
2014-05-01,Córdoba,comercio,258856.8130
2014-05-01,Córdoba,hogares,307620.3060
2014-05-01,Córdoba,industria,202774.7180
2014-05-01,Entre Ríos,comercio,93326.1550
2014-05-01,Entre Ríos,hogares,106928.0720
2014-05-01,Entre Ríos,industria,69002.1870
2014-05-01,Formosa,comercio,22942.8070
2014-05-01,Formosa,hogares,55754.9470
2014-05-01,Formosa,industria,4188.0890
2014-05-01,Jujuy,comercio,25801.1990
2014-05-01,Jujuy,hogares,37843.1460
2014-05-01,Jujuy,industria,13917.8600
2014-05-01,La Pampa,comercio,31758.6890
2014-05-01,La Pampa,hogares,28133.9130
2014-05-01,La Pampa,industria,7783.6240
2014-05-01,La Rioja,comercio,31537.3640
2014-05-01,La Rioja,hogares,39495.7030
2014-05-01,La Rioja,industria,21659.3620
2014-05-01,Mendoza,comercio,150849.5960
2014-05-01,Mendoza,hogares,145819.1750
2014-05-01,Mendoza,industria,173006.3030
2014-05-01,Misiones,comercio,42282.8770
2014-05-01,Misiones,hogares,73544.9430
2014-05-01,Misiones,industria,17488.7240
2014-05-01,Neuquén,comercio,45835.6690
2014-05-01,Neuquén,hogares,56866.8550
2014-05-01,Neuquén,industria,76357.9220
2014-05-01,Río Negro,comercio,61453.4490
2014-05-01,Río Negro,hogares,56554.2410
2014-05-01,Río Negro,industria,48171.0910
2014-05-01,Salta,comercio,60847.9380
2014-05-01,Salta,hogares,71898.8130
2014-05-01,Salta,industria,14243.1140
2014-05-01,San Juan,comercio,41472.7100
2014-05-01,San Juan,hogares,71199.9110
2014-05-01,San Juan,industria,48699.5700
2014-05-01,San Luis,comercio,33947.4640
2014-05-01,San Luis,hogares,43700.0810
2014-05-01,San Luis,industria,47526.2070
2014-05-01,Santa Cruz,comercio,25961.0110
2014-05-01,Santa Cruz,hogares,22706.9820
2014-05-01,Santa Cruz,industria,34489.5430
2014-05-01,Santa Fe,comercio,248426.2890
2014-05-01,Santa Fe,hogares,331236.8020
2014-05-01,Santa Fe,industria,442079.6560
2014-05-01,Santiago del Estero,comercio,30336.8670
2014-05-01,Santiago del Estero,hogares,51914.7500
2014-05-01,Santiago del Estero,industria,11008.4810
2014-05-01,Tucumán,comercio,62519.3920
2014-05-01,Tucumán,hogares,108921.6850
2014-05-01,Tucumán,industria,48509.2530
2014-06-01,Buenos Aires y CABA,comercio,1479404.6420
2014-06-01,Buenos Aires y CABA,hogares,2730117.3090
2014-06-01,Buenos Aires y CABA,industria,1597544.9850
2014-06-01,Catamarca,comercio,23779.4280
2014-06-01,Catamarca,hogares,44547.7190
2014-06-01,Catamarca,industria,97186.8170
2014-06-01,Chaco,comercio,50613.5150
2014-06-01,Chaco,hogares,100366.3980
2014-06-01,Chaco,industria,17574.3180
2014-06-01,Chubut,comercio,50691.0520
2014-06-01,Chubut,hogares,53105.0080
2014-06-01,Chubut,industria,189123.0070
2014-06-01,Corrientes,comercio,55311.7770
2014-06-01,Corrientes,hogares,104964.4680
2014-06-01,Corrientes,industria,26455.6300
2014-06-01,Córdoba,comercio,268453.6590
2014-06-01,Córdoba,hogares,347240.8980
2014-06-01,Córdoba,industria,197505.5610
2014-06-01,Entre Ríos,comercio,92803.4560
2014-06-01,Entre Ríos,hogares,118729.2530
2014-06-01,Entre Ríos,industria,66386.4910
2014-06-01,Formosa,comercio,24477.0030
2014-06-01,Formosa,hogares,48683.1010
2014-06-01,Formosa,industria,4242.3790
2014-06-01,Jujuy,comercio,24773.2780
2014-06-01,Jujuy,hogares,39431.7840
2014-06-01,Jujuy,industria,14336.2850
2014-06-01,La Pampa,comercio,32022.6510
2014-06-01,La Pampa,hogares,28395.8280
2014-06-01,La Pampa,industria,7882.9330
2014-06-01,La Rioja,comercio,30296.7090
2014-06-01,La Rioja,hogares,48753.7510
2014-06-01,La Rioja,industria,20945.9010
2014-06-01,Mendoza,comercio,143305.8790
2014-06-01,Mendoza,hogares,165990.1230
2014-06-01,Mendoza,industria,163807.3530
2014-06-01,Misiones,comercio,33572.4140
2014-06-01,Misiones,hogares,59395.5590
2014-06-01,Misiones,industria,14090.1410
2014-06-01,Neuquén,comercio,48810.1460
2014-06-01,Neuquén,hogares,55546.8690
2014-06-01,Neuquén,industria,75957.4860
2014-06-01,Río Negro,comercio,60926.8660
2014-06-01,Río Negro,hogares,57620.6950
2014-06-01,Río Negro,industria,42444.5380
2014-06-01,Salta,comercio,60046.0570
2014-06-01,Salta,hogares,79806.5230
2014-06-01,Salta,industria,13443.9750
2014-06-01,San Juan,comercio,41894.9880
2014-06-01,San Juan,hogares,87051.7590
2014-06-01,San Juan,industria,47763.7880
2014-06-01,San Luis,comercio,35748.4450
2014-06-01,San Luis,hogares,48113.9500
2014-06-01,San Luis,industria,49117.7260
2014-06-01,Santa Cruz,comercio,27632.6170
2014-06-01,Santa Cruz,hogares,23024.3520
2014-06-01,Santa Cruz,industria,33557.3550
2014-06-01,Santa Fe,comercio,255799.3780
2014-06-01,Santa Fe,hogares,375965.3650
2014-06-01,Santa Fe,industria,433335.7310
2014-06-01,Santiago del Estero,comercio,29348.9030
2014-06-01,Santiago del Estero,hogares,53877.3160
2014-06-01,Santiago del Estero,industria,13727.2220
2014-06-01,Tucumán,comercio,64520.9810
2014-06-01,Tucumán,hogares,119946.0060
2014-06-01,Tucumán,industria,50377.4760
2014-07-01,Buenos Aires y CABA,comercio,1546200.4310
2014-07-01,Buenos Aires y CABA,hogares,2914103.6490
2014-07-01,Buenos Aires y CABA,industria,1607060.5180
2014-07-01,Catamarca,comercio,24812.4900
2014-07-01,Catamarca,hogares,49621.1360
2014-07-01,Catamarca,industria,95400.3590
2014-07-01,Chaco,comercio,52986.5900
2014-07-01,Chaco,hogares,111589.3850
2014-07-01,Chaco,industria,19384.0870
2014-07-01,Chubut,comercio,52902.6520
2014-07-01,Chubut,hogares,55820.0400
2014-07-01,Chubut,industria,197851.3200
2014-07-01,Corrientes,comercio,57270.2280
2014-07-01,Corrientes,hogares,110133.6170
2014-07-01,Corrientes,industria,26658.8410
2014-07-01,Córdoba,comercio,274908.1830
2014-07-01,Córdoba,hogares,370201.8730
2014-07-01,Córdoba,industria,203127.8830
2014-07-01,Entre Ríos,comercio,95319.2410
2014-07-01,Entre Ríos,hogares,125658.9810
2014-07-01,Entre Ríos,industria,69716.6970
2014-07-01,Formosa,comercio,25741.6470
2014-07-01,Formosa,hogares,51590.4070
2014-07-01,Formosa,industria,4279.0240
2014-07-01,Jujuy,comercio,26688.4500
2014-07-01,Jujuy,hogares,44082.7710
2014-07-01,Jujuy,industria,10698.0930
2014-07-01,La Pampa,comercio,33436.8290
2014-07-01,La Pampa,hogares,30256.3150
2014-07-01,La Pampa,industria,7888.0600
2014-07-01,La Rioja,comercio,34078.2800
2014-07-01,La Rioja,hogares,51816.1450
2014-07-01,La Rioja,industria,22427.1340
2014-07-01,Mendoza,comercio,146335.9110
2014-07-01,Mendoza,hogares,182727.4490
2014-07-01,Mendoza,industria,168662.0570
2014-07-01,Misiones,comercio,28388.1020
2014-07-01,Misiones,hogares,51021.2070
2014-07-01,Misiones,industria,11977.7100
2014-07-01,Neuquén,comercio,50600.0740
2014-07-01,Neuquén,hogares,60010.1730
2014-07-01,Neuquén,industria,79246.8700
2014-07-01,Río Negro,comercio,62425.5010
2014-07-01,Río Negro,hogares,61551.6640
2014-07-01,Río Negro,industria,40401.1100
2014-07-01,Salta,comercio,64355.9130
2014-07-01,Salta,hogares,85768.3310
2014-07-01,Salta,industria,12280.9010
2014-07-01,San Juan,comercio,44155.8430
2014-07-01,San Juan,hogares,94896.5810
2014-07-01,San Juan,industria,46100.2040
2014-07-01,San Luis,comercio,38547.6200
2014-07-01,San Luis,hogares,49863.1190
2014-07-01,San Luis,industria,52616.7780
2014-07-01,Santa Cruz,comercio,25701.0040
2014-07-01,Santa Cruz,hogares,25855.8070
2014-07-01,Santa Cruz,industria,32290.7530
2014-07-01,Santa Fe,comercio,264995.0390
2014-07-01,Santa Fe,hogares,405420.6650
2014-07-01,Santa Fe,industria,422304.9250
2014-07-01,Santiago del Estero,comercio,31208.3950
2014-07-01,Santiago del Estero,hogares,59175.4500
2014-07-01,Santiago del Estero,industria,15101.8430
2014-07-01,Tucumán,comercio,67637.6510
2014-07-01,Tucumán,hogares,124764.0630
2014-07-01,Tucumán,industria,53842.0330
2014-08-01,Buenos Aires y CABA,comercio,1386584.9240
2014-08-01,Buenos Aires y CABA,hogares,2504291.3610
2014-08-01,Buenos Aires y CABA,industria,1571619.6990
2014-08-01,Catamarca,comercio,22839.6150
2014-08-01,Catamarca,hogares,40487.2640
2014-08-01,Catamarca,industria,96392.1970
2014-08-01,Chaco,comercio,54261.5540
2014-08-01,Chaco,hogares,109319.8400
2014-08-01,Chaco,industria,21211.2020
2014-08-01,Chubut,comercio,49620.5370
2014-08-01,Chubut,hogares,54662.4640
2014-08-01,Chubut,industria,196167.6930
2014-08-01,Corrientes,comercio,53638.4190
2014-08-01,Corrientes,hogares,112174.8940
2014-08-01,Corrientes,industria,25566.9200
2014-08-01,Córdoba,comercio,280221.6100
2014-08-01,Córdoba,hogares,303475.9650
2014-08-01,Córdoba,industria,204289.1230
2014-08-01,Entre Ríos,comercio,94556.5620
2014-08-01,Entre Ríos,hogares,111018.3340
2014-08-01,Entre Ríos,industria,69840.5050
2014-08-01,Formosa,comercio,26757.9600
2014-08-01,Formosa,hogares,50885.6690
2014-08-01,Formosa,industria,4365.4470
2014-08-01,Jujuy,comercio,25941.5730
2014-08-01,Jujuy,hogares,39502.3450
2014-08-01,Jujuy,industria,15294.0620
2014-08-01,La Pampa,comercio,31908.3350
2014-08-01,La Pampa,hogares,29286.1740
2014-08-01,La Pampa,industria,7418.8100
2014-08-01,La Rioja,comercio,41516.4580
2014-08-01,La Rioja,hogares,38665.7450
2014-08-01,La Rioja,industria,24787.3180
2014-08-01,Mendoza,comercio,153219.5680
2014-08-01,Mendoza,hogares,160071.4390
2014-08-01,Mendoza,industria,172217.2150
2014-08-01,Misiones,comercio,33756.5050
2014-08-01,Misiones,hogares,56156.7230
2014-08-01,Misiones,industria,13216.0340
2014-08-01,Neuquén,comercio,48456.1220
2014-08-01,Neuquén,hogares,54616.8490
2014-08-01,Neuquén,industria,79162.7320
2014-08-01,Río Negro,comercio,59680.1600
2014-08-01,Río Negro,hogares,58449.0150
2014-08-01,Río Negro,industria,40825.0430
2014-08-01,Salta,comercio,64680.6690
2014-08-01,Salta,hogares,72644.3010
2014-08-01,Salta,industria,11142.5740
2014-08-01,San Juan,comercio,44593.3460
2014-08-01,San Juan,hogares,75401.5540
2014-08-01,San Juan,industria,49372.7120
2014-08-01,San Luis,comercio,37070.5550
2014-08-01,San Luis,hogares,43299.7540
2014-08-01,San Luis,industria,52013.6040
2014-08-01,Santa Cruz,comercio,22666.9430
2014-08-01,Santa Cruz,hogares,23551.0170
2014-08-01,Santa Cruz,industria,34334.2650
2014-08-01,Santa Fe,comercio,249756.1160
2014-08-01,Santa Fe,hogares,348788.6230
2014-08-01,Santa Fe,industria,404077.3860
2014-08-01,Santiago del Estero,comercio,30010.6150
2014-08-01,Santiago del Estero,hogares,53697.8750
2014-08-01,Santiago del Estero,industria,15505.5750
2014-08-01,Tucumán,comercio,60705.1230
2014-08-01,Tucumán,hogares,114489.4960
2014-08-01,Tucumán,industria,54482.3030
2014-09-01,Buenos Aires y CABA,comercio,1384322.0450
2014-09-01,Buenos Aires y CABA,hogares,2008189.2960
2014-09-01,Buenos Aires y CABA,industria,1567388.1040
2014-09-01,Catamarca,comercio,22943.4170
2014-09-01,Catamarca,hogares,34431.3370
2014-09-01,Catamarca,industria,92939.5680
2014-09-01,Chaco,comercio,53193.5160
2014-09-01,Chaco,hogares,103545.0670
2014-09-01,Chaco,industria,18247.0910
2014-09-01,Chubut,comercio,47994.5030
2014-09-01,Chubut,hogares,49712.3140
2014-09-01,Chubut,industria,227590.9680
2014-09-01,Corrientes,comercio,55512.3640
2014-09-01,Corrientes,hogares,96690.3100
2014-09-01,Corrientes,industria,27934.8040
2014-09-01,Córdoba,comercio,250174.3060
2014-09-01,Córdoba,hogares,272821.8880
2014-09-01,Córdoba,industria,200147.5400
2014-09-01,Entre Ríos,comercio,91804.0360
2014-09-01,Entre Ríos,hogares,93113.6000
2014-09-01,Entre Ríos,industria,69796.4910
2014-09-01,Formosa,comercio,28044.4550
2014-09-01,Formosa,hogares,52600.2730
2014-09-01,Formosa,industria,5017.8940
2014-09-01,Jujuy,comercio,26036.6290
2014-09-01,Jujuy,hogares,39168.8350
2014-09-01,Jujuy,industria,15954.8560
2014-09-01,La Pampa,comercio,29367.3910
2014-09-01,La Pampa,hogares,26582.6520
2014-09-01,La Pampa,industria,7398.7650
2014-09-01,La Rioja,comercio,46593.1580
2014-09-01,La Rioja,hogares,29961.8890
2014-09-01,La Rioja,industria,25180.4480
2014-09-01,Mendoza,comercio,171272.8220
2014-09-01,Mendoza,hogares,127150.8380
2014-09-01,Mendoza,industria,172696.0560
2014-09-01,Misiones,comercio,46318.2020
2014-09-01,Misiones,hogares,70511.4920
2014-09-01,Misiones,industria,16823.9350
2014-09-01,Neuquén,comercio,46156.2340
2014-09-01,Neuquén,hogares,48318.6080
2014-09-01,Neuquén,industria,82159.0610
2014-09-01,Río Negro,comercio,57347.9150
2014-09-01,Río Negro,hogares,52785.0280
2014-09-01,Río Negro,industria,39319.3340
2014-09-01,Salta,comercio,65557.6010
2014-09-01,Salta,hogares,69441.1260
2014-09-01,Salta,industria,10973.3120
2014-09-01,San Juan,comercio,46576.7360
2014-09-01,San Juan,hogares,62181.7690
2014-09-01,San Juan,industria,47084.2180
2014-09-01,San Luis,comercio,35204.6920
2014-09-01,San Luis,hogares,36623.3700
2014-09-01,San Luis,industria,53763.8380
2014-09-01,Santa Cruz,comercio,25854.6910
2014-09-01,Santa Cruz,hogares,22409.3210
2014-09-01,Santa Cruz,industria,35378.7870
2014-09-01,Santa Fe,comercio,233009.9850
2014-09-01,Santa Fe,hogares,296650.6870
2014-09-01,Santa Fe,industria,413828.2840
2014-09-01,Santiago del Estero,comercio,31458.2600
2014-09-01,Santiago del Estero,hogares,52983.8410
2014-09-01,Santiago del Estero,industria,15446.2030
2014-09-01,Tucumán,comercio,67564.9140
2014-09-01,Tucumán,hogares,101061.1550
2014-09-01,Tucumán,industria,53232.0660
2014-10-01,Buenos Aires y CABA,comercio,1472717.9800
2014-10-01,Buenos Aires y CABA,hogares,2054894.7680
2014-10-01,Buenos Aires y CABA,industria,1655249.1750
2014-10-01,Catamarca,comercio,27681.7040
2014-10-01,Catamarca,hogares,44527.0810
2014-10-01,Catamarca,industria,103508.9380
2014-10-01,Chaco,comercio,67943.4370
2014-10-01,Chaco,hogares,155677.3750
2014-10-01,Chaco,industria,14650.6130
2014-10-01,Chubut,comercio,44121.5930
2014-10-01,Chubut,hogares,45316.8700
2014-10-01,Chubut,industria,269223.4440
2014-10-01,Corrientes,comercio,51631.2760
2014-10-01,Corrientes,hogares,148728.0810
2014-10-01,Corrientes,industria,30287.8560
2014-10-01,Córdoba,comercio,283267.1060
2014-10-01,Córdoba,hogares,300912.3750
2014-10-01,Córdoba,industria,217905.1520
2014-10-01,Entre Ríos,comercio,95890.4990
2014-10-01,Entre Ríos,hogares,116769.9300
2014-10-01,Entre Ríos,industria,73350.7090
2014-10-01,Formosa,comercio,37566.1700
2014-10-01,Formosa,hogares,76017.6300
2014-10-01,Formosa,industria,5885.4560
2014-10-01,Jujuy,comercio,32054.7520
2014-10-01,Jujuy,hogares,43447.4510
2014-10-01,Jujuy,industria,17030.8720
2014-10-01,La Pampa,comercio,31792.7780
2014-10-01,La Pampa,hogares,28946.3620
2014-10-01,La Pampa,industria,7416.3050
2014-10-01,La Rioja,comercio,53400.5460
2014-10-01,La Rioja,hogares,43305.2890
2014-10-01,La Rioja,industria,26300.6050
2014-10-01,Mendoza,comercio,198582.6810
2014-10-01,Mendoza,hogares,139604.2590
2014-10-01,Mendoza,industria,176011.3650
2014-10-01,Misiones,comercio,40375.1500
2014-10-01,Misiones,hogares,85159.0700
2014-10-01,Misiones,industria,15315.3770
2014-10-01,Neuquén,comercio,44597.0150
2014-10-01,Neuquén,hogares,49725.4440
2014-10-01,Neuquén,industria,94263.4890
2014-10-01,Río Negro,comercio,56991.5620
2014-10-01,Río Negro,hogares,51779.8010
2014-10-01,Río Negro,industria,40038.0050
2014-10-01,Salta,comercio,72527.1820
2014-10-01,Salta,hogares,87719.2140
2014-10-01,Salta,industria,13218.0880
2014-10-01,San Juan,comercio,55702.3500
2014-10-01,San Juan,hogares,72206.9460
2014-10-01,San Juan,industria,55232.0310
2014-10-01,San Luis,comercio,36375.5770
2014-10-01,San Luis,hogares,40060.4630
2014-10-01,San Luis,industria,57516.5470
2014-10-01,Santa Cruz,comercio,25341.7010
2014-10-01,Santa Cruz,hogares,21840.9180
2014-10-01,Santa Cruz,industria,33516.2040
2014-10-01,Santa Fe,comercio,255090.0290
2014-10-01,Santa Fe,hogares,357392.1300
2014-10-01,Santa Fe,industria,430990.7110
2014-10-01,Santiago del Estero,comercio,40895.6610
2014-10-01,Santiago del Estero,hogares,78684.7470
2014-10-01,Santiago del Estero,industria,17085.8610
2014-10-01,Tucumán,comercio,82792.6330
2014-10-01,Tucumán,hogares,143851.3830
2014-10-01,Tucumán,industria,58589.3690
2014-11-01,Buenos Aires y CABA,comercio,1433055.8910
2014-11-01,Buenos Aires y CABA,hogares,1888556.0690
2014-11-01,Buenos Aires y CABA,industria,1652390.3210
2014-11-01,Catamarca,comercio,25988.5820
2014-11-01,Catamarca,hogares,42037.0170
2014-11-01,Catamarca,industria,101064.1610
2014-11-01,Chaco,comercio,63894.3370
2014-11-01,Chaco,hogares,139034.0000
2014-11-01,Chaco,industria,12522.8210
2014-11-01,Chubut,comercio,42778.3120
2014-11-01,Chubut,hogares,40733.5940
2014-11-01,Chubut,industria,286418.8160
2014-11-01,Corrientes,comercio,65801.8000
2014-11-01,Corrientes,hogares,131943.7450
2014-11-01,Corrientes,industria,31729.0230
2014-11-01,Córdoba,comercio,266733.5930
2014-11-01,Córdoba,hogares,290911.3050
2014-11-01,Córdoba,industria,207760.6410
2014-11-01,Entre Ríos,comercio,99409.6720
2014-11-01,Entre Ríos,hogares,114236.4780
2014-11-01,Entre Ríos,industria,69656.0700
2014-11-01,Formosa,comercio,33080.5600
2014-11-01,Formosa,hogares,66710.8090
2014-11-01,Formosa,industria,5009.5150
2014-11-01,Jujuy,comercio,31671.9030
2014-11-01,Jujuy,hogares,42203.4180
2014-11-01,Jujuy,industria,17290.8010
2014-11-01,La Pampa,comercio,31298.3710
2014-11-01,La Pampa,hogares,29432.3300
2014-11-01,La Pampa,industria,8083.9590
2014-11-01,La Rioja,comercio,56168.0230
2014-11-01,La Rioja,hogares,40633.0060
2014-11-01,La Rioja,industria,25449.4720
2014-11-01,Mendoza,comercio,204656.3750
2014-11-01,Mendoza,hogares,138118.3020
2014-11-01,Mendoza,industria,172777.4040
2014-11-01,Misiones,comercio,55466.8830
2014-11-01,Misiones,hogares,92211.3030
2014-11-01,Misiones,industria,17046.4230
2014-11-01,Neuquén,comercio,43931.0160
2014-11-01,Neuquén,hogares,46440.6890
2014-11-01,Neuquén,industria,92731.9470
2014-11-01,Río Negro,comercio,55930.1670
2014-11-01,Río Negro,hogares,49487.6390
2014-11-01,Río Negro,industria,36818.3270
2014-11-01,Salta,comercio,70667.0930
2014-11-01,Salta,hogares,76502.6460
2014-11-01,Salta,industria,11905.0150
2014-11-01,San Juan,comercio,57690.2640
2014-11-01,San Juan,hogares,79684.4050
2014-11-01,San Juan,industria,52137.7460
2014-11-01,San Luis,comercio,36020.0980
2014-11-01,San Luis,hogares,37306.9260
2014-11-01,San Luis,industria,59426.3850
2014-11-01,Santa Cruz,comercio,21911.3050
2014-11-01,Santa Cruz,hogares,21723.2960
2014-11-01,Santa Cruz,industria,34551.0180
2014-11-01,Santa Fe,comercio,245286.4080
2014-11-01,Santa Fe,hogares,359458.5560
2014-11-01,Santa Fe,industria,404764.4150
2014-11-01,Santiago del Estero,comercio,34065.2920
2014-11-01,Santiago del Estero,hogares,72021.6750
2014-11-01,Santiago del Estero,industria,15118.9760
2014-11-01,Tucumán,comercio,72923.9620
2014-11-01,Tucumán,hogares,129226.8630
2014-11-01,Tucumán,industria,53039.4380
2014-12-01,Buenos Aires y CABA,comercio,1589790.6670
2014-12-01,Buenos Aires y CABA,hogares,2201533.0200
2014-12-01,Buenos Aires y CABA,industria,1681132.0350
2014-12-01,Catamarca,comercio,26146.2560
2014-12-01,Catamarca,hogares,49296.0110
2014-12-01,Catamarca,industria,101161.0710
2014-12-01,Chaco,comercio,66752.4470
2014-12-01,Chaco,hogares,169702.3090
2014-12-01,Chaco,industria,12689.3640
2014-12-01,Chubut,comercio,42990.2770
2014-12-01,Chubut,hogares,40453.0400
2014-12-01,Chubut,industria,276293.3600
2014-12-01,Corrientes,comercio,56090.8690
2014-12-01,Corrientes,hogares,165525.2020
2014-12-01,Corrientes,industria,25257.1990
2014-12-01,Córdoba,comercio,292250.2900
2014-12-01,Córdoba,hogares,323079.2730
2014-12-01,Córdoba,industria,205267.6700
2014-12-01,Entre Ríos,comercio,106286.1060
2014-12-01,Entre Ríos,hogares,140657.1950
2014-12-01,Entre Ríos,industria,70116.2430
2014-12-01,Formosa,comercio,39359.5130
2014-12-01,Formosa,hogares,80758.3200
2014-12-01,Formosa,industria,5058.5200
2014-12-01,Jujuy,comercio,36136.9260
2014-12-01,Jujuy,hogares,43687.7160
2014-12-01,Jujuy,industria,14901.9370
2014-12-01,La Pampa,comercio,36007.3900
2014-12-01,La Pampa,hogares,36644.1390
2014-12-01,La Pampa,industria,8894.7380
2014-12-01,La Rioja,comercio,58063.7090
2014-12-01,La Rioja,hogares,47558.2890
2014-12-01,La Rioja,industria,21103.2310
2014-12-01,Mendoza,comercio,210740.7880
2014-12-01,Mendoza,hogares,166383.3500
2014-12-01,Mendoza,industria,179887.8330
2014-12-01,Misiones,comercio,57364.5470
2014-12-01,Misiones,hogares,106977.1780
2014-12-01,Misiones,industria,18391.5170
2014-12-01,Neuquén,comercio,46392.2490
2014-12-01,Neuquén,hogares,52147.2150
2014-12-01,Neuquén,industria,96676.7360
2014-12-01,Río Negro,comercio,61436.8140
2014-12-01,Río Negro,hogares,54778.5930
2014-12-01,Río Negro,industria,38716.5680
2014-12-01,Salta,comercio,69866.5560
2014-12-01,Salta,hogares,85861.7910
2014-12-01,Salta,industria,12186.7370
2014-12-01,San Juan,comercio,62292.0570
2014-12-01,San Juan,hogares,103244.5330
2014-12-01,San Juan,industria,55052.4680
2014-12-01,San Luis,comercio,37254.7230
2014-12-01,San Luis,hogares,43172.7730
2014-12-01,San Luis,industria,56831.0670
2014-12-01,Santa Cruz,comercio,23967.6080
2014-12-01,Santa Cruz,hogares,19732.5570
2014-12-01,Santa Cruz,industria,34733.2130
2014-12-01,Santa Fe,comercio,254034.7880
2014-12-01,Santa Fe,hogares,434454.2320
2014-12-01,Santa Fe,industria,372840.2550
2014-12-01,Santiago del Estero,comercio,35510.8370
2014-12-01,Santiago del Estero,hogares,84266.9230
2014-12-01,Santiago del Estero,industria,12513.4170
2014-12-01,Tucumán,comercio,77155.8220
2014-12-01,Tucumán,hogares,144308.7690
2014-12-01,Tucumán,industria,49558.9740
2015-01-01,Buenos Aires y CABA,comercio,1578069.8090
2015-01-01,Buenos Aires y CABA,hogares,2429924.8140
2015-01-01,Buenos Aires y CABA,industria,1605688.8630
2015-01-01,Catamarca,comercio,28630.4140
2015-01-01,Catamarca,hogares,49500.5960
2015-01-01,Catamarca,industria,96652.7810
2015-01-01,Chaco,comercio,70687.0500
2015-01-01,Chaco,hogares,197173.9590
2015-01-01,Chaco,industria,11218.8800
2015-01-01,Chubut,comercio,43556.3940
2015-01-01,Chubut,hogares,41393.4080
2015-01-01,Chubut,industria,268119.4320
2015-01-01,Corrientes,comercio,72381.6440
2015-01-01,Corrientes,hogares,176941.0020
2015-01-01,Corrientes,industria,25727.6790
2015-01-01,Córdoba,comercio,290098.6490
2015-01-01,Córdoba,hogares,384830.9460
2015-01-01,Córdoba,industria,198876.7910
2015-01-01,Entre Ríos,comercio,118835.8320
2015-01-01,Entre Ríos,hogares,164164.7170
2015-01-01,Entre Ríos,industria,70787.2220
2015-01-01,Formosa,comercio,41817.4160
2015-01-01,Formosa,hogares,87127.8980
2015-01-01,Formosa,industria,6159.8830
2015-01-01,Jujuy,comercio,36512.5190
2015-01-01,Jujuy,hogares,45350.0350
2015-01-01,Jujuy,industria,15705.2130
2015-01-01,La Pampa,comercio,35881.1150
2015-01-01,La Pampa,hogares,38559.4430
2015-01-01,La Pampa,industria,8411.9380
2015-01-01,La Rioja,comercio,57367.1230
2015-01-01,La Rioja,hogares,53527.4490
2015-01-01,La Rioja,industria,21531.2850
2015-01-01,Mendoza,comercio,227491.4820
2015-01-01,Mendoza,hogares,195134.6450
2015-01-01,Mendoza,industria,189218.8860
2015-01-01,Misiones,comercio,43737.3540
2015-01-01,Misiones,hogares,90903.7210
2015-01-01,Misiones,industria,15054.5950
2015-01-01,Neuquén,comercio,51796.3910
2015-01-01,Neuquén,hogares,58327.8070
2015-01-01,Neuquén,industria,98025.8200
2015-01-01,Río Negro,comercio,66857.7000
2015-01-01,Río Negro,hogares,61985.3020
2015-01-01,Río Negro,industria,43156.6730
2015-01-01,Salta,comercio,74534.3160
2015-01-01,Salta,hogares,88965.4980
2015-01-01,Salta,industria,12185.3800
2015-01-01,San Juan,comercio,63588.4950
2015-01-01,San Juan,hogares,121858.2430
2015-01-01,San Juan,industria,58146.1290
2015-01-01,San Luis,comercio,39959.1020
2015-01-01,San Luis,hogares,47382.6260
2015-01-01,San Luis,industria,51941.5380
2015-01-01,Santa Cruz,comercio,21718.5180
2015-01-01,Santa Cruz,hogares,20161.1400
2015-01-01,Santa Cruz,industria,36693.1650
2015-01-01,Santa Fe,comercio,278680.2530
2015-01-01,Santa Fe,hogares,478291.4500
2015-01-01,Santa Fe,industria,354466.6030
2015-01-01,Santiago del Estero,comercio,40509.7620
2015-01-01,Santiago del Estero,hogares,105679.9000
2015-01-01,Santiago del Estero,industria,12594.4180
2015-01-01,Tucumán,comercio,79448.9050
2015-01-01,Tucumán,hogares,159221.2060
2015-01-01,Tucumán,industria,47260.8710
2015-02-01,Buenos Aires y CABA,comercio,1459135.0640
2015-02-01,Buenos Aires y CABA,hogares,2187475.6730
2015-02-01,Buenos Aires y CABA,industria,1541529.8360
2015-02-01,Catamarca,comercio,25196.5370
2015-02-01,Catamarca,hogares,42826.9530
2015-02-01,Catamarca,industria,89284.8330
2015-02-01,Chaco,comercio,66876.9650
2015-02-01,Chaco,hogares,175211.0950
2015-02-01,Chaco,industria,11969.1370
2015-02-01,Chubut,comercio,40574.4000
2015-02-01,Chubut,hogares,37367.7400
2015-02-01,Chubut,industria,241122.9050
2015-02-01,Corrientes,comercio,68035.7130
2015-02-01,Corrientes,hogares,164142.8240
2015-02-01,Corrientes,industria,30107.9320
2015-02-01,Córdoba,comercio,277465.6280
2015-02-01,Córdoba,hogares,275711.0320
2015-02-01,Córdoba,industria,194904.8940
2015-02-01,Entre Ríos,comercio,116493.2620
2015-02-01,Entre Ríos,hogares,140260.0300
2015-02-01,Entre Ríos,industria,67848.5410
2015-02-01,Formosa,comercio,36484.5920
2015-02-01,Formosa,hogares,82175.8680
2015-02-01,Formosa,industria,5020.0380
2015-02-01,Jujuy,comercio,33979.9690
2015-02-01,Jujuy,hogares,38762.2360
2015-02-01,Jujuy,industria,14910.8860
2015-02-01,La Pampa,comercio,30001.4060
2015-02-01,La Pampa,hogares,33097.5630
2015-02-01,La Pampa,industria,8561.7600
2015-02-01,La Rioja,comercio,46901.3900
2015-02-01,La Rioja,hogares,46081.9600
2015-02-01,La Rioja,industria,21519.6330
2015-02-01,Mendoza,comercio,171510.5260
2015-02-01,Mendoza,hogares,143427.0470
2015-02-01,Mendoza,industria,176404.2130
2015-02-01,Misiones,comercio,58763.0280
2015-02-01,Misiones,hogares,111638.6240
2015-02-01,Misiones,industria,19237.5040
2015-02-01,Neuquén,comercio,45386.7610
2015-02-01,Neuquén,hogares,49833.6800
2015-02-01,Neuquén,industria,86361.6840
2015-02-01,Río Negro,comercio,64641.2820
2015-02-01,Río Negro,hogares,52383.8610
2015-02-01,Río Negro,industria,54886.4890
2015-02-01,Salta,comercio,75130.6940
2015-02-01,Salta,hogares,69572.2310
2015-02-01,Salta,industria,13126.3130
2015-02-01,San Juan,comercio,54755.1480
2015-02-01,San Juan,hogares,88819.8670
2015-02-01,San Juan,industria,54182.6380
2015-02-01,San Luis,comercio,35258.0970
2015-02-01,San Luis,hogares,36378.6080
2015-02-01,San Luis,industria,48299.0690
2015-02-01,Santa Cruz,comercio,19133.7270
2015-02-01,Santa Cruz,hogares,18704.5170
2015-02-01,Santa Cruz,industria,38711.5920
2015-02-01,Santa Fe,comercio,245316.5810
2015-02-01,Santa Fe,hogares,419860.4120
2015-02-01,Santa Fe,industria,373962.6090
2015-02-01,Santiago del Estero,comercio,35665.1260
2015-02-01,Santiago del Estero,hogares,85050.6620
2015-02-01,Santiago del Estero,industria,12583.1550
2015-02-01,Tucumán,comercio,69634.9250
2015-02-01,Tucumán,hogares,139370.9990
2015-02-01,Tucumán,industria,46056.6570
2015-03-01,Buenos Aires y CABA,comercio,1555309.3110
2015-03-01,Buenos Aires y CABA,hogares,2397803.4180
2015-03-01,Buenos Aires y CABA,industria,1700405.5840
2015-03-01,Catamarca,comercio,25174.4180
2015-03-01,Catamarca,hogares,40203.0160
2015-03-01,Catamarca,industria,95182.3100
2015-03-01,Chaco,comercio,71778.8990
2015-03-01,Chaco,hogares,182309.2120
2015-03-01,Chaco,industria,12706.4380
2015-03-01,Chubut,comercio,43995.3210
2015-03-01,Chubut,hogares,44983.2810
2015-03-01,Chubut,industria,267524.7860
2015-03-01,Corrientes,comercio,72102.1940
2015-03-01,Corrientes,hogares,162571.1600
2015-03-01,Corrientes,industria,31067.2390
2015-03-01,Córdoba,comercio,280577.0440
2015-03-01,Córdoba,hogares,340814.4350
2015-03-01,Córdoba,industria,217038.5200
2015-03-01,Entre Ríos,comercio,116052.6710
2015-03-01,Entre Ríos,hogares,139758.5470
2015-03-01,Entre Ríos,industria,73982.9830
2015-03-01,Formosa,comercio,38146.1960
2015-03-01,Formosa,hogares,85308.4570
2015-03-01,Formosa,industria,5971.9100
2015-03-01,Jujuy,comercio,29694.0390
2015-03-01,Jujuy,hogares,44420.9650
2015-03-01,Jujuy,industria,15544.7530
2015-03-01,La Pampa,comercio,34949.2470
2015-03-01,La Pampa,hogares,36949.9560
2015-03-01,La Pampa,industria,9249.1690
2015-03-01,La Rioja,comercio,46622.7230
2015-03-01,La Rioja,hogares,46926.7960
2015-03-01,La Rioja,industria,24172.2100
2015-03-01,Mendoza,comercio,171784.0570
2015-03-01,Mendoza,hogares,163481.7010
2015-03-01,Mendoza,industria,188087.0590
2015-03-01,Misiones,comercio,62224.4500
2015-03-01,Misiones,hogares,121940.5940
2015-03-01,Misiones,industria,21167.5970
2015-03-01,Neuquén,comercio,49163.9340
2015-03-01,Neuquén,hogares,56273.3450
2015-03-01,Neuquén,industria,99392.5670
2015-03-01,Río Negro,comercio,70018.8100
2015-03-01,Río Negro,hogares,56749.7140
2015-03-01,Río Negro,industria,64156.3490
2015-03-01,Salta,comercio,73360.5420
2015-03-01,Salta,hogares,82373.4590
2015-03-01,Salta,industria,15329.9080
2015-03-01,San Juan,comercio,59378.4930
2015-03-01,San Juan,hogares,96736.1160
2015-03-01,San Juan,industria,56423.2950
2015-03-01,San Luis,comercio,36579.2150
2015-03-01,San Luis,hogares,44314.2320
2015-03-01,San Luis,industria,53081.2580
2015-03-01,Santa Cruz,comercio,24693.8280
2015-03-01,Santa Cruz,hogares,20441.1320
2015-03-01,Santa Cruz,industria,45025.1100
2015-03-01,Santa Fe,comercio,288873.8500
2015-03-01,Santa Fe,hogares,432797.9490
2015-03-01,Santa Fe,industria,400037.2400
2015-03-01,Santiago del Estero,comercio,37124.0070
2015-03-01,Santiago del Estero,hogares,85509.1820
2015-03-01,Santiago del Estero,industria,12537.0670
2015-03-01,Tucumán,comercio,76076.1540
2015-03-01,Tucumán,hogares,141301.0330
2015-03-01,Tucumán,industria,52796.6170
2015-04-01,Buenos Aires y CABA,comercio,1415066.5280
2015-04-01,Buenos Aires y CABA,hogares,1877809.3410
2015-04-01,Buenos Aires y CABA,industria,1598715.1300
2015-04-01,Catamarca,comercio,25254.2330
2015-04-01,Catamarca,hogares,37516.9750
2015-04-01,Catamarca,industria,95936.3580
2015-04-01,Chaco,comercio,58583.4810
2015-04-01,Chaco,hogares,127033.5830
2015-04-01,Chaco,industria,16454.4480
2015-04-01,Chubut,comercio,44597.0960
2015-04-01,Chubut,hogares,46145.7200
2015-04-01,Chubut,industria,257723.2130
2015-04-01,Corrientes,comercio,61049.3400
2015-04-01,Corrientes,hogares,115106.9720
2015-04-01,Corrientes,industria,27489.1830
2015-04-01,Córdoba,comercio,278351.6370
2015-04-01,Córdoba,hogares,254016.7050
2015-04-01,Córdoba,industria,211457.5170
2015-04-01,Entre Ríos,comercio,103755.7880
2015-04-01,Entre Ríos,hogares,103849.4040
2015-04-01,Entre Ríos,industria,71323.6140
2015-04-01,Formosa,comercio,27662.1900
2015-04-01,Formosa,hogares,59687.0380
2015-04-01,Formosa,industria,5051.6550
2015-04-01,Jujuy,comercio,26808.6320
2015-04-01,Jujuy,hogares,39726.3110
2015-04-01,Jujuy,industria,16742.5710
2015-04-01,La Pampa,comercio,30400.4270
2015-04-01,La Pampa,hogares,28640.6280
2015-04-01,La Pampa,industria,8672.1800
2015-04-01,La Rioja,comercio,40451.4670
2015-04-01,La Rioja,hogares,35304.6330
2015-04-01,La Rioja,industria,22164.8850
2015-04-01,Mendoza,comercio,157079.3920
2015-04-01,Mendoza,hogares,130672.3340
2015-04-01,Mendoza,industria,178826.7680
2015-04-01,Misiones,comercio,57252.8010
2015-04-01,Misiones,hogares,88680.7620
2015-04-01,Misiones,industria,21313.3920
2015-04-01,Neuquén,comercio,45091.1270
2015-04-01,Neuquén,hogares,49920.3520
2015-04-01,Neuquén,industria,83420.8240
2015-04-01,Río Negro,comercio,61575.9840
2015-04-01,Río Negro,hogares,51284.1470
2015-04-01,Río Negro,industria,54625.9790
2015-04-01,Salta,comercio,63315.7630
2015-04-01,Salta,hogares,74665.4910
2015-04-01,Salta,industria,15221.0920
2015-04-01,San Juan,comercio,48489.0530
2015-04-01,San Juan,hogares,66334.8600
2015-04-01,San Juan,industria,49910.6030
2015-04-01,San Luis,comercio,34244.0800
2015-04-01,San Luis,hogares,35666.2310
2015-04-01,San Luis,industria,49605.5940
2015-04-01,Santa Cruz,comercio,27953.6800
2015-04-01,Santa Cruz,hogares,21365.4160
2015-04-01,Santa Cruz,industria,42553.4990
2015-04-01,Santa Fe,comercio,250170.1790
2015-04-01,Santa Fe,hogares,329149.2920
2015-04-01,Santa Fe,industria,411636.5290
2015-04-01,Santiago del Estero,comercio,34752.9950
2015-04-01,Santiago del Estero,hogares,65910.1560
2015-04-01,Santiago del Estero,industria,12818.2980
2015-04-01,Tucumán,comercio,71090.7310
2015-04-01,Tucumán,hogares,118366.4920
2015-04-01,Tucumán,industria,54921.9810
2015-05-01,Buenos Aires y CABA,comercio,1463276.6890
2015-05-01,Buenos Aires y CABA,hogares,2247633.8270
2015-05-01,Buenos Aires y CABA,industria,1594331.4420
2015-05-01,Catamarca,comercio,22834.2770
2015-05-01,Catamarca,hogares,39231.7600
2015-05-01,Catamarca,industria,99468.1330
2015-05-01,Chaco,comercio,54941.7980
2015-05-01,Chaco,hogares,109854.9850
2015-05-01,Chaco,industria,19302.0880
2015-05-01,Chubut,comercio,47781.0690
2015-05-01,Chubut,hogares,53967.3330
2015-05-01,Chubut,industria,267381.7960
2015-05-01,Corrientes,comercio,60447.9800
2015-05-01,Corrientes,hogares,107567.8560
2015-05-01,Corrientes,industria,24223.8220
2015-05-01,Córdoba,comercio,267929.0670
2015-05-01,Córdoba,hogares,295183.1760
2015-05-01,Córdoba,industria,206335.1510
2015-05-01,Entre Ríos,comercio,98830.5020
2015-05-01,Entre Ríos,hogares,106761.8000
2015-05-01,Entre Ríos,industria,70863.4660
2015-05-01,Formosa,comercio,24519.6940
2015-05-01,Formosa,hogares,52721.7870
2015-05-01,Formosa,industria,4443.7270
2015-05-01,Jujuy,comercio,26566.2150
2015-05-01,Jujuy,hogares,40890.9860
2015-05-01,Jujuy,industria,18326.3220
2015-05-01,La Pampa,comercio,32714.7040
2015-05-01,La Pampa,hogares,30140.8620
2015-05-01,La Pampa,industria,8544.3410
2015-05-01,La Rioja,comercio,35676.4360
2015-05-01,La Rioja,hogares,38232.9310
2015-05-01,La Rioja,industria,21801.7190
2015-05-01,Mendoza,comercio,152921.1920
2015-05-01,Mendoza,hogares,156747.9540
2015-05-01,Mendoza,industria,178410.2980
2015-05-01,Misiones,comercio,52229.2980
2015-05-01,Misiones,hogares,90063.6260
2015-05-01,Misiones,industria,18429.4590
2015-05-01,Neuquén,comercio,46402.5180
2015-05-01,Neuquén,hogares,57921.4280
2015-05-01,Neuquén,industria,90004.3490
2015-05-01,Río Negro,comercio,66265.2130
2015-05-01,Río Negro,hogares,60018.1070
2015-05-01,Río Negro,industria,41929.2950
2015-05-01,Salta,comercio,62992.2870
2015-05-01,Salta,hogares,78334.9390
2015-05-01,Salta,industria,14954.0960
2015-05-01,San Juan,comercio,45287.7920
2015-05-01,San Juan,hogares,72791.6720
2015-05-01,San Juan,industria,49067.8820
2015-05-01,San Luis,comercio,34304.6060
2015-05-01,San Luis,hogares,43719.6820
2015-05-01,San Luis,industria,46754.9700
2015-05-01,Santa Cruz,comercio,31854.8780
2015-05-01,Santa Cruz,hogares,22961.2000
2015-05-01,Santa Cruz,industria,44270.1800
2015-05-01,Santa Fe,comercio,251172.3470
2015-05-01,Santa Fe,hogares,350085.3440
2015-05-01,Santa Fe,industria,373100.1710
2015-05-01,Santiago del Estero,comercio,32502.4720
2015-05-01,Santiago del Estero,hogares,56448.3720
2015-05-01,Santiago del Estero,industria,14341.8350
2015-05-01,Tucumán,comercio,67736.1120
2015-05-01,Tucumán,hogares,113393.0240
2015-05-01,Tucumán,industria,57489.3540
2015-06-01,Buenos Aires y CABA,comercio,1553499.4650
2015-06-01,Buenos Aires y CABA,hogares,2755011.8470
2015-06-01,Buenos Aires y CABA,industria,1572592.9400
2015-06-01,Catamarca,comercio,24127.3710
2015-06-01,Catamarca,hogares,44878.0070
2015-06-01,Catamarca,industria,98110.4790
2015-06-01,Chaco,comercio,54524.6360
2015-06-01,Chaco,hogares,115367.9040
2015-06-01,Chaco,industria,19395.6640
2015-06-01,Chubut,comercio,50021.6280
2015-06-01,Chubut,hogares,56423.8060
2015-06-01,Chubut,industria,199029.3080
2015-06-01,Corrientes,comercio,60532.3840
2015-06-01,Corrientes,hogares,112938.7180
2015-06-01,Corrientes,industria,23729.5780
2015-06-01,Córdoba,comercio,283565.9560
2015-06-01,Córdoba,hogares,341775.8480
2015-06-01,Córdoba,industria,208973.0420
2015-06-01,Entre Ríos,comercio,97268.1960
2015-06-01,Entre Ríos,hogares,123515.7360
2015-06-01,Entre Ríos,industria,71883.5920
2015-06-01,Formosa,comercio,24410.7410
2015-06-01,Formosa,hogares,52494.1990
2015-06-01,Formosa,industria,4693.4440
2015-06-01,Jujuy,comercio,26940.8280
2015-06-01,Jujuy,hogares,42683.0330
2015-06-01,Jujuy,industria,17945.2960
2015-06-01,La Pampa,comercio,33775.7440
2015-06-01,La Pampa,hogares,30632.7430
2015-06-01,La Pampa,industria,8524.7550
2015-06-01,La Rioja,comercio,34362.9130
2015-06-01,La Rioja,hogares,50358.4300
2015-06-01,La Rioja,industria,21744.7220
2015-06-01,Mendoza,comercio,153881.2900
2015-06-01,Mendoza,hogares,179462.9500
2015-06-01,Mendoza,industria,173942.8330
2015-06-01,Misiones,comercio,48552.1190
2015-06-01,Misiones,hogares,86488.0240
2015-06-01,Misiones,industria,18386.4200
2015-06-01,Neuquén,comercio,48754.3370
2015-06-01,Neuquén,hogares,59514.4560
2015-06-01,Neuquén,industria,87601.5230
2015-06-01,Río Negro,comercio,65582.7070
2015-06-01,Río Negro,hogares,61665.0060
2015-06-01,Río Negro,industria,41163.6220
2015-06-01,Salta,comercio,62226.6460
2015-06-01,Salta,hogares,84761.0300
2015-06-01,Salta,industria,12438.2100
2015-06-01,San Juan,comercio,44951.1130
2015-06-01,San Juan,hogares,92266.2700
2015-06-01,San Juan,industria,47362.6000
2015-06-01,San Luis,comercio,36062.6490
2015-06-01,San Luis,hogares,51503.5680
2015-06-01,San Luis,industria,50035.6320
2015-06-01,Santa Cruz,comercio,31726.6600
2015-06-01,Santa Cruz,hogares,24973.5300
2015-06-01,Santa Cruz,industria,42095.8470
2015-06-01,Santa Fe,comercio,254462.9850
2015-06-01,Santa Fe,hogares,389522.1720
2015-06-01,Santa Fe,industria,429460.8010
2015-06-01,Santiago del Estero,comercio,31872.4390
2015-06-01,Santiago del Estero,hogares,60946.2360
2015-06-01,Santiago del Estero,industria,14848.0470
2015-06-01,Tucumán,comercio,69748.3580
2015-06-01,Tucumán,hogares,124092.0770
2015-06-01,Tucumán,industria,58334.5570
2015-07-01,Buenos Aires y CABA,comercio,1577155.5730
2015-07-01,Buenos Aires y CABA,hogares,3116461.2070
2015-07-01,Buenos Aires y CABA,industria,1593159.5870
2015-07-01,Catamarca,comercio,26141.3700
2015-07-01,Catamarca,hogares,52181.9340
2015-07-01,Catamarca,industria,100663.0650
2015-07-01,Chaco,comercio,54049.2940
2015-07-01,Chaco,hogares,120525.9710
2015-07-01,Chaco,industria,16620.9650
2015-07-01,Chubut,comercio,51556.6430
2015-07-01,Chubut,hogares,59407.9000
2015-07-01,Chubut,industria,203902.8300
2015-07-01,Corrientes,comercio,57997.2710
2015-07-01,Corrientes,hogares,122492.6340
2015-07-01,Corrientes,industria,26871.3640
2015-07-01,Córdoba,comercio,286067.1060
2015-07-01,Córdoba,hogares,398254.2290
2015-07-01,Córdoba,industria,203381.2180
2015-07-01,Entre Ríos,comercio,101609.8780
2015-07-01,Entre Ríos,hogares,136812.4470
2015-07-01,Entre Ríos,industria,73281.9920
2015-07-01,Formosa,comercio,24795.2210
2015-07-01,Formosa,hogares,53358.4880
2015-07-01,Formosa,industria,4562.7180
2015-07-01,Jujuy,comercio,28599.6970
2015-07-01,Jujuy,hogares,47250.5890
2015-07-01,Jujuy,industria,14657.2420
2015-07-01,La Pampa,comercio,35034.6300
2015-07-01,La Pampa,hogares,32447.7810
2015-07-01,La Pampa,industria,8990.3650
2015-07-01,La Rioja,comercio,38222.5940
2015-07-01,La Rioja,hogares,55200.7370
2015-07-01,La Rioja,industria,22886.9460
2015-07-01,Mendoza,comercio,163397.5120
2015-07-01,Mendoza,hogares,198052.2170
2015-07-01,Mendoza,industria,180113.3630
2015-07-01,Misiones,comercio,38186.8520
2015-07-01,Misiones,hogares,72223.4990
2015-07-01,Misiones,industria,13446.5330
2015-07-01,Neuquén,comercio,50527.8140
2015-07-01,Neuquén,hogares,63418.4320
2015-07-01,Neuquén,industria,89560.5680
2015-07-01,Río Negro,comercio,67764.0010
2015-07-01,Río Negro,hogares,65761.1530
2015-07-01,Río Negro,industria,41649.9330
2015-07-01,Salta,comercio,66582.8290
2015-07-01,Salta,hogares,95264.4360
2015-07-01,Salta,industria,11733.2430
2015-07-01,San Juan,comercio,46767.4990
2015-07-01,San Juan,hogares,106100.5290
2015-07-01,San Juan,industria,41358.5070
2015-07-01,San Luis,comercio,39574.4390
2015-07-01,San Luis,hogares,56302.3630
2015-07-01,San Luis,industria,52192.8420
2015-07-01,Santa Cruz,comercio,31481.4240
2015-07-01,Santa Cruz,hogares,26572.4050
2015-07-01,Santa Cruz,industria,45690.0340
2015-07-01,Santa Fe,comercio,271501.5750
2015-07-01,Santa Fe,hogares,430920.9590
2015-07-01,Santa Fe,industria,409762.7460
2015-07-01,Santiago del Estero,comercio,34432.6490
2015-07-01,Santiago del Estero,hogares,67708.8180
2015-07-01,Santiago del Estero,industria,12674.9490
2015-07-01,Tucumán,comercio,75811.1460
2015-07-01,Tucumán,hogares,136442.1540
2015-07-01,Tucumán,industria,59783.0100
2015-08-01,Buenos Aires y CABA,comercio,1549840.3560
2015-08-01,Buenos Aires y CABA,hogares,2640120.1860
2015-08-01,Buenos Aires y CABA,industria,1580118.4010
2015-08-01,Catamarca,comercio,24349.2270
2015-08-01,Catamarca,hogares,40960.5620
2015-08-01,Catamarca,industria,98175.5490
2015-08-01,Chaco,comercio,55901.6240
2015-08-01,Chaco,hogares,124608.6880
2015-08-01,Chaco,industria,15262.5840
2015-08-01,Chubut,comercio,50063.4890
2015-08-01,Chubut,hogares,58927.8040
2015-08-01,Chubut,industria,193704.5600
2015-08-01,Corrientes,comercio,57143.8970
2015-08-01,Corrientes,hogares,119766.7620
2015-08-01,Corrientes,industria,28147.8370
2015-08-01,Córdoba,comercio,282839.4310
2015-08-01,Córdoba,hogares,332659.2490
2015-08-01,Córdoba,industria,207678.4030
2015-08-01,Entre Ríos,comercio,98818.7530
2015-08-01,Entre Ríos,hogares,118016.3270
2015-08-01,Entre Ríos,industria,71409.9890
2015-08-01,Formosa,comercio,26645.7700
2015-08-01,Formosa,hogares,57511.7200
2015-08-01,Formosa,industria,4865.2490
2015-08-01,Jujuy,comercio,27844.3520
2015-08-01,Jujuy,hogares,43943.4550
2015-08-01,Jujuy,industria,13258.9890
2015-08-01,La Pampa,comercio,33223.4790
2015-08-01,La Pampa,hogares,31162.2260
2015-08-01,La Pampa,industria,8884.6880
2015-08-01,La Rioja,comercio,44100.9410
2015-08-01,La Rioja,hogares,42833.5840
2015-08-01,La Rioja,industria,23117.2700
2015-08-01,Mendoza,comercio,157057.8250
2015-08-01,Mendoza,hogares,181270.2110
2015-08-01,Mendoza,industria,180605.2510
2015-08-01,Misiones,comercio,41473.0960
2015-08-01,Misiones,hogares,75125.4110
2015-08-01,Misiones,industria,15184.5930
2015-08-01,Neuquén,comercio,48671.2000
2015-08-01,Neuquén,hogares,61228.5270
2015-08-01,Neuquén,industria,88899.0920
2015-08-01,Río Negro,comercio,65616.3720
2015-08-01,Río Negro,hogares,63404.4190
2015-08-01,Río Negro,industria,41443.9160
2015-08-01,Salta,comercio,66333.1470
2015-08-01,Salta,hogares,81683.6010
2015-08-01,Salta,industria,11807.1120
2015-08-01,San Juan,comercio,47114.1280
2015-08-01,San Juan,hogares,86230.8110
2015-08-01,San Juan,industria,38222.2950
2015-08-01,San Luis,comercio,39170.5130
2015-08-01,San Luis,hogares,47111.2710
2015-08-01,San Luis,industria,50227.1980
2015-08-01,Santa Cruz,comercio,28158.5760
2015-08-01,Santa Cruz,hogares,27926.7020
2015-08-01,Santa Cruz,industria,44704.3860
2015-08-01,Santa Fe,comercio,258446.0910
2015-08-01,Santa Fe,hogares,377845.8720
2015-08-01,Santa Fe,industria,437546.4150
2015-08-01,Santiago del Estero,comercio,34619.1160
2015-08-01,Santiago del Estero,hogares,59859.2580
2015-08-01,Santiago del Estero,industria,14395.6330
2015-08-01,Tucumán,comercio,70159.7260
2015-08-01,Tucumán,hogares,125508.4760
2015-08-01,Tucumán,industria,57307.1670
2015-09-01,Buenos Aires y CABA,comercio,1438482.4430
2015-09-01,Buenos Aires y CABA,hogares,2434545.2490
2015-09-01,Buenos Aires y CABA,industria,1591043.9090
2015-09-01,Catamarca,comercio,25202.1440
2015-09-01,Catamarca,hogares,34907.5770
2015-09-01,Catamarca,industria,101251.3700
2015-09-01,Chaco,comercio,53027.2310
2015-09-01,Chaco,hogares,107421.1260
2015-09-01,Chaco,industria,13755.4940
2015-09-01,Chubut,comercio,48043.9780
2015-09-01,Chubut,hogares,53539.0780
2015-09-01,Chubut,industria,242894.3680
2015-09-01,Corrientes,comercio,54161.8980
2015-09-01,Corrientes,hogares,110384.0590
2015-09-01,Corrientes,industria,28192.2910
2015-09-01,Córdoba,comercio,271322.4480
2015-09-01,Córdoba,hogares,286891.4270
2015-09-01,Córdoba,industria,207555.4150
2015-09-01,Entre Ríos,comercio,97511.5700
2015-09-01,Entre Ríos,hogares,103136.3820
2015-09-01,Entre Ríos,industria,72179.1160
2015-09-01,Formosa,comercio,26906.6970
2015-09-01,Formosa,hogares,58072.4050
2015-09-01,Formosa,industria,4884.1230
2015-09-01,Jujuy,comercio,27588.1320
2015-09-01,Jujuy,hogares,39869.9810
2015-09-01,Jujuy,industria,16654.7720
2015-09-01,La Pampa,comercio,31807.8290
2015-09-01,La Pampa,hogares,29224.1550
2015-09-01,La Pampa,industria,8672.8830
2015-09-01,La Rioja,comercio,47946.8920
2015-09-01,La Rioja,hogares,32837.2890
2015-09-01,La Rioja,industria,24092.0250
2015-09-01,Mendoza,comercio,173086.2750
2015-09-01,Mendoza,hogares,151986.7940
2015-09-01,Mendoza,industria,151866.9620
2015-09-01,Misiones,comercio,50183.0830
2015-09-01,Misiones,hogares,85190.1470
2015-09-01,Misiones,industria,14549.7420
2015-09-01,Neuquén,comercio,46077.6650
2015-09-01,Neuquén,hogares,58058.2400
2015-09-01,Neuquén,industria,85972.3730
2015-09-01,Río Negro,comercio,61678.9260
2015-09-01,Río Negro,hogares,59416.8210
2015-09-01,Río Negro,industria,39954.7570
2015-09-01,Salta,comercio,68114.0120
2015-09-01,Salta,hogares,71571.5340
2015-09-01,Salta,industria,11669.8500
2015-09-01,San Juan,comercio,50921.6470
2015-09-01,San Juan,hogares,66635.5770
2015-09-01,San Juan,industria,32905.5900
2015-09-01,San Luis,comercio,36891.1280
2015-09-01,San Luis,hogares,42658.2250
2015-09-01,San Luis,industria,52700.9740
2015-09-01,Santa Cruz,comercio,25261.4580
2015-09-01,Santa Cruz,hogares,26223.5690
2015-09-01,Santa Cruz,industria,45799.6670
2015-09-01,Santa Fe,comercio,241731.7680
2015-09-01,Santa Fe,hogares,328909.0090
2015-09-01,Santa Fe,industria,412051.3470
2015-09-01,Santiago del Estero,comercio,33507.9390
2015-09-01,Santiago del Estero,hogares,55664.7950
2015-09-01,Santiago del Estero,industria,13572.3890
2015-09-01,Tucumán,comercio,64572.3490
2015-09-01,Tucumán,hogares,113370.5060
2015-09-01,Tucumán,industria,56142.3670
2015-10-01,Buenos Aires y CABA,comercio,1425010.9070
2015-10-01,Buenos Aires y CABA,hogares,2355791.8580
2015-10-01,Buenos Aires y CABA,industria,1608397.9120
2015-10-01,Catamarca,comercio,25239.7260
2015-10-01,Catamarca,hogares,40267.6460
2015-10-01,Catamarca,industria,104484.4510
2015-10-01,Chaco,comercio,57440.2560
2015-10-01,Chaco,hogares,126032.4010
2015-10-01,Chaco,industria,13982.5410
2015-10-01,Chubut,comercio,46135.0770
2015-10-01,Chubut,hogares,51329.5700
2015-10-01,Chubut,industria,317104.5120
2015-10-01,Corrientes,comercio,56811.9390
2015-10-01,Corrientes,hogares,123437.5550
2015-10-01,Corrientes,industria,28378.6510
2015-10-01,Córdoba,comercio,274844.6680
2015-10-01,Córdoba,hogares,291427.5250
2015-10-01,Córdoba,industria,207716.0330
2015-10-01,Entre Ríos,comercio,94394.7350
2015-10-01,Entre Ríos,hogares,110195.4680
2015-10-01,Entre Ríos,industria,74062.9270
2015-10-01,Formosa,comercio,31250.9170
2015-10-01,Formosa,hogares,67938.1080
2015-10-01,Formosa,industria,5368.9280
2015-10-01,Jujuy,comercio,30356.5780
2015-10-01,Jujuy,hogares,43007.0990
2015-10-01,Jujuy,industria,17527.5650
2015-10-01,La Pampa,comercio,30618.8410
2015-10-01,La Pampa,hogares,29236.9160
2015-10-01,La Pampa,industria,8007.1370
2015-10-01,La Rioja,comercio,52465.9260
2015-10-01,La Rioja,hogares,34593.7560
2015-10-01,La Rioja,industria,24943.7360
2015-10-01,Mendoza,comercio,175985.5760
2015-10-01,Mendoza,hogares,155665.2320
2015-10-01,Mendoza,industria,154859.4100
2015-10-01,Misiones,comercio,55439.9900
2015-10-01,Misiones,hogares,104690.8550
2015-10-01,Misiones,industria,16646.1000
2015-10-01,Neuquén,comercio,44422.8570
2015-10-01,Neuquén,hogares,55038.4050
2015-10-01,Neuquén,industria,88994.7360
2015-10-01,Río Negro,comercio,61222.6690
2015-10-01,Río Negro,hogares,58000.7670
2015-10-01,Río Negro,industria,37809.4040
2015-10-01,Salta,comercio,72463.8560
2015-10-01,Salta,hogares,79554.2850
2015-10-01,Salta,industria,11284.2190
2015-10-01,San Juan,comercio,53402.7020
2015-10-01,San Juan,hogares,71014.7660
2015-10-01,San Juan,industria,34538.0670
2015-10-01,San Luis,comercio,38534.4540
2015-10-01,San Luis,hogares,44618.8190
2015-10-01,San Luis,industria,55800.6840
2015-10-01,Santa Cruz,comercio,27139.9540
2015-10-01,Santa Cruz,hogares,24358.5060
2015-10-01,Santa Cruz,industria,45117.9290
2015-10-01,Santa Fe,comercio,250766.1670
2015-10-01,Santa Fe,hogares,314080.7740
2015-10-01,Santa Fe,industria,423128.6940
2015-10-01,Santiago del Estero,comercio,35327.1300
2015-10-01,Santiago del Estero,hogares,63692.4090
2015-10-01,Santiago del Estero,industria,14217.9680
2015-10-01,Tucumán,comercio,71887.5700
2015-10-01,Tucumán,hogares,118444.1930
2015-10-01,Tucumán,industria,56223.3770
2015-11-01,Buenos Aires y CABA,comercio,1427948.1760
2015-11-01,Buenos Aires y CABA,hogares,1908673.7680
2015-11-01,Buenos Aires y CABA,industria,1622629.6130
2015-11-01,Catamarca,comercio,26023.4480
2015-11-01,Catamarca,hogares,39920.1820
2015-11-01,Catamarca,industria,97753.9350
2015-11-01,Chaco,comercio,61567.7240
2015-11-01,Chaco,hogares,144936.5510
2015-11-01,Chaco,industria,12729.6230
2015-11-01,Chubut,comercio,43360.0010
2015-11-01,Chubut,hogares,45348.0230
2015-11-01,Chubut,industria,303660.0280
2015-11-01,Corrientes,comercio,56566.7740
2015-11-01,Corrientes,hogares,132666.5930
2015-11-01,Corrientes,industria,28189.5870
2015-11-01,Córdoba,comercio,261310.1590
2015-11-01,Córdoba,hogares,285888.4740
2015-11-01,Córdoba,industria,202986.9810
2015-11-01,Entre Ríos,comercio,97928.0440
2015-11-01,Entre Ríos,hogares,112621.5440
2015-11-01,Entre Ríos,industria,71495.7790
2015-11-01,Formosa,comercio,33571.7290
2015-11-01,Formosa,hogares,73354.2540
2015-11-01,Formosa,industria,5149.5240
2015-11-01,Jujuy,comercio,29770.1340
2015-11-01,Jujuy,hogares,42563.5460
2015-11-01,Jujuy,industria,16349.1520
2015-11-01,La Pampa,comercio,30428.8690
2015-11-01,La Pampa,hogares,28176.3030
2015-11-01,La Pampa,industria,8881.0630
2015-11-01,La Rioja,comercio,49761.6490
2015-11-01,La Rioja,hogares,38371.1110
2015-11-01,La Rioja,industria,24581.7590
2015-11-01,Mendoza,comercio,162709.5540
2015-11-01,Mendoza,hogares,126146.2820
2015-11-01,Mendoza,industria,163990.5170
2015-11-01,Misiones,comercio,57182.1040
2015-11-01,Misiones,hogares,101123.1880
2015-11-01,Misiones,industria,16840.5430
2015-11-01,Neuquén,comercio,44628.3710
2015-11-01,Neuquén,hogares,49402.5120
2015-11-01,Neuquén,industria,89259.6850
2015-11-01,Río Negro,comercio,60814.0280
2015-11-01,Río Negro,hogares,52717.9040
2015-11-01,Río Negro,industria,38987.2190
2015-11-01,Salta,comercio,70219.3650
2015-11-01,Salta,hogares,80114.1520
2015-11-01,Salta,industria,11438.4210
2015-11-01,San Juan,comercio,51074.6310
2015-11-01,San Juan,hogares,68658.8190
2015-11-01,San Juan,industria,37207.4300
2015-11-01,San Luis,comercio,33804.0230
2015-11-01,San Luis,hogares,36748.0490
2015-11-01,San Luis,industria,51295.0680
2015-11-01,Santa Cruz,comercio,22252.8070
2015-11-01,Santa Cruz,hogares,20280.7980
2015-11-01,Santa Cruz,industria,44242.7520
2015-11-01,Santa Fe,comercio,243473.2410
2015-11-01,Santa Fe,hogares,335938.0100
2015-11-01,Santa Fe,industria,405032.2970
2015-11-01,Santiago del Estero,comercio,36192.4110
2015-11-01,Santiago del Estero,hogares,73150.7630
2015-11-01,Santiago del Estero,industria,13967.3380
2015-11-01,Tucumán,comercio,73875.1640
2015-11-01,Tucumán,hogares,126100.2170
2015-11-01,Tucumán,industria,55157.7190
2015-12-01,Buenos Aires y CABA,comercio,1630597.6810
2015-12-01,Buenos Aires y CABA,hogares,2551399.0920
2015-12-01,Buenos Aires y CABA,industria,1680940.8460
2015-12-01,Catamarca,comercio,31879.5960
2015-12-01,Catamarca,hogares,50898.8060
2015-12-01,Catamarca,industria,103098.1650
2015-12-01,Chaco,comercio,72232.2390
2015-12-01,Chaco,hogares,187714.9400
2015-12-01,Chaco,industria,12270.9240
2015-12-01,Chubut,comercio,47308.5960
2015-12-01,Chubut,hogares,47894.4100
2015-12-01,Chubut,industria,257307.5660
2015-12-01,Corrientes,comercio,50328.6070
2015-12-01,Corrientes,hogares,185808.5120
2015-12-01,Corrientes,industria,28905.1200
2015-12-01,Córdoba,comercio,298426.4380
2015-12-01,Córdoba,hogares,367913.7870
2015-12-01,Córdoba,industria,203493.0820
2015-12-01,Entre Ríos,comercio,110601.3020
2015-12-01,Entre Ríos,hogares,161253.6970
2015-12-01,Entre Ríos,industria,71724.3530
2015-12-01,Formosa,comercio,39935.2230
2015-12-01,Formosa,hogares,88175.4330
2015-12-01,Formosa,industria,6348.0740
2015-12-01,Jujuy,comercio,36321.7580
2015-12-01,Jujuy,hogares,50987.2530
2015-12-01,Jujuy,industria,17073.3020
2015-12-01,La Pampa,comercio,36541.9940
2015-12-01,La Pampa,hogares,38038.4460
2015-12-01,La Pampa,industria,8785.6730
2015-12-01,La Rioja,comercio,57221.8320
2015-12-01,La Rioja,hogares,54093.6540
2015-12-01,La Rioja,industria,21791.3020
2015-12-01,Mendoza,comercio,179319.4740
2015-12-01,Mendoza,hogares,187264.2250
2015-12-01,Mendoza,industria,170714.6870
2015-12-01,Misiones,comercio,47868.5410
2015-12-01,Misiones,hogares,94521.6000
2015-12-01,Misiones,industria,15329.7060
2015-12-01,Neuquén,comercio,46697.1560
2015-12-01,Neuquén,hogares,55389.4820
2015-12-01,Neuquén,industria,90094.0310
2015-12-01,Río Negro,comercio,65716.6580
2015-12-01,Río Negro,hogares,58828.8190
2015-12-01,Río Negro,industria,35260.9080
2015-12-01,Salta,comercio,77701.7850
2015-12-01,Salta,hogares,91914.6930
2015-12-01,Salta,industria,13261.5610
2015-12-01,San Juan,comercio,62789.3650
2015-12-01,San Juan,hogares,112483.8620
2015-12-01,San Juan,industria,44330.0590
2015-12-01,San Luis,comercio,36186.5200
2015-12-01,San Luis,hogares,46431.3410
2015-12-01,San Luis,industria,50034.8840
2015-12-01,Santa Cruz,comercio,25109.5740
2015-12-01,Santa Cruz,hogares,21480.7780
2015-12-01,Santa Cruz,industria,46715.7800
2015-12-01,Santa Fe,comercio,296862.8040
2015-12-01,Santa Fe,hogares,470626.6250
2015-12-01,Santa Fe,industria,390136.1410
2015-12-01,Santiago del Estero,comercio,44348.1620
2015-12-01,Santiago del Estero,hogares,106101.1770
2015-12-01,Santiago del Estero,industria,12922.6350
2015-12-01,Tucumán,comercio,87382.1100
2015-12-01,Tucumán,hogares,167251.3280
2015-12-01,Tucumán,industria,51047.3870
2016-01-01,Buenos Aires y CABA,comercio,1612469.0690
2016-01-01,Buenos Aires y CABA,hogares,2693464.0010
2016-01-01,Buenos Aires y CABA,industria,1646040.3580
2016-01-01,Catamarca,comercio,32056.8540
2016-01-01,Catamarca,hogares,53144.1140
2016-01-01,Catamarca,industria,101246.3980
2016-01-01,Chaco,comercio,83728.3840
2016-01-01,Chaco,hogares,220711.0370
2016-01-01,Chaco,industria,12315.2560
2016-01-01,Chubut,comercio,45441.7330
2016-01-01,Chubut,hogares,44685.1390
2016-01-01,Chubut,industria,220141.4220
2016-01-01,Corrientes,comercio,57542.2990
2016-01-01,Corrientes,hogares,229726.5510
2016-01-01,Corrientes,industria,29490.3390
2016-01-01,Córdoba,comercio,303514.8830
2016-01-01,Córdoba,hogares,408571.8630
2016-01-01,Córdoba,industria,191859.8410
2016-01-01,Entre Ríos,comercio,132831.2260
2016-01-01,Entre Ríos,hogares,199386.3050
2016-01-01,Entre Ríos,industria,75796.5760
2016-01-01,Formosa,comercio,47398.8030
2016-01-01,Formosa,hogares,105231.3300
2016-01-01,Formosa,industria,4791.8980
2016-01-01,Jujuy,comercio,34866.9040
2016-01-01,Jujuy,hogares,52615.4360
2016-01-01,Jujuy,industria,16154.9700
2016-01-01,La Pampa,comercio,36406.1450
2016-01-01,La Pampa,hogares,40848.8410
2016-01-01,La Pampa,industria,9111.4940
2016-01-01,La Rioja,comercio,54986.0950
2016-01-01,La Rioja,hogares,56245.1280
2016-01-01,La Rioja,industria,22330.2850
2016-01-01,Mendoza,comercio,171221.4110
2016-01-01,Mendoza,hogares,185391.6430
2016-01-01,Mendoza,industria,174606.7300
2016-01-01,Misiones,comercio,54093.6880
2016-01-01,Misiones,hogares,117149.0870
2016-01-01,Misiones,industria,15455.5320
2016-01-01,Neuquén,comercio,50025.3130
2016-01-01,Neuquén,hogares,55224.0980
2016-01-01,Neuquén,industria,91739.1890
2016-01-01,Río Negro,comercio,65471.3960
2016-01-01,Río Negro,hogares,61030.1750
2016-01-01,Río Negro,industria,38235.9570
2016-01-01,Salta,comercio,81294.0130
2016-01-01,Salta,hogares,91028.4890
2016-01-01,Salta,industria,13080.2660
2016-01-01,San Juan,comercio,61936.1820
2016-01-01,San Juan,hogares,118070.2040
2016-01-01,San Juan,industria,48509.8460
2016-01-01,San Luis,comercio,41317.1170
2016-01-01,San Luis,hogares,47599.1370
2016-01-01,San Luis,industria,51359.7050
2016-01-01,Santa Cruz,comercio,21522.4990
2016-01-01,Santa Cruz,hogares,21258.6180
2016-01-01,Santa Cruz,industria,47599.0280
2016-01-01,Santa Fe,comercio,324914.3860
2016-01-01,Santa Fe,hogares,552562.2220
2016-01-01,Santa Fe,industria,379269.6180
2016-01-01,Santiago del Estero,comercio,45152.2230
2016-01-01,Santiago del Estero,hogares,118485.8680
2016-01-01,Santiago del Estero,industria,12703.0940
2016-01-01,Tucumán,comercio,86159.5780
2016-01-01,Tucumán,hogares,179015.6200
2016-01-01,Tucumán,industria,47278.8530
2016-02-01,Buenos Aires y CABA,comercio,1712586.3380
2016-02-01,Buenos Aires y CABA,hogares,2365939.7630
2016-02-01,Buenos Aires y CABA,industria,1591136.4970
2016-02-01,Catamarca,comercio,27825.8440
2016-02-01,Catamarca,hogares,53087.6070
2016-02-01,Catamarca,industria,95107.8270
2016-02-01,Chaco,comercio,81477.2950
2016-02-01,Chaco,hogares,201151.0040
2016-02-01,Chaco,industria,12747.6160
2016-02-01,Chubut,comercio,43778.4530
2016-02-01,Chubut,hogares,42077.0020
2016-02-01,Chubut,industria,227117.2070
2016-02-01,Corrientes,comercio,77721.3560
2016-02-01,Corrientes,hogares,188671.4170
2016-02-01,Corrientes,industria,30811.8270
2016-02-01,Córdoba,comercio,303332.8830
2016-02-01,Córdoba,hogares,346098.5760
2016-02-01,Córdoba,industria,198548.1300
2016-02-01,Entre Ríos,comercio,123488.8860
2016-02-01,Entre Ríos,hogares,168169.2300
2016-02-01,Entre Ríos,industria,73592.1490
2016-02-01,Formosa,comercio,33837.0230
2016-02-01,Formosa,hogares,103862.6460
2016-02-01,Formosa,industria,8034.4270
2016-02-01,Jujuy,comercio,38512.3240
2016-02-01,Jujuy,hogares,43145.0020
2016-02-01,Jujuy,industria,13728.9030
2016-02-01,La Pampa,comercio,32628.4590
2016-02-01,La Pampa,hogares,35815.7730
2016-02-01,La Pampa,industria,9412.2890
2016-02-01,La Rioja,comercio,50317.4400
2016-02-01,La Rioja,hogares,53904.3110
2016-02-01,La Rioja,industria,21843.9070
2016-02-01,Mendoza,comercio,169028.3860
2016-02-01,Mendoza,hogares,181463.3440
2016-02-01,Mendoza,industria,170164.2350
2016-02-01,Misiones,comercio,56654.3160
2016-02-01,Misiones,hogares,112278.5970
2016-02-01,Misiones,industria,16574.7280
2016-02-01,Neuquén,comercio,45941.2120
2016-02-01,Neuquén,hogares,54146.7090
2016-02-01,Neuquén,industria,81320.7880
2016-02-01,Río Negro,comercio,66461.8550
2016-02-01,Río Negro,hogares,55509.9830
2016-02-01,Río Negro,industria,52886.1090
2016-02-01,Salta,comercio,67044.8830
2016-02-01,Salta,hogares,79490.7150
2016-02-01,Salta,industria,13950.6580
2016-02-01,San Juan,comercio,58252.7860
2016-02-01,San Juan,hogares,118740.5880
2016-02-01,San Juan,industria,46067.1430
2016-02-01,San Luis,comercio,37755.8140
2016-02-01,San Luis,hogares,48402.8260
2016-02-01,San Luis,industria,52965.8890
2016-02-01,Santa Cruz,comercio,20021.4670
2016-02-01,Santa Cruz,hogares,19870.0260
2016-02-01,Santa Cruz,industria,39825.1610
2016-02-01,Santa Fe,comercio,329667.0460
2016-02-01,Santa Fe,hogares,467729.0280
2016-02-01,Santa Fe,industria,396149.7750
2016-02-01,Santiago del Estero,comercio,44923.0880
2016-02-01,Santiago del Estero,hogares,109843.8950
2016-02-01,Santiago del Estero,industria,13204.9210
2016-02-01,Tucumán,comercio,81334.1940
2016-02-01,Tucumán,hogares,163474.7840
2016-02-01,Tucumán,industria,51190.7410
2016-03-01,Buenos Aires y CABA,comercio,1519265.2260
2016-03-01,Buenos Aires y CABA,hogares,1908467.7230
2016-03-01,Buenos Aires y CABA,industria,1623593.1350
2016-03-01,Catamarca,comercio,27694.2000
2016-03-01,Catamarca,hogares,39532.1510
2016-03-01,Catamarca,industria,102646.6440
2016-03-01,Chaco,comercio,53546.2820
2016-03-01,Chaco,hogares,152690.9580
2016-03-01,Chaco,industria,12802.5950
2016-03-01,Chubut,comercio,47114.3140
2016-03-01,Chubut,hogares,42972.6830
2016-03-01,Chubut,industria,244424.8300
2016-03-01,Corrientes,comercio,65524.4500
2016-03-01,Corrientes,hogares,136660.2150
2016-03-01,Corrientes,industria,29697.3410
2016-03-01,Córdoba,comercio,280847.1900
2016-03-01,Córdoba,hogares,298206.9300
2016-03-01,Córdoba,industria,208515.4390
2016-03-01,Entre Ríos,comercio,103214.1710
2016-03-01,Entre Ríos,hogares,122990.4950
2016-03-01,Entre Ríos,industria,76529.4870
2016-03-01,Formosa,comercio,28761.7130
2016-03-01,Formosa,hogares,79815.7900
2016-03-01,Formosa,industria,7590.4580
2016-03-01,Jujuy,comercio,29134.8530
2016-03-01,Jujuy,hogares,40102.4230
2016-03-01,Jujuy,industria,18455.0290
2016-03-01,La Pampa,comercio,31687.2580
2016-03-01,La Pampa,hogares,31335.3390
2016-03-01,La Pampa,industria,8769.2020
2016-03-01,La Rioja,comercio,51829.6740
2016-03-01,La Rioja,hogares,35150.0010
2016-03-01,La Rioja,industria,22974.5010
2016-03-01,Mendoza,comercio,162991.2590
2016-03-01,Mendoza,hogares,151290.6990
2016-03-01,Mendoza,industria,169158.9090
2016-03-01,Misiones,comercio,56735.0710
2016-03-01,Misiones,hogares,95592.3720
2016-03-01,Misiones,industria,16969.8810
2016-03-01,Neuquén,comercio,45801.3400
2016-03-01,Neuquén,hogares,54622.9620
2016-03-01,Neuquén,industria,92962.6040
2016-03-01,Río Negro,comercio,65647.5620
2016-03-01,Río Negro,hogares,57422.7210
2016-03-01,Río Negro,industria,58144.9170
2016-03-01,Salta,comercio,71010.2300
2016-03-01,Salta,hogares,79211.2830
2016-03-01,Salta,industria,14396.4650
2016-03-01,San Juan,comercio,54362.1980
2016-03-01,San Juan,hogares,84942.0560
2016-03-01,San Juan,industria,50244.4600
2016-03-01,San Luis,comercio,38495.8910
2016-03-01,San Luis,hogares,39155.1580
2016-03-01,San Luis,industria,53027.7500
2016-03-01,Santa Cruz,comercio,27818.3080
2016-03-01,Santa Cruz,hogares,19870.8870
2016-03-01,Santa Cruz,industria,45632.2560
2016-03-01,Santa Fe,comercio,277791.1660
2016-03-01,Santa Fe,hogares,346461.3420
2016-03-01,Santa Fe,industria,370019.8800
2016-03-01,Santiago del Estero,comercio,37360.6240
2016-03-01,Santiago del Estero,hogares,74001.6000
2016-03-01,Santiago del Estero,industria,12114.6270
2016-03-01,Tucumán,comercio,71017.0780
2016-03-01,Tucumán,hogares,130829.1210
2016-03-01,Tucumán,industria,53830.5430
2016-04-01,Buenos Aires y CABA,comercio,1466888.3250
2016-04-01,Buenos Aires y CABA,hogares,1999722.1860
2016-04-01,Buenos Aires y CABA,industria,1589572.2350
2016-04-01,Catamarca,comercio,24323.4990
2016-04-01,Catamarca,hogares,38992.4850
2016-04-01,Catamarca,industria,98194.0670
2016-04-01,Chaco,comercio,57737.3520
2016-04-01,Chaco,hogares,167713.6500
2016-04-01,Chaco,industria,15260.2790
2016-04-01,Chubut,comercio,46450.9100
2016-04-01,Chubut,hogares,49675.8820
2016-04-01,Chubut,industria,238306.8690
2016-04-01,Corrientes,comercio,66321.5130
2016-04-01,Corrientes,hogares,141196.6770
2016-04-01,Corrientes,industria,28022.7790
2016-04-01,Córdoba,comercio,279195.6560
2016-04-01,Córdoba,hogares,300269.9340
2016-04-01,Córdoba,industria,193934.5950
2016-04-01,Entre Ríos,comercio,96051.5590
2016-04-01,Entre Ríos,hogares,113382.0350
2016-04-01,Entre Ríos,industria,72657.1910
2016-04-01,Formosa,comercio,30299.4010
2016-04-01,Formosa,hogares,85707.2970
2016-04-01,Formosa,industria,8955.8120
2016-04-01,Jujuy,comercio,26874.9620
2016-04-01,Jujuy,hogares,39000.1160
2016-04-01,Jujuy,industria,17150.3580
2016-04-01,La Pampa,comercio,31924.2040
2016-04-01,La Pampa,hogares,27638.9960
2016-04-01,La Pampa,industria,8624.9220
2016-04-01,La Rioja,comercio,36485.0100
2016-04-01,La Rioja,hogares,37668.3110
2016-04-01,La Rioja,industria,20764.2520
2016-04-01,Mendoza,comercio,145719.1210
2016-04-01,Mendoza,hogares,150362.0170
2016-04-01,Mendoza,industria,154735.5590
2016-04-01,Misiones,comercio,59471.2260
2016-04-01,Misiones,hogares,114278.4560
2016-04-01,Misiones,industria,20715.3400
2016-04-01,Neuquén,comercio,40627.2370
2016-04-01,Neuquén,hogares,60047.9630
2016-04-01,Neuquén,industria,88572.5570
2016-04-01,Río Negro,comercio,56061.3370
2016-04-01,Río Negro,hogares,60192.8750
2016-04-01,Río Negro,industria,46928.2410
2016-04-01,Salta,comercio,69162.6360
2016-04-01,Salta,hogares,76790.1180
2016-04-01,Salta,industria,14674.5730
2016-04-01,San Juan,comercio,45278.5980
2016-04-01,San Juan,hogares,71656.0580
2016-04-01,San Juan,industria,39487.4930
2016-04-01,San Luis,comercio,35514.7210
2016-04-01,San Luis,hogares,42494.2510
2016-04-01,San Luis,industria,48021.7330
2016-04-01,Santa Cruz,comercio,29806.2270
2016-04-01,Santa Cruz,hogares,21999.6530
2016-04-01,Santa Cruz,industria,43482.1970
2016-04-01,Santa Fe,comercio,267085.9120
2016-04-01,Santa Fe,hogares,322946.9700
2016-04-01,Santa Fe,industria,363919.0990
2016-04-01,Santiago del Estero,comercio,33867.1580
2016-04-01,Santiago del Estero,hogares,62417.7720
2016-04-01,Santiago del Estero,industria,10282.8070
2016-04-01,Tucumán,comercio,67769.8710
2016-04-01,Tucumán,hogares,120020.1820
2016-04-01,Tucumán,industria,52647.5790
2016-05-01,Buenos Aires y CABA,comercio,1623671.9520
2016-05-01,Buenos Aires y CABA,hogares,2730618.4100
2016-05-01,Buenos Aires y CABA,industria,1581937.9930
2016-05-01,Catamarca,comercio,24677.9730
2016-05-01,Catamarca,hogares,46805.2850
2016-05-01,Catamarca,industria,100734.7380
2016-05-01,Chaco,comercio,47200.8580
2016-05-01,Chaco,hogares,122612.3290
2016-05-01,Chaco,industria,15457.9030
2016-05-01,Chubut,comercio,55217.1310
2016-05-01,Chubut,hogares,59651.0040
2016-05-01,Chubut,industria,242789.3750
2016-05-01,Corrientes,comercio,64531.9110
2016-05-01,Corrientes,hogares,113898.2670
2016-05-01,Corrientes,industria,26998.2290
2016-05-01,Córdoba,comercio,296229.4880
2016-05-01,Córdoba,hogares,348323.9610
2016-05-01,Córdoba,industria,194026.5400
2016-05-01,Entre Ríos,comercio,99415.7490
2016-05-01,Entre Ríos,hogares,128613.5830
2016-05-01,Entre Ríos,industria,74846.4430
2016-05-01,Formosa,comercio,44564.3070
2016-05-01,Formosa,hogares,33743.8300
2016-05-01,Formosa,industria,7094.7530
2016-05-01,Jujuy,comercio,27870.3450
2016-05-01,Jujuy,hogares,44330.3880
2016-05-01,Jujuy,industria,15775.3140
2016-05-01,La Pampa,comercio,33315.1440
2016-05-01,La Pampa,hogares,30800.7200
2016-05-01,La Pampa,industria,8654.6020
2016-05-01,La Rioja,comercio,33574.2950
2016-05-01,La Rioja,hogares,49040.7430
2016-05-01,La Rioja,industria,16243.1360
2016-05-01,Mendoza,comercio,143062.2920
2016-05-01,Mendoza,hogares,186842.1540
2016-05-01,Mendoza,industria,148016.1510
2016-05-01,Misiones,comercio,55832.9510
2016-05-01,Misiones,hogares,91984.9860
2016-05-01,Misiones,industria,18628.2030
2016-05-01,Neuquén,comercio,48900.7080
2016-05-01,Neuquén,hogares,65719.7430
2016-05-01,Neuquén,industria,90549.9140
2016-05-01,Río Negro,comercio,70793.4010
2016-05-01,Río Negro,hogares,58625.9740
2016-05-01,Río Negro,industria,42054.2060
2016-05-01,Salta,comercio,71849.0230
2016-05-01,Salta,hogares,86479.0000
2016-05-01,Salta,industria,14137.5450
2016-05-01,San Juan,comercio,44136.4560
2016-05-01,San Juan,hogares,94639.3410
2016-05-01,San Juan,industria,34938.9450
2016-05-01,San Luis,comercio,36451.2020
2016-05-01,San Luis,hogares,53965.4030
2016-05-01,San Luis,industria,46093.5210
2016-05-01,Santa Cruz,comercio,28666.0460
2016-05-01,Santa Cruz,hogares,28182.4690
2016-05-01,Santa Cruz,industria,42294.1310
2016-05-01,Santa Fe,comercio,291207.7220
2016-05-01,Santa Fe,hogares,369261.3050
2016-05-01,Santa Fe,industria,383002.8490
2016-05-01,Santiago del Estero,comercio,33111.2880
2016-05-01,Santiago del Estero,hogares,61397.7570
2016-05-01,Santiago del Estero,industria,14213.9850
2016-05-01,Tucumán,comercio,69695.4060
2016-05-01,Tucumán,hogares,135628.5380
2016-05-01,Tucumán,industria,54382.3140
2016-06-01,Buenos Aires y CABA,comercio,1579715.2170
2016-06-01,Buenos Aires y CABA,hogares,3134302.7210
2016-06-01,Buenos Aires y CABA,industria,1470904.0270
2016-06-01,Catamarca,comercio,26233.9450
2016-06-01,Catamarca,hogares,58679.8630
2016-06-01,Catamarca,industria,87816.2810
2016-06-01,Chaco,comercio,49459.1760
2016-06-01,Chaco,hogares,137196.4340
2016-06-01,Chaco,industria,16253.7670
2016-06-01,Chubut,comercio,52927.3610
2016-06-01,Chubut,hogares,58182.6070
2016-06-01,Chubut,industria,182282.7020
2016-06-01,Corrientes,comercio,64429.4530
2016-06-01,Corrientes,hogares,131097.3360
2016-06-01,Corrientes,industria,25081.2090
2016-06-01,Córdoba,comercio,313041.8580
2016-06-01,Córdoba,hogares,398867.8290
2016-06-01,Córdoba,industria,182742.7750
2016-06-01,Entre Ríos,comercio,101371.6830
2016-06-01,Entre Ríos,hogares,143031.0190
2016-06-01,Entre Ríos,industria,71003.4670
2016-06-01,Formosa,comercio,36491.9260
2016-06-01,Formosa,hogares,44650.5890
2016-06-01,Formosa,industria,6843.0920
2016-06-01,Jujuy,comercio,28707.7140
2016-06-01,Jujuy,hogares,51290.9890
2016-06-01,Jujuy,industria,14248.3360
2016-06-01,La Pampa,comercio,33156.6470
2016-06-01,La Pampa,hogares,31949.0150
2016-06-01,La Pampa,industria,8365.8670
2016-06-01,La Rioja,comercio,32172.4170
2016-06-01,La Rioja,hogares,62676.1510
2016-06-01,La Rioja,industria,15147.1040
2016-06-01,Mendoza,comercio,139879.5330
2016-06-01,Mendoza,hogares,202995.1420
2016-06-01,Mendoza,industria,144333.1900
2016-06-01,Misiones,comercio,52799.1850
2016-06-01,Misiones,hogares,108816.5620
2016-06-01,Misiones,industria,16905.6090
2016-06-01,Neuquén,comercio,53225.2460
2016-06-01,Neuquén,hogares,61843.8620
2016-06-01,Neuquén,industria,83933.3910
2016-06-01,Río Negro,comercio,66276.3210
2016-06-01,Río Negro,hogares,62056.2220
2016-06-01,Río Negro,industria,37304.2560
2016-06-01,Salta,comercio,71018.2330
2016-06-01,Salta,hogares,102644.6780
2016-06-01,Salta,industria,12449.0990
2016-06-01,San Juan,comercio,44810.6440
2016-06-01,San Juan,hogares,110359.8530
2016-06-01,San Juan,industria,35214.6200
2016-06-01,San Luis,comercio,37436.6560
2016-06-01,San Luis,hogares,62531.0960
2016-06-01,San Luis,industria,45306.5620
2016-06-01,Santa Cruz,comercio,29377.4310
2016-06-01,Santa Cruz,hogares,28017.3460
2016-06-01,Santa Cruz,industria,39360.8700
2016-06-01,Santa Fe,comercio,304934.3790
2016-06-01,Santa Fe,hogares,418369.6340
2016-06-01,Santa Fe,industria,385862.9620
2016-06-01,Santiago del Estero,comercio,34744.9390
2016-06-01,Santiago del Estero,hogares,74591.9300
2016-06-01,Santiago del Estero,industria,12155.2770
2016-06-01,Tucumán,comercio,75728.9600
2016-06-01,Tucumán,hogares,150039.6010
2016-06-01,Tucumán,industria,57303.1840
2016-07-01,Buenos Aires y CABA,comercio,1646503.7470
2016-07-01,Buenos Aires y CABA,hogares,3106280.6880
2016-07-01,Buenos Aires y CABA,industria,1543178.8120
2016-07-01,Catamarca,hogares,20054.4990
2016-07-01,Catamarca,industria,163089.7640
2016-07-01,Chaco,comercio,48994.2660
2016-07-01,Chaco,hogares,130679.8210
2016-07-01,Chaco,industria,14306.6980
2016-07-01,Chubut,comercio,53875.5930
2016-07-01,Chubut,hogares,60580.4180
2016-07-01,Chubut,industria,186714.7490
2016-07-01,Corrientes,comercio,68579.9660
2016-07-01,Corrientes,hogares,120773.1600
2016-07-01,Corrientes,industria,24793.3720
2016-07-01,Córdoba,comercio,305399.7460
2016-07-01,Córdoba,hogares,412794.1950
2016-07-01,Córdoba,industria,189973.5950
2016-07-01,Entre Ríos,comercio,102988.4120
2016-07-01,Entre Ríos,hogares,141680.4420
2016-07-01,Entre Ríos,industria,71365.2630
2016-07-01,Formosa,comercio,30754.3230
2016-07-01,Formosa,hogares,48698.2690
2016-07-01,Formosa,industria,7398.3860
2016-07-01,Jujuy,comercio,27958.7900
2016-07-01,Jujuy,hogares,47872.8400
2016-07-01,Jujuy,industria,14356.8460
2016-07-01,La Pampa,comercio,34266.4870
2016-07-01,La Pampa,hogares,32811.2210
2016-07-01,La Pampa,industria,8507.0600
2016-07-01,La Rioja,comercio,35458.0370
2016-07-01,La Rioja,hogares,55127.0940
2016-07-01,La Rioja,industria,16717.1720
2016-07-01,Mendoza,comercio,145354.4020
2016-07-01,Mendoza,hogares,199452.6700
2016-07-01,Mendoza,industria,148825.2700
2016-07-01,Misiones,comercio,55351.9340
2016-07-01,Misiones,hogares,104207.8850
2016-07-01,Misiones,industria,16186.6820
2016-07-01,Neuquén,comercio,51285.2860
2016-07-01,Neuquén,hogares,68350.6150
2016-07-01,Neuquén,industria,89019.4310
2016-07-01,Río Negro,comercio,68342.8930
2016-07-01,Río Negro,hogares,64524.5580
2016-07-01,Río Negro,industria,37611.9540
2016-07-01,Salta,comercio,68494.5620
2016-07-01,Salta,hogares,97336.7660
2016-07-01,Salta,industria,11127.0420
2016-07-01,San Juan,comercio,43184.8930
2016-07-01,San Juan,hogares,110286.3250
2016-07-01,San Juan,industria,40461.4930
2016-07-01,San Luis,comercio,39228.2830
2016-07-01,San Luis,hogares,60445.0850
2016-07-01,San Luis,industria,44809.3010
2016-07-01,Santa Cruz,comercio,31394.4630
2016-07-01,Santa Cruz,hogares,26160.9600
2016-07-01,Santa Cruz,industria,43286.5110
2016-07-01,Santa Fe,comercio,311294.2870
2016-07-01,Santa Fe,hogares,424952.9680
2016-07-01,Santa Fe,industria,361427.6220
2016-07-01,Santiago del Estero,comercio,35549.0120
2016-07-01,Santiago del Estero,hogares,73082.9910
2016-07-01,Santiago del Estero,industria,10249.2880
2016-07-01,Tucumán,comercio,73450.0330
2016-07-01,Tucumán,hogares,145020.2450
2016-07-01,Tucumán,industria,57355.9340
2016-08-01,Buenos Aires y CABA,comercio,1539598.5960
2016-08-01,Buenos Aires y CABA,hogares,2616181.3590
2016-08-01,Buenos Aires y CABA,industria,1527959.2870
2016-08-01,Catamarca,comercio,25400.0060
2016-08-01,Catamarca,hogares,40375.5520
2016-08-01,Catamarca,industria,102596.6910
2016-08-01,Chaco,comercio,47102.3170
2016-08-01,Chaco,hogares,124666.7340
2016-08-01,Chaco,industria,13851.0420
2016-08-01,Chubut,comercio,52664.3300
2016-08-01,Chubut,hogares,58861.4220
2016-08-01,Chubut,industria,179225.2900
2016-08-01,Corrientes,comercio,67230.8010
2016-08-01,Corrientes,hogares,108316.1180
2016-08-01,Corrientes,industria,27490.0920
2016-08-01,Córdoba,comercio,287121.5170
2016-08-01,Córdoba,hogares,316951.3120
2016-08-01,Córdoba,industria,193626.8490
2016-08-01,Entre Ríos,comercio,96521.3760
2016-08-01,Entre Ríos,hogares,117412.1180
2016-08-01,Entre Ríos,industria,72808.0000
2016-08-01,Formosa,comercio,40130.2920
2016-08-01,Formosa,hogares,36625.8500
2016-08-01,Formosa,industria,13367.3010
2016-08-01,Jujuy,comercio,27493.7970
2016-08-01,Jujuy,hogares,39684.9310
2016-08-01,Jujuy,industria,10394.6570
2016-08-01,La Pampa,comercio,32706.8810
2016-08-01,La Pampa,hogares,30716.4470
2016-08-01,La Pampa,industria,9046.4870
2016-08-01,La Rioja,comercio,43604.9380
2016-08-01,La Rioja,hogares,42170.4850
2016-08-01,La Rioja,industria,20739.7430
2016-08-01,Mendoza,comercio,159548.7490
2016-08-01,Mendoza,hogares,162365.9090
2016-08-01,Mendoza,industria,145471.5460
2016-08-01,Misiones,comercio,55353.6830
2016-08-01,Misiones,hogares,100071.8500
2016-08-01,Misiones,industria,16649.4970
2016-08-01,Neuquén,comercio,50555.4370
2016-08-01,Neuquén,hogares,60316.1310
2016-08-01,Neuquén,industria,83809.1470
2016-08-01,Río Negro,comercio,66706.9810
2016-08-01,Río Negro,hogares,60181.9440
2016-08-01,Río Negro,industria,37454.5990
2016-08-01,Salta,comercio,67241.8590
2016-08-01,Salta,hogares,81160.5070
2016-08-01,Salta,industria,11175.9000
2016-08-01,San Juan,comercio,46783.7050
2016-08-01,San Juan,hogares,78005.5400
2016-08-01,San Juan,industria,45527.1970
2016-08-01,San Luis,comercio,37785.0640
2016-08-01,San Luis,hogares,44983.7310
2016-08-01,San Luis,industria,48343.9400
2016-08-01,Santa Cruz,comercio,29176.5770
2016-08-01,Santa Cruz,hogares,26040.4350
2016-08-01,Santa Cruz,industria,46616.7240
2016-08-01,Santa Fe,comercio,280863.1890
2016-08-01,Santa Fe,hogares,344400.6950
2016-08-01,Santa Fe,industria,362006.7400
2016-08-01,Santiago del Estero,comercio,33553.5190
2016-08-01,Santiago del Estero,hogares,57656.3600
2016-08-01,Santiago del Estero,industria,12308.8300
2016-08-01,Tucumán,comercio,67995.2760
2016-08-01,Tucumán,hogares,116650.6180
2016-08-01,Tucumán,industria,56037.4550
2016-09-01,Buenos Aires y CABA,comercio,1397391.5790
2016-09-01,Buenos Aires y CABA,hogares,2420830.5680
2016-09-01,Buenos Aires y CABA,industria,1504328.0370
2016-09-01,Catamarca,comercio,25609.2980
2016-09-01,Catamarca,hogares,40350.7120
2016-09-01,Catamarca,industria,96494.9720
2016-09-01,Chaco,comercio,49139.6640
2016-09-01,Chaco,hogares,125332.3970
2016-09-01,Chaco,industria,11478.0340
2016-09-01,Chubut,comercio,48487.1280
2016-09-01,Chubut,hogares,51319.9090
2016-09-01,Chubut,industria,231481.0670
2016-09-01,Corrientes,comercio,67029.6870
2016-09-01,Corrientes,hogares,107002.7450
2016-09-01,Corrientes,industria,27009.9550
2016-09-01,Córdoba,comercio,279893.1030
2016-09-01,Córdoba,hogares,289553.7650
2016-09-01,Córdoba,industria,193756.3630
2016-09-01,Entre Ríos,comercio,95310.8180
2016-09-01,Entre Ríos,hogares,109313.0790
2016-09-01,Entre Ríos,industria,70597.5400
2016-09-01,Formosa,comercio,40513.2810
2016-09-01,Formosa,hogares,32598.7080
2016-09-01,Formosa,industria,12440.9080
2016-09-01,Jujuy,comercio,28364.2460
2016-09-01,Jujuy,hogares,40491.5270
2016-09-01,Jujuy,industria,12151.8480
2016-09-01,La Pampa,comercio,31374.7850
2016-09-01,La Pampa,hogares,28631.0200
2016-09-01,La Pampa,industria,8584.2500
2016-09-01,La Rioja,comercio,49425.0970
2016-09-01,La Rioja,hogares,38271.4450
2016-09-01,La Rioja,industria,19188.6260
2016-09-01,Mendoza,comercio,174521.3560
2016-09-01,Mendoza,hogares,149816.6200
2016-09-01,Mendoza,industria,153945.2200
2016-09-01,Misiones,comercio,54586.8730
2016-09-01,Misiones,hogares,93907.0780
2016-09-01,Misiones,industria,15713.1590
2016-09-01,Neuquén,comercio,45186.4970
2016-09-01,Neuquén,hogares,56305.7030
2016-09-01,Neuquén,industria,87905.9980
2016-09-01,Río Negro,comercio,62644.3020
2016-09-01,Río Negro,hogares,55660.6310
2016-09-01,Río Negro,industria,34124.5790
2016-09-01,Salta,comercio,69463.9260
2016-09-01,Salta,hogares,80049.2230
2016-09-01,Salta,industria,10766.3180
2016-09-01,San Juan,comercio,48652.0880
2016-09-01,San Juan,hogares,72667.9060
2016-09-01,San Juan,industria,42860.2510
2016-09-01,San Luis,comercio,36677.0340
2016-09-01,San Luis,hogares,41914.3680
2016-09-01,San Luis,industria,49979.7460
2016-09-01,Santa Cruz,comercio,24424.0350
2016-09-01,Santa Cruz,hogares,27819.4900
2016-09-01,Santa Cruz,industria,41501.8690
2016-09-01,Santa Fe,comercio,261856.9060
2016-09-01,Santa Fe,hogares,313209.7180
2016-09-01,Santa Fe,industria,353434.7690
2016-09-01,Santiago del Estero,comercio,34224.1410
2016-09-01,Santiago del Estero,hogares,60350.6930
2016-09-01,Santiago del Estero,industria,10134.2370
2016-09-01,Tucumán,comercio,71903.8330
2016-09-01,Tucumán,hogares,115784.4940
2016-09-01,Tucumán,industria,46341.9120
2016-10-01,Buenos Aires y CABA,comercio,1362363.4630
2016-10-01,Buenos Aires y CABA,hogares,2046900.4990
2016-10-01,Buenos Aires y CABA,industria,1508899.1880
2016-10-01,Catamarca,comercio,26512.0100
2016-10-01,Catamarca,hogares,41201.9840
2016-10-01,Catamarca,industria,99584.1580
2016-10-01,Chaco,comercio,51578.5280
2016-10-01,Chaco,hogares,134944.0210
2016-10-01,Chaco,industria,10106.7810
2016-10-01,Chubut,comercio,47433.6600
2016-10-01,Chubut,hogares,49720.0220
2016-10-01,Chubut,industria,240586.9860
2016-10-01,Corrientes,comercio,66783.4520
2016-10-01,Corrientes,hogares,112219.9170
2016-10-01,Corrientes,industria,25475.3010
2016-10-01,Córdoba,comercio,272691.6840
2016-10-01,Córdoba,hogares,274114.3210
2016-10-01,Córdoba,industria,189876.0080
2016-10-01,Entre Ríos,comercio,90918.7610
2016-10-01,Entre Ríos,hogares,107696.2520
2016-10-01,Entre Ríos,industria,71906.3070
2016-10-01,Formosa,comercio,45190.7800
2016-10-01,Formosa,hogares,45146.3020
2016-10-01,Formosa,industria,6639.5580
2016-10-01,Jujuy,comercio,29883.5750
2016-10-01,Jujuy,hogares,40825.2560
2016-10-01,Jujuy,industria,12203.5170
2016-10-01,La Pampa,comercio,29947.0670
2016-10-01,La Pampa,hogares,28351.8360
2016-10-01,La Pampa,industria,8258.5180
2016-10-01,La Rioja,comercio,53766.2850
2016-10-01,La Rioja,hogares,35689.7670
2016-10-01,La Rioja,industria,17501.4020
2016-10-01,Mendoza,comercio,178075.1580
2016-10-01,Mendoza,hogares,133206.8920
2016-10-01,Mendoza,industria,157003.9650
2016-10-01,Misiones,comercio,54941.6620
2016-10-01,Misiones,hogares,101088.4960
2016-10-01,Misiones,industria,15933.9990
2016-10-01,Neuquén,comercio,44318.4720
2016-10-01,Neuquén,hogares,53600.1200
2016-10-01,Neuquén,industria,87152.8040
2016-10-01,Río Negro,comercio,58439.5080
2016-10-01,Río Negro,hogares,54431.3470
2016-10-01,Río Negro,industria,33320.4100
2016-10-01,Salta,comercio,75890.5550
2016-10-01,Salta,hogares,80694.8550
2016-10-01,Salta,industria,11294.1100
2016-10-01,San Juan,comercio,51595.1320
2016-10-01,San Juan,hogares,67174.6090
2016-10-01,San Juan,industria,37705.8990
2016-10-01,San Luis,comercio,35930.3930
2016-10-01,San Luis,hogares,39263.4920
2016-10-01,San Luis,industria,49479.5420
2016-10-01,Santa Cruz,comercio,27446.3630
2016-10-01,Santa Cruz,hogares,23515.1690
2016-10-01,Santa Cruz,industria,41599.8730
2016-10-01,Santa Fe,comercio,250431.1420
2016-10-01,Santa Fe,hogares,293464.9280
2016-10-01,Santa Fe,industria,361315.1910
2016-10-01,Santiago del Estero,comercio,29391.8210
2016-10-01,Santiago del Estero,hogares,70290.3920
2016-10-01,Santiago del Estero,industria,11770.4700
2016-10-01,Tucumán,comercio,71255.2320
2016-10-01,Tucumán,hogares,119907.1030
2016-10-01,Tucumán,industria,50192.6050
2016-11-01,Buenos Aires y CABA,comercio,1407393.0570
2016-11-01,Buenos Aires y CABA,hogares,1912332.0610
2016-11-01,Buenos Aires y CABA,industria,1559609.5850
2016-11-01,Catamarca,comercio,29466.8660
2016-11-01,Catamarca,hogares,41836.9330
2016-11-01,Catamarca,industria,101066.7240
2016-11-01,Chaco,comercio,55658.5840
2016-11-01,Chaco,hogares,162110.4010
2016-11-01,Chaco,industria,10891.1560
2016-11-01,Chubut,comercio,48203.1740
2016-11-01,Chubut,hogares,43902.0870
2016-11-01,Chubut,industria,229017.7650
2016-11-01,Corrientes,comercio,73364.3710
2016-11-01,Corrientes,hogares,132868.0860
2016-11-01,Corrientes,industria,30757.3180
2016-11-01,Córdoba,comercio,281485.6400
2016-11-01,Córdoba,hogares,280396.7330
2016-11-01,Córdoba,industria,198655.4830
2016-11-01,Entre Ríos,comercio,100223.1860
2016-11-01,Entre Ríos,hogares,114767.1520
2016-11-01,Entre Ríos,industria,72221.4760
2016-11-01,Formosa,comercio,45003.0760
2016-11-01,Formosa,hogares,48562.7350
2016-11-01,Formosa,industria,7393.0940
2016-11-01,Jujuy,comercio,29350.1410
2016-11-01,Jujuy,hogares,39737.9220
2016-11-01,Jujuy,industria,14112.2120
2016-11-01,La Pampa,comercio,30370.0770
2016-11-01,La Pampa,hogares,29066.5370
2016-11-01,La Pampa,industria,8506.6970
2016-11-01,La Rioja,comercio,56410.0410
2016-11-01,La Rioja,hogares,43326.4220
2016-11-01,La Rioja,industria,19643.9810
2016-11-01,Mendoza,comercio,179374.6890
2016-11-01,Mendoza,hogares,141432.8980
2016-11-01,Mendoza,industria,153626.1400
2016-11-01,Misiones,comercio,59810.6490
2016-11-01,Misiones,hogares,110798.2350
2016-11-01,Misiones,industria,16039.6040
2016-11-01,Neuquén,comercio,43322.9050
2016-11-01,Neuquén,hogares,51185.8220
2016-11-01,Neuquén,industria,85506.7400
2016-11-01,Río Negro,comercio,58791.3080
2016-11-01,Río Negro,hogares,53013.6350
2016-11-01,Río Negro,industria,32752.7740
2016-11-01,Salta,comercio,72305.9240
2016-11-01,Salta,hogares,80541.5450
2016-11-01,Salta,industria,11254.1700
2016-11-01,San Juan,comercio,49391.4320
2016-11-01,San Juan,hogares,87255.9220
2016-11-01,San Juan,industria,33113.2960
2016-11-01,San Luis,comercio,35858.0770
2016-11-01,San Luis,hogares,38994.3740
2016-11-01,San Luis,industria,50335.2070
2016-11-01,Santa Cruz,comercio,24703.5960
2016-11-01,Santa Cruz,hogares,22168.6880
2016-11-01,Santa Cruz,industria,41794.8360
2016-11-01,Santa Fe,comercio,259430.4630
2016-11-01,Santa Fe,hogares,326988.4110
2016-11-01,Santa Fe,industria,367412.8770
2016-11-01,Santiago del Estero,comercio,40218.8530
2016-11-01,Santiago del Estero,hogares,75564.8510
2016-11-01,Santiago del Estero,industria,10126.7520
2016-11-01,Tucumán,comercio,73952.9810
2016-11-01,Tucumán,hogares,133476.2420
2016-11-01,Tucumán,industria,54285.9150
2016-12-01,Buenos Aires y CABA,comercio,1623921.7280
2016-12-01,Buenos Aires y CABA,hogares,2509901.2430
2016-12-01,Buenos Aires y CABA,industria,1645996.8150
2016-12-01,Catamarca,comercio,30830.8390
2016-12-01,Catamarca,hogares,54118.0280
2016-12-01,Catamarca,industria,100729.5380
2016-12-01,Chaco,comercio,75471.8460
2016-12-01,Chaco,hogares,205477.5040
2016-12-01,Chaco,industria,9922.2610
2016-12-01,Chubut,comercio,48518.6710
2016-12-01,Chubut,hogares,41740.8260
2016-12-01,Chubut,industria,225118.6480
2016-12-01,Corrientes,comercio,88560.4410
2016-12-01,Corrientes,hogares,173264.3720
2016-12-01,Corrientes,industria,30536.0570
2016-12-01,Córdoba,comercio,320798.3460
2016-12-01,Córdoba,hogares,346331.0110
2016-12-01,Córdoba,industria,207122.0210
2016-12-01,Entre Ríos,comercio,124000.8500
2016-12-01,Entre Ríos,hogares,155480.9460
2016-12-01,Entre Ríos,industria,73168.6430
2016-12-01,Formosa,comercio,45112.4490
2016-12-01,Formosa,hogares,75275.7450
2016-12-01,Formosa,industria,8118.6830
2016-12-01,Jujuy,comercio,36830.1050
2016-12-01,Jujuy,hogares,48011.1730
2016-12-01,Jujuy,industria,12571.6970
2016-12-01,La Pampa,comercio,38602.8280
2016-12-01,La Pampa,hogares,40842.1630
2016-12-01,La Pampa,industria,9407.3750
2016-12-01,La Rioja,comercio,62158.2890
2016-12-01,La Rioja,hogares,58835.5600
2016-12-01,La Rioja,industria,17088.4630
2016-12-01,Mendoza,comercio,201143.6050
2016-12-01,Mendoza,hogares,178715.9160
2016-12-01,Mendoza,industria,158309.5070
2016-12-01,Misiones,comercio,65314.8610
2016-12-01,Misiones,hogares,139655.8950
2016-12-01,Misiones,industria,18585.1880
2016-12-01,Neuquén,comercio,47789.1990
2016-12-01,Neuquén,hogares,59401.5300
2016-12-01,Neuquén,industria,96400.6820
2016-12-01,Río Negro,comercio,66826.0280
2016-12-01,Río Negro,hogares,59080.4540
2016-12-01,Río Negro,industria,33187.9500
2016-12-01,Salta,comercio,76225.6240
2016-12-01,Salta,hogares,88848.8850
2016-12-01,Salta,industria,12781.8840
2016-12-01,San Juan,comercio,60405.0950
2016-12-01,San Juan,hogares,119384.8230
2016-12-01,San Juan,industria,33313.2260
2016-12-01,San Luis,comercio,38794.6140
2016-12-01,San Luis,hogares,49648.3280
2016-12-01,San Luis,industria,51252.2660
2016-12-01,Santa Cruz,comercio,21676.9120
2016-12-01,Santa Cruz,hogares,24924.3310
2016-12-01,Santa Cruz,industria,44245.8420
2016-12-01,Santa Fe,comercio,318224.9480
2016-12-01,Santa Fe,hogares,435859.0700
2016-12-01,Santa Fe,industria,338773.3640
2016-12-01,Santiago del Estero,comercio,44729.6860
2016-12-01,Santiago del Estero,hogares,105432.8660
2016-12-01,Santiago del Estero,industria,11794.6120
2016-12-01,Tucumán,comercio,87103.7480
2016-12-01,Tucumán,hogares,178587.0230
2016-12-01,Tucumán,industria,43571.2620
2017-01-01,Buenos Aires y CABA,comercio,1679201.7150
2017-01-01,Buenos Aires y CABA,hogares,2661684.0480
2017-01-01,Buenos Aires y CABA,industria,1614530.1450
2017-01-01,Catamarca,comercio,33209.7430
2017-01-01,Catamarca,hogares,61274.8090
2017-01-01,Catamarca,industria,93990.4040
2017-01-01,Chaco,comercio,78540.7040
2017-01-01,Chaco,hogares,237568.7050
2017-01-01,Chaco,industria,9953.5570
2017-01-01,Chubut,comercio,48825.6550
2017-01-01,Chubut,hogares,41996.3240
2017-01-01,Chubut,industria,219719.6230
2017-01-01,Corrientes,comercio,84275.1630
2017-01-01,Corrientes,hogares,201983.2770
2017-01-01,Corrientes,industria,34115.1080
2017-01-01,Córdoba,comercio,327977.2230
2017-01-01,Córdoba,hogares,399662.0950
2017-01-01,Córdoba,industria,200696.5970
2017-01-01,Entre Ríos,comercio,132905.5000
2017-01-01,Entre Ríos,hogares,172401.9370
2017-01-01,Entre Ríos,industria,72079.1790
2017-01-01,Formosa,comercio,43756.6230
2017-01-01,Formosa,hogares,100873.0820
2017-01-01,Formosa,industria,8919.3680
2017-01-01,Jujuy,comercio,38021.7520
2017-01-01,Jujuy,hogares,51252.4270
2017-01-01,Jujuy,industria,15346.1840
2017-01-01,La Pampa,comercio,38502.9310
2017-01-01,La Pampa,hogares,45816.5260
2017-01-01,La Pampa,industria,9333.4660
2017-01-01,La Rioja,comercio,64279.6310
2017-01-01,La Rioja,hogares,68546.4720
2017-01-01,La Rioja,industria,16710.4020
2017-01-01,Mendoza,comercio,231449.9130
2017-01-01,Mendoza,hogares,219526.2730
2017-01-01,Mendoza,industria,167456.8910
2017-01-01,Misiones,comercio,69995.9860
2017-01-01,Misiones,hogares,149180.1310
2017-01-01,Misiones,industria,18650.4200
2017-01-01,Neuquén,comercio,50393.7210
2017-01-01,Neuquén,hogares,63966.9570
2017-01-01,Neuquén,industria,107430.4160
2017-01-01,Río Negro,comercio,72111.9480
2017-01-01,Río Negro,hogares,62371.9010
2017-01-01,Río Negro,industria,37388.0420
2017-01-01,Salta,comercio,78171.6660
2017-01-01,Salta,hogares,100179.7040
2017-01-01,Salta,industria,14082.9620
2017-01-01,San Juan,comercio,64987.4870
2017-01-01,San Juan,hogares,146829.1790
2017-01-01,San Juan,industria,34378.5890
2017-01-01,San Luis,comercio,41804.7010
2017-01-01,San Luis,hogares,54069.7830
2017-01-01,San Luis,industria,49120.8770
2017-01-01,Santa Cruz,comercio,24753.8400
2017-01-01,Santa Cruz,hogares,21118.3290
2017-01-01,Santa Cruz,industria,43382.9050
2017-01-01,Santa Fe,comercio,336509.1890
2017-01-01,Santa Fe,hogares,487466.6590
2017-01-01,Santa Fe,industria,345025.5440
2017-01-01,Santiago del Estero,comercio,39367.8670
2017-01-01,Santiago del Estero,hogares,135844.3340
2017-01-01,Santiago del Estero,industria,12714.6190
2017-01-01,Tucumán,comercio,91232.2040
2017-01-01,Tucumán,hogares,199960.7780
2017-01-01,Tucumán,industria,45991.4560
2017-02-01,Buenos Aires y CABA,comercio,1665016.4000
2017-02-01,Buenos Aires y CABA,hogares,2142600.6300
2017-02-01,Buenos Aires y CABA,industria,1535481.7710
2017-02-01,Catamarca,comercio,28019.5190
2017-02-01,Catamarca,hogares,47285.7890
2017-02-01,Catamarca,industria,93586.3390
2017-02-01,Chaco,comercio,69581.1720
2017-02-01,Chaco,hogares,190013.9560
2017-02-01,Chaco,industria,9670.7130
2017-02-01,Chubut,comercio,42423.8720
2017-02-01,Chubut,hogares,38164.1010
2017-02-01,Chubut,industria,205733.9420
2017-02-01,Corrientes,comercio,67299.5080
2017-02-01,Corrientes,hogares,176310.6690
2017-02-01,Corrientes,industria,31630.9640
2017-02-01,Córdoba,comercio,294254.2510
2017-02-01,Córdoba,hogares,327904.8750
2017-02-01,Córdoba,industria,182777.5290
2017-02-01,Entre Ríos,comercio,114454.1330
2017-02-01,Entre Ríos,hogares,151937.6580
2017-02-01,Entre Ríos,industria,65637.3960
2017-02-01,Formosa,comercio,36671.1990
2017-02-01,Formosa,hogares,93792.0740
2017-02-01,Formosa,industria,6867.4480
2017-02-01,Jujuy,comercio,36169.7660
2017-02-01,Jujuy,hogares,41755.7860
2017-02-01,Jujuy,industria,15380.4530
2017-02-01,La Pampa,comercio,34723.9810
2017-02-01,La Pampa,hogares,38216.2390
2017-02-01,La Pampa,industria,9186.3880
2017-02-01,La Rioja,comercio,57355.7000
2017-02-01,La Rioja,hogares,47629.9320
2017-02-01,La Rioja,industria,18826.2750
2017-02-01,Mendoza,comercio,180886.3560
2017-02-01,Mendoza,hogares,169594.6560
2017-02-01,Mendoza,industria,152890.6290
2017-02-01,Misiones,comercio,64916.6460
2017-02-01,Misiones,hogares,128382.1760
2017-02-01,Misiones,industria,19888.6610
2017-02-01,Neuquén,comercio,47095.0320
2017-02-01,Neuquén,hogares,55876.7100
2017-02-01,Neuquén,industria,94166.5320
2017-02-01,Río Negro,comercio,71168.5200
2017-02-01,Río Negro,hogares,55027.1530
2017-02-01,Río Negro,industria,47589.6930
2017-02-01,Salta,comercio,69877.9350
2017-02-01,Salta,hogares,81704.9980
2017-02-01,Salta,industria,12116.6290
2017-02-01,San Juan,comercio,62654.4920
2017-02-01,San Juan,hogares,108642.1450
2017-02-01,San Juan,industria,28831.6080
2017-02-01,San Luis,comercio,36944.7200
2017-02-01,San Luis,hogares,47105.9980
2017-02-01,San Luis,industria,49791.9070
2017-02-01,Santa Cruz,comercio,21262.9400
2017-02-01,Santa Cruz,hogares,21025.2200
2017-02-01,Santa Cruz,industria,39070.6300
2017-02-01,Santa Fe,comercio,295574.6070
2017-02-01,Santa Fe,hogares,406501.3120
2017-02-01,Santa Fe,industria,354652.3730
2017-02-01,Santiago del Estero,comercio,37809.8230
2017-02-01,Santiago del Estero,hogares,101024.1920
2017-02-01,Santiago del Estero,industria,12430.0220
2017-02-01,Tucumán,comercio,81219.5550
2017-02-01,Tucumán,hogares,154284.1850
2017-02-01,Tucumán,industria,48538.0160
2017-03-01,Buenos Aires y CABA,comercio,1540541.6770
2017-03-01,Buenos Aires y CABA,hogares,2099447.6090
2017-03-01,Buenos Aires y CABA,industria,1690877.1740
2017-03-01,Catamarca,comercio,29432.8480
2017-03-01,Catamarca,hogares,42238.5730
2017-03-01,Catamarca,industria,103700.6290
2017-03-01,Chaco,comercio,71834.0480
2017-03-01,Chaco,hogares,189258.0890
2017-03-01,Chaco,industria,10576.1580
2017-03-01,Chubut,comercio,45747.8710
2017-03-01,Chubut,hogares,45492.7610
2017-03-01,Chubut,industria,216137.6140
2017-03-01,Corrientes,comercio,62312.7270
2017-03-01,Corrientes,hogares,183486.1150
2017-03-01,Corrientes,industria,32680.4090
2017-03-01,Córdoba,comercio,304783.6510
2017-03-01,Córdoba,hogares,318856.1830
2017-03-01,Córdoba,industria,208460.1800
2017-03-01,Entre Ríos,comercio,111420.3670
2017-03-01,Entre Ríos,hogares,140503.7500
2017-03-01,Entre Ríos,industria,75481.1860
2017-03-01,Formosa,comercio,35992.1300
2017-03-01,Formosa,hogares,81149.0100
2017-03-01,Formosa,industria,9049.2220
2017-03-01,Jujuy,comercio,32112.8840
2017-03-01,Jujuy,hogares,42987.9960
2017-03-01,Jujuy,industria,16608.5950
2017-03-01,La Pampa,comercio,31185.1650
2017-03-01,La Pampa,hogares,33416.1370
2017-03-01,La Pampa,industria,8785.4660
2017-03-01,La Rioja,comercio,60459.5800
2017-03-01,La Rioja,hogares,39646.1010
2017-03-01,La Rioja,industria,20398.9440
2017-03-01,Mendoza,comercio,186103.0950
2017-03-01,Mendoza,hogares,148610.4720
2017-03-01,Mendoza,industria,169708.9490
2017-03-01,Misiones,comercio,70186.6740
2017-03-01,Misiones,hogares,141212.4530
2017-03-01,Misiones,industria,21865.3920
2017-03-01,Neuquén,comercio,42884.9570
2017-03-01,Neuquén,hogares,56718.9770
2017-03-01,Neuquén,industria,101845.8150
2017-03-01,Río Negro,comercio,68387.5540
2017-03-01,Río Negro,hogares,54319.4570
2017-03-01,Río Negro,industria,50876.1030
2017-03-01,Salta,comercio,65918.3280
2017-03-01,Salta,hogares,85085.1690
2017-03-01,Salta,industria,15496.6620
2017-03-01,San Juan,comercio,62070.2250
2017-03-01,San Juan,hogares,90756.8110
2017-03-01,San Juan,industria,40024.8490
2017-03-01,San Luis,comercio,39843.4340
2017-03-01,San Luis,hogares,40552.6580
2017-03-01,San Luis,industria,53538.7060
2017-03-01,Santa Cruz,comercio,29396.1120
2017-03-01,Santa Cruz,hogares,20767.8700
2017-03-01,Santa Cruz,industria,45752.6570
2017-03-01,Santa Fe,comercio,299825.9550
2017-03-01,Santa Fe,hogares,386619.7290
2017-03-01,Santa Fe,industria,391343.9420
2017-03-01,Santiago del Estero,comercio,39607.6500
2017-03-01,Santiago del Estero,hogares,86981.6790
2017-03-01,Santiago del Estero,industria,11826.2780
2017-03-01,Tucumán,comercio,77727.5760
2017-03-01,Tucumán,hogares,142607.5440
2017-03-01,Tucumán,industria,48706.9740
2017-04-01,Buenos Aires y CABA,comercio,1409210.2180
2017-04-01,Buenos Aires y CABA,hogares,1860192.3660
2017-04-01,Buenos Aires y CABA,industria,1575900.5450
2017-04-01,Catamarca,comercio,23692.8000
2017-04-01,Catamarca,hogares,34667.3180
2017-04-01,Catamarca,industria,96407.9080
2017-04-01,Chaco,comercio,32744.0590
2017-04-01,Chaco,hogares,146876.8850
2017-04-01,Chaco,industria,10840.9050
2017-04-01,Chubut,comercio,42647.6530
2017-04-01,Chubut,hogares,45201.1980
2017-04-01,Chubut,industria,243626.5320
2017-04-01,Corrientes,comercio,56897.2560
2017-04-01,Corrientes,hogares,120700.5990
2017-04-01,Corrientes,industria,26897.0460
2017-04-01,Córdoba,comercio,268933.1740
2017-04-01,Córdoba,hogares,272471.6310
2017-04-01,Córdoba,industria,184391.9850
2017-04-01,Entre Ríos,comercio,92458.4490
2017-04-01,Entre Ríos,hogares,114696.1610
2017-04-01,Entre Ríos,industria,67884.8770
2017-04-01,Formosa,comercio,35057.3100
2017-04-01,Formosa,hogares,47058.0240
2017-04-01,Formosa,industria,6918.8740
2017-04-01,Jujuy,comercio,23050.1890
2017-04-01,Jujuy,hogares,35639.8250
2017-04-01,Jujuy,industria,17931.8540
2017-04-01,La Pampa,comercio,29360.9570
2017-04-01,La Pampa,hogares,28636.7440
2017-04-01,La Pampa,industria,8775.1950
2017-04-01,La Rioja,comercio,43026.2840
2017-04-01,La Rioja,hogares,33955.0890
2017-04-01,La Rioja,industria,16366.8190
2017-04-01,Mendoza,comercio,138801.2290
2017-04-01,Mendoza,hogares,140927.2320
2017-04-01,Mendoza,industria,152715.3060
2017-04-01,Misiones,comercio,67051.2470
2017-04-01,Misiones,hogares,99473.5350
2017-04-01,Misiones,industria,20083.9480
2017-04-01,Neuquén,comercio,43326.2080
2017-04-01,Neuquén,hogares,53890.5610
2017-04-01,Neuquén,industria,90967.3960
2017-04-01,Río Negro,comercio,63038.5590
2017-04-01,Río Negro,hogares,54121.4640
2017-04-01,Río Negro,industria,41910.4410
2017-04-01,Salta,comercio,62166.3470
2017-04-01,Salta,hogares,69872.3040
2017-04-01,Salta,industria,12790.2900
2017-04-01,San Juan,comercio,48520.2540
2017-04-01,San Juan,hogares,64673.7980
2017-04-01,San Juan,industria,33173.7290
2017-04-01,San Luis,comercio,34960.0380
2017-04-01,San Luis,hogares,39647.9110
2017-04-01,San Luis,industria,45401.1140
2017-04-01,Santa Cruz,comercio,30249.8620
2017-04-01,Santa Cruz,hogares,21545.4520
2017-04-01,Santa Cruz,industria,47656.3490
2017-04-01,Santa Fe,comercio,256014.7890
2017-04-01,Santa Fe,hogares,294874.6470
2017-04-01,Santa Fe,industria,378247.2960
2017-04-01,Santiago del Estero,comercio,33863.8900
2017-04-01,Santiago del Estero,hogares,59828.6300
2017-04-01,Santiago del Estero,industria,10553.8460
2017-04-01,Tucumán,comercio,65753.3690
2017-04-01,Tucumán,hogares,115378.7660
2017-04-01,Tucumán,industria,49162.0490
2017-05-01,Buenos Aires y CABA,comercio,1460237.6500
2017-05-01,Buenos Aires y CABA,hogares,2404954.2150
2017-05-01,Buenos Aires y CABA,industria,1573721.1360
2017-05-01,Catamarca,comercio,25061.1840
2017-05-01,Catamarca,hogares,40189.9780
2017-05-01,Catamarca,industria,102567.9500
2017-05-01,Chaco,comercio,45540.1410
2017-05-01,Chaco,hogares,132209.0570
2017-05-01,Chaco,industria,13020.0350
2017-05-01,Chubut,comercio,54374.6490
2017-05-01,Chubut,hogares,59283.0550
2017-05-01,Chubut,industria,268623.9240
2017-05-01,Corrientes,comercio,49114.5550
2017-05-01,Corrientes,hogares,129147.2600
2017-05-01,Corrientes,industria,27256.0800
2017-05-01,Córdoba,comercio,290020.8610
2017-05-01,Córdoba,hogares,311086.8710
2017-05-01,Córdoba,industria,199523.8150
2017-05-01,Entre Ríos,comercio,101138.9740
2017-05-01,Entre Ríos,hogares,115846.9230
2017-05-01,Entre Ríos,industria,70066.9030
2017-05-01,Formosa,comercio,27167.2710
2017-05-01,Formosa,hogares,52351.0480
2017-05-01,Formosa,industria,6705.8600
2017-05-01,Jujuy,comercio,27353.1800
2017-05-01,Jujuy,hogares,41584.2940
2017-05-01,Jujuy,industria,20564.4160
2017-05-01,La Pampa,comercio,32774.1510
2017-05-01,La Pampa,hogares,31227.7860
2017-05-01,La Pampa,industria,8863.3140
2017-05-01,La Rioja,comercio,37807.6900
2017-05-01,La Rioja,hogares,48456.4420
2017-05-01,La Rioja,industria,18095.0430
2017-05-01,Mendoza,comercio,142961.4830
2017-05-01,Mendoza,hogares,167891.0630
2017-05-01,Mendoza,industria,150262.6860
2017-05-01,Misiones,comercio,58418.4560
2017-05-01,Misiones,hogares,104127.3620
2017-05-01,Misiones,industria,20621.3510
2017-05-01,Neuquén,comercio,46943.4510
2017-05-01,Neuquén,hogares,65154.8360
2017-05-01,Neuquén,industria,95391.4160
2017-05-01,Río Negro,comercio,83418.6130
2017-05-01,Río Negro,hogares,44207.2980
2017-05-01,Río Negro,industria,38416.3510
2017-05-01,Salta,comercio,68453.8440
2017-05-01,Salta,hogares,79410.5120
2017-05-01,Salta,industria,15140.8060
2017-05-01,San Juan,comercio,48529.0360
2017-05-01,San Juan,hogares,79839.7580
2017-05-01,San Juan,industria,42387.7380
2017-05-01,San Luis,comercio,36759.3290
2017-05-01,San Luis,hogares,54285.9360
2017-05-01,San Luis,industria,46935.9940
2017-05-01,Santa Cruz,comercio,33249.5650
2017-05-01,Santa Cruz,hogares,24253.2280
2017-05-01,Santa Cruz,industria,48232.0530
2017-05-01,Santa Fe,comercio,258913.1870
2017-05-01,Santa Fe,hogares,355817.6580
2017-05-01,Santa Fe,industria,402295.4960
2017-05-01,Santiago del Estero,comercio,34893.1570
2017-05-01,Santiago del Estero,hogares,60112.0760
2017-05-01,Santiago del Estero,industria,14385.2660
2017-05-01,Tucumán,comercio,69238.0610
2017-05-01,Tucumán,hogares,122588.1550
2017-05-01,Tucumán,industria,55742.4830
2017-06-01,Buenos Aires y CABA,comercio,1456976.3920
2017-06-01,Buenos Aires y CABA,hogares,2880576.3260
2017-06-01,Buenos Aires y CABA,industria,1531378.2720
2017-06-01,Catamarca,comercio,24996.2450
2017-06-01,Catamarca,hogares,52354.4650
2017-06-01,Catamarca,industria,94441.5000
2017-06-01,Chaco,comercio,56855.3470
2017-06-01,Chaco,hogares,125513.4620
2017-06-01,Chaco,industria,13486.9650
2017-06-01,Chubut,comercio,55483.3680
2017-06-01,Chubut,hogares,58056.4980
2017-06-01,Chubut,industria,260216.6440
2017-06-01,Corrientes,comercio,48512.3320
2017-06-01,Corrientes,hogares,133514.9560
2017-06-01,Corrientes,industria,26053.1080
2017-06-01,Córdoba,comercio,300313.0440
2017-06-01,Córdoba,hogares,344724.1270
2017-06-01,Córdoba,industria,197328.2460
2017-06-01,Entre Ríos,comercio,102653.1580
2017-06-01,Entre Ríos,hogares,124891.6450
2017-06-01,Entre Ríos,industria,69457.7620
2017-06-01,Formosa,comercio,27169.8430
2017-06-01,Formosa,hogares,52549.8610
2017-06-01,Formosa,industria,6206.2940
2017-06-01,Jujuy,comercio,28132.2430
2017-06-01,Jujuy,hogares,43362.2370
2017-06-01,Jujuy,industria,16971.0330
2017-06-01,La Pampa,comercio,34372.8480
2017-06-01,La Pampa,hogares,32056.2410
2017-06-01,La Pampa,industria,8808.0950
2017-06-01,La Rioja,comercio,37157.8660
2017-06-01,La Rioja,hogares,58753.3270
2017-06-01,La Rioja,industria,17866.5840
2017-06-01,Mendoza,comercio,147338.0050
2017-06-01,Mendoza,hogares,192935.9880
2017-06-01,Mendoza,industria,143851.1800
2017-06-01,Misiones,comercio,52124.1270
2017-06-01,Misiones,hogares,96392.7920
2017-06-01,Misiones,industria,18754.4170
2017-06-01,Neuquén,comercio,49427.0470
2017-06-01,Neuquén,hogares,65700.1960
2017-06-01,Neuquén,industria,78468.7230
2017-06-01,Río Negro,comercio,66766.7900
2017-06-01,Río Negro,hogares,62253.0460
2017-06-01,Río Negro,industria,33966.8720
2017-06-01,Salta,comercio,66021.9110
2017-06-01,Salta,hogares,89399.9390
2017-06-01,Salta,industria,12905.8150
2017-06-01,San Juan,comercio,47700.3360
2017-06-01,San Juan,hogares,104590.1340
2017-06-01,San Juan,industria,37490.4850
2017-06-01,San Luis,comercio,38803.5710
2017-06-01,San Luis,hogares,63457.5030
2017-06-01,San Luis,industria,46715.8830
2017-06-01,Santa Cruz,comercio,33305.4990
2017-06-01,Santa Cruz,hogares,26359.5320
2017-06-01,Santa Cruz,industria,43653.1300
2017-06-01,Santa Fe,comercio,290750.2290
2017-06-01,Santa Fe,hogares,374713.9020
2017-06-01,Santa Fe,industria,379050.9540
2017-06-01,Santiago del Estero,comercio,33493.4210
2017-06-01,Santiago del Estero,hogares,66850.2920
2017-06-01,Santiago del Estero,industria,13966.8780
2017-06-01,Tucumán,comercio,72980.0000
2017-06-01,Tucumán,hogares,131578.8920
2017-06-01,Tucumán,industria,56372.8390
2017-07-01,Buenos Aires y CABA,comercio,1520323.6130
2017-07-01,Buenos Aires y CABA,hogares,3103756.9460
2017-07-01,Buenos Aires y CABA,industria,1567837.0740
2017-07-01,Catamarca,comercio,24515.7830
2017-07-01,Catamarca,hogares,53990.7930
2017-07-01,Catamarca,industria,94382.3800
2017-07-01,Chaco,comercio,55865.3880
2017-07-01,Chaco,hogares,125994.2720
2017-07-01,Chaco,industria,13254.8190
2017-07-01,Chubut,comercio,53598.1270
2017-07-01,Chubut,hogares,62610.6630
2017-07-01,Chubut,industria,270442.8090
2017-07-01,Corrientes,comercio,56130.8750
2017-07-01,Corrientes,hogares,125036.3250
2017-07-01,Corrientes,industria,26780.6890
2017-07-01,Córdoba,comercio,307580.1830
2017-07-01,Córdoba,hogares,359318.7990
2017-07-01,Córdoba,industria,199471.9560
2017-07-01,Entre Ríos,comercio,103484.1560
2017-07-01,Entre Ríos,hogares,127477.3880
2017-07-01,Entre Ríos,industria,71330.0660
2017-07-01,Formosa,comercio,27228.5730
2017-07-01,Formosa,hogares,53967.5860
2017-07-01,Formosa,industria,6744.5490
2017-07-01,Jujuy,comercio,27526.1040
2017-07-01,Jujuy,hogares,44842.1760
2017-07-01,Jujuy,industria,17546.3930
2017-07-01,La Pampa,comercio,34769.9060
2017-07-01,La Pampa,hogares,31874.7300
2017-07-01,La Pampa,industria,8802.9680
2017-07-01,La Rioja,comercio,39094.9980
2017-07-01,La Rioja,hogares,60435.3000
2017-07-01,La Rioja,industria,17732.0290
2017-07-01,Mendoza,comercio,151024.2810
2017-07-01,Mendoza,hogares,200369.6560
2017-07-01,Mendoza,industria,144966.6040
2017-07-01,Misiones,comercio,54328.1450
2017-07-01,Misiones,hogares,99805.9540
2017-07-01,Misiones,industria,19330.9570
2017-07-01,Neuquén,comercio,50461.0370
2017-07-01,Neuquén,hogares,68087.0380
2017-07-01,Neuquén,industria,77560.8470
2017-07-01,Río Negro,comercio,68870.0360
2017-07-01,Río Negro,hogares,64903.0690
2017-07-01,Río Negro,industria,32323.4900
2017-07-01,Salta,comercio,68244.7510
2017-07-01,Salta,hogares,86378.4570
2017-07-01,Salta,industria,11205.6520
2017-07-01,San Juan,comercio,47746.1960
2017-07-01,San Juan,hogares,113752.0580
2017-07-01,San Juan,industria,41650.7110
2017-07-01,San Luis,comercio,39247.8850
2017-07-01,San Luis,hogares,59887.8030
2017-07-01,San Luis,industria,47883.7000
2017-07-01,Santa Cruz,comercio,34909.4650
2017-07-01,Santa Cruz,hogares,26667.6530
2017-07-01,Santa Cruz,industria,44568.6540
2017-07-01,Santa Fe,comercio,298410.1270
2017-07-01,Santa Fe,hogares,384097.0360
2017-07-01,Santa Fe,industria,383270.3620
2017-07-01,Santiago del Estero,comercio,30993.8120
2017-07-01,Santiago del Estero,hogares,75982.4740
2017-07-01,Santiago del Estero,industria,10997.3930
2017-07-01,Tucumán,comercio,75679.1540
2017-07-01,Tucumán,hogares,131379.7740
2017-07-01,Tucumán,industria,57693.1100
2017-08-01,Buenos Aires y CABA,comercio,1483680.2720
2017-08-01,Buenos Aires y CABA,hogares,2620050.6750
2017-08-01,Buenos Aires y CABA,industria,1591333.0650
2017-08-01,Catamarca,comercio,25878.8410
2017-08-01,Catamarca,hogares,40685.2920
2017-08-01,Catamarca,industria,97585.4670
2017-08-01,Chaco,comercio,54466.9080
2017-08-01,Chaco,hogares,127600.1750
2017-08-01,Chaco,industria,11987.2170
2017-08-01,Chubut,comercio,52337.4900
2017-08-01,Chubut,hogares,61264.4450
2017-08-01,Chubut,industria,277126.9660
2017-08-01,Corrientes,comercio,55631.9870
2017-08-01,Corrientes,hogares,121915.8380
2017-08-01,Corrientes,industria,27908.8260
2017-08-01,Córdoba,comercio,292993.8720
2017-08-01,Córdoba,hogares,317318.4370
2017-08-01,Córdoba,industria,206594.5390
2017-08-01,Entre Ríos,comercio,98495.3320
2017-08-01,Entre Ríos,hogares,120158.9520
2017-08-01,Entre Ríos,industria,71852.8040
2017-08-01,Formosa,comercio,27364.2370
2017-08-01,Formosa,hogares,58012.1220
2017-08-01,Formosa,industria,6815.6400
2017-08-01,Jujuy,comercio,27586.9340
2017-08-01,Jujuy,hogares,41076.2380
2017-08-01,Jujuy,industria,17601.4330
2017-08-01,La Pampa,comercio,33602.5870
2017-08-01,La Pampa,hogares,32032.9220
2017-08-01,La Pampa,industria,9020.5690
2017-08-01,La Rioja,comercio,47519.8120
2017-08-01,La Rioja,hogares,50142.2860
2017-08-01,La Rioja,industria,18542.7450
2017-08-01,Mendoza,comercio,165804.4290
2017-08-01,Mendoza,hogares,175053.9520
2017-08-01,Mendoza,industria,152466.8900
2017-08-01,Misiones,comercio,57097.7110
2017-08-01,Misiones,hogares,98836.9720
2017-08-01,Misiones,industria,18724.6220
2017-08-01,Neuquén,comercio,50314.8900
2017-08-01,Neuquén,hogares,64517.1170
2017-08-01,Neuquén,industria,80061.8560
2017-08-01,Río Negro,comercio,68416.4390
2017-08-01,Río Negro,hogares,64212.5100
2017-08-01,Río Negro,industria,32239.8480
2017-08-01,Salta,comercio,70199.4100
2017-08-01,Salta,hogares,80651.7300
2017-08-01,Salta,industria,10962.7930
2017-08-01,San Juan,comercio,51199.4270
2017-08-01,San Juan,hogares,90804.0760
2017-08-01,San Juan,industria,43081.0130
2017-08-01,San Luis,comercio,39318.8440
2017-08-01,San Luis,hogares,49862.4530
2017-08-01,San Luis,industria,49290.5100
2017-08-01,Santa Cruz,comercio,33188.3700
2017-08-01,Santa Cruz,hogares,26462.5760
2017-08-01,Santa Cruz,industria,42918.0390
2017-08-01,Santa Fe,comercio,283229.5000
2017-08-01,Santa Fe,hogares,347802.3880
2017-08-01,Santa Fe,industria,379895.4350
2017-08-01,Santiago del Estero,comercio,33023.1500
2017-08-01,Santiago del Estero,hogares,64903.1360
2017-08-01,Santiago del Estero,industria,12885.9280
2017-08-01,Tucumán,comercio,73622.1700
2017-08-01,Tucumán,hogares,113990.6920
2017-08-01,Tucumán,industria,56026.9040
2017-09-01,Buenos Aires y CABA,comercio,1424060.0850
2017-09-01,Buenos Aires y CABA,hogares,2225995.6340
2017-09-01,Buenos Aires y CABA,industria,1551084.9830
2017-09-01,Catamarca,comercio,25760.5490
2017-09-01,Catamarca,hogares,36588.6170
2017-09-01,Catamarca,industria,98687.9750
2017-09-01,Chaco,comercio,54258.2600
2017-09-01,Chaco,hogares,127466.5380
2017-09-01,Chaco,industria,11682.7020
2017-09-01,Chubut,comercio,48736.5030
2017-09-01,Chubut,hogares,59348.0130
2017-09-01,Chubut,industria,267158.5710
2017-09-01,Corrientes,comercio,54501.5940
2017-09-01,Corrientes,hogares,120480.5000
2017-09-01,Corrientes,industria,27347.5850
2017-09-01,Córdoba,comercio,273520.6940
2017-09-01,Córdoba,hogares,294329.5320
2017-09-01,Córdoba,industria,195851.7240
2017-09-01,Entre Ríos,comercio,96209.3560
2017-09-01,Entre Ríos,hogares,106785.6150
2017-09-01,Entre Ríos,industria,68679.3690
2017-09-01,Formosa,comercio,27497.8830
2017-09-01,Formosa,hogares,60700.8190
2017-09-01,Formosa,industria,6925.0320
2017-09-01,Jujuy,comercio,27466.9670
2017-09-01,Jujuy,hogares,39233.8390
2017-09-01,Jujuy,industria,15450.1770
2017-09-01,La Pampa,comercio,31982.8480
2017-09-01,La Pampa,hogares,29097.1110
2017-09-01,La Pampa,industria,8966.3420
2017-09-01,La Rioja,comercio,49430.6370
2017-09-01,La Rioja,hogares,44836.1020
2017-09-01,La Rioja,industria,18956.4070
2017-09-01,Mendoza,comercio,173251.9830
2017-09-01,Mendoza,hogares,152917.4230
2017-09-01,Mendoza,industria,149135.8800
2017-09-01,Misiones,comercio,59786.3780
2017-09-01,Misiones,hogares,108916.4110
2017-09-01,Misiones,industria,16765.6760
2017-09-01,Neuquén,comercio,47834.6660
2017-09-01,Neuquén,hogares,57078.7260
2017-09-01,Neuquén,industria,76271.6060
2017-09-01,Río Negro,comercio,62886.4640
2017-09-01,Río Negro,hogares,55816.4980
2017-09-01,Río Negro,industria,30614.8160
2017-09-01,Salta,comercio,69413.2550
2017-09-01,Salta,hogares,76448.9710
2017-09-01,Salta,industria,11116.0440
2017-09-01,San Juan,comercio,52380.9580
2017-09-01,San Juan,hogares,74044.2560
2017-09-01,San Juan,industria,36623.4950
2017-09-01,San Luis,comercio,37160.9800
2017-09-01,San Luis,hogares,46323.5960
2017-09-01,San Luis,industria,49631.5880
2017-09-01,Santa Cruz,comercio,29423.0020
2017-09-01,Santa Cruz,hogares,25456.9390
2017-09-01,Santa Cruz,industria,44428.8850
2017-09-01,Santa Fe,comercio,262032.7490
2017-09-01,Santa Fe,hogares,305419.3320
2017-09-01,Santa Fe,industria,373258.3970
2017-09-01,Santiago del Estero,comercio,33253.6770
2017-09-01,Santiago del Estero,hogares,61385.6180
2017-09-01,Santiago del Estero,industria,11631.6460
2017-09-01,Tucumán,comercio,69898.2670
2017-09-01,Tucumán,hogares,109138.5020
2017-09-01,Tucumán,industria,49759.3010
2017-10-01,Buenos Aires y CABA,comercio,1403291.4400
2017-10-01,Buenos Aires y CABA,hogares,1969771.0170
2017-10-01,Buenos Aires y CABA,industria,1579094.1680
2017-10-01,Catamarca,comercio,28576.4650
2017-10-01,Catamarca,hogares,41398.4530
2017-10-01,Catamarca,industria,103188.8320
2017-10-01,Chaco,comercio,59293.4160
2017-10-01,Chaco,hogares,141084.9060
2017-10-01,Chaco,industria,10759.1960
2017-10-01,Chubut,comercio,44023.1960
2017-10-01,Chubut,hogares,52965.1210
2017-10-01,Chubut,industria,274579.4200
2017-10-01,Corrientes,comercio,55242.2460
2017-10-01,Corrientes,hogares,131224.9550
2017-10-01,Corrientes,industria,29196.1390
2017-10-01,Córdoba,comercio,280476.5400
2017-10-01,Córdoba,hogares,278405.3130
2017-10-01,Córdoba,industria,203707.2160
2017-10-01,Entre Ríos,comercio,99270.1280
2017-10-01,Entre Ríos,hogares,105454.3350
2017-10-01,Entre Ríos,industria,71654.5780
2017-10-01,Formosa,comercio,28003.9570
2017-10-01,Formosa,hogares,69856.9670
2017-10-01,Formosa,industria,7418.4420
2017-10-01,Jujuy,comercio,31204.3850
2017-10-01,Jujuy,hogares,41630.3050
2017-10-01,Jujuy,industria,16653.2020
2017-10-01,La Pampa,comercio,31974.0310
2017-10-01,La Pampa,hogares,29301.2190
2017-10-01,La Pampa,industria,8563.0660
2017-10-01,La Rioja,comercio,55780.9690
2017-10-01,La Rioja,hogares,48633.5860
2017-10-01,La Rioja,industria,20055.8120
2017-10-01,Mendoza,comercio,186185.2690
2017-10-01,Mendoza,hogares,140776.6140
2017-10-01,Mendoza,industria,148796.0990
2017-10-01,Misiones,comercio,60019.2070
2017-10-01,Misiones,hogares,102184.8700
2017-10-01,Misiones,industria,15900.5040
2017-10-01,Neuquén,comercio,46214.9680
2017-10-01,Neuquén,hogares,54463.9190
2017-10-01,Neuquén,industria,78933.5480
2017-10-01,Río Negro,comercio,61770.5700
2017-10-01,Río Negro,hogares,53188.7570
2017-10-01,Río Negro,industria,30312.6140
2017-10-01,Salta,comercio,75024.5250
2017-10-01,Salta,hogares,84249.5120
2017-10-01,Salta,industria,11980.0020
2017-10-01,San Juan,comercio,58029.1370
2017-10-01,San Juan,hogares,69662.3910
2017-10-01,San Juan,industria,43290.0780
2017-10-01,San Luis,comercio,37275.6800
2017-10-01,San Luis,hogares,41527.2820
2017-10-01,San Luis,industria,52392.8880
2017-10-01,Santa Cruz,comercio,28847.0820
2017-10-01,Santa Cruz,hogares,24468.9080
2017-10-01,Santa Cruz,industria,44860.8810
2017-10-01,Santa Fe,comercio,255932.1320
2017-10-01,Santa Fe,hogares,298034.0820
2017-10-01,Santa Fe,industria,391241.9260
2017-10-01,Santiago del Estero,comercio,38085.7230
2017-10-01,Santiago del Estero,hogares,74837.1560
2017-10-01,Santiago del Estero,industria,12038.4120
2017-10-01,Tucumán,comercio,76706.1420
2017-10-01,Tucumán,hogares,126608.1020
2017-10-01,Tucumán,industria,51757.3120
2017-11-01,Buenos Aires y CABA,comercio,1364886.9960
2017-11-01,Buenos Aires y CABA,hogares,1885444.6760
2017-11-01,Buenos Aires y CABA,industria,1612800.3140
2017-11-01,Catamarca,comercio,30467.2030
2017-11-01,Catamarca,hogares,48672.7210
2017-11-01,Catamarca,industria,97065.6480
2017-11-01,Chaco,comercio,67859.0690
2017-11-01,Chaco,hogares,157063.0780
2017-11-01,Chaco,industria,11264.1520
2017-11-01,Chubut,comercio,43446.4620
2017-11-01,Chubut,hogares,45143.7800
2017-11-01,Chubut,industria,271623.8720
2017-11-01,Corrientes,comercio,58079.1490
2017-11-01,Corrientes,hogares,143620.1930
2017-11-01,Corrientes,industria,33609.0500
2017-11-01,Córdoba,comercio,294557.9950
2017-11-01,Córdoba,hogares,290232.3760
2017-11-01,Córdoba,industria,210211.0120
2017-11-01,Entre Ríos,comercio,107770.0730
2017-11-01,Entre Ríos,hogares,108954.5460
2017-11-01,Entre Ríos,industria,72320.9280
2017-11-01,Formosa,comercio,26940.4720
2017-11-01,Formosa,hogares,77679.6750
2017-11-01,Formosa,industria,7875.6340
2017-11-01,Jujuy,comercio,34039.8540
2017-11-01,Jujuy,hogares,43643.8640
2017-11-01,Jujuy,industria,16854.2180
2017-11-01,La Pampa,comercio,32368.6180
2017-11-01,La Pampa,hogares,28989.6020
2017-11-01,La Pampa,industria,9171.6600
2017-11-01,La Rioja,comercio,61304.2580
2017-11-01,La Rioja,hogares,59603.2220
2017-11-01,La Rioja,industria,21126.0030
2017-11-01,Mendoza,comercio,192909.0100
2017-11-01,Mendoza,hogares,145350.9270
2017-11-01,Mendoza,industria,155415.0280
2017-11-01,Misiones,comercio,53720.8830
2017-11-01,Misiones,hogares,97125.0140
2017-11-01,Misiones,industria,13844.3280
2017-11-01,Neuquén,comercio,46766.1410
2017-11-01,Neuquén,hogares,50858.1650
2017-11-01,Neuquén,industria,75012.6060
2017-11-01,Río Negro,comercio,59454.2680
2017-11-01,Río Negro,hogares,50526.9980
2017-11-01,Río Negro,industria,30216.1090
2017-11-01,Salta,comercio,77144.4880
2017-11-01,Salta,hogares,87245.8700
2017-11-01,Salta,industria,12259.6760
2017-11-01,San Juan,comercio,65445.0380
2017-11-01,San Juan,hogares,85366.6760
2017-11-01,San Juan,industria,43828.5450
2017-11-01,San Luis,comercio,36882.2060
2017-11-01,San Luis,hogares,40817.0770
2017-11-01,San Luis,industria,55244.3410
2017-11-01,Santa Cruz,comercio,25655.3200
2017-11-01,Santa Cruz,hogares,22688.5380
2017-11-01,Santa Cruz,industria,43333.8570
2017-11-01,Santa Fe,comercio,263625.1950
2017-11-01,Santa Fe,hogares,321651.8680
2017-11-01,Santa Fe,industria,389141.0080
2017-11-01,Santiago del Estero,comercio,41343.5340
2017-11-01,Santiago del Estero,hogares,94510.9270
2017-11-01,Santiago del Estero,industria,12984.4900
2017-11-01,Tucumán,comercio,86187.0030
2017-11-01,Tucumán,hogares,150242.1660
2017-11-01,Tucumán,industria,54239.8130
2017-12-01,Buenos Aires y CABA,comercio,1618001.8360
2017-12-01,Buenos Aires y CABA,hogares,2369659.7970
2017-12-01,Buenos Aires y CABA,industria,1663157.2830
2017-12-01,Catamarca,comercio,31002.2950
2017-12-01,Catamarca,hogares,55696.0570
2017-12-01,Catamarca,industria,98014.6550
2017-12-01,Chaco,comercio,101936.3280
2017-12-01,Chaco,hogares,225699.2740
2017-12-01,Chaco,industria,10864.2520
2017-12-01,Chubut,comercio,43664.6870
2017-12-01,Chubut,hogares,46481.5000
2017-12-01,Chubut,industria,272524.0650
2017-12-01,Corrientes,comercio,71164.2140
2017-12-01,Corrientes,hogares,222854.6180
2017-12-01,Corrientes,industria,38385.4140
2017-12-01,Córdoba,comercio,328979.6060
2017-12-01,Córdoba,hogares,359575.4350
2017-12-01,Córdoba,industria,203507.0760
2017-12-01,Entre Ríos,comercio,129167.0330
2017-12-01,Entre Ríos,hogares,161451.5980
2017-12-01,Entre Ríos,industria,72927.1240
2017-12-01,Formosa,comercio,30121.8970
2017-12-01,Formosa,hogares,121165.9990
2017-12-01,Formosa,industria,7474.3590
2017-12-01,Jujuy,comercio,39740.7000
2017-12-01,Jujuy,hogares,48464.9560
2017-12-01,Jujuy,industria,18246.3540
2017-12-01,La Pampa,comercio,37675.5540
2017-12-01,La Pampa,hogares,38879.5650
2017-12-01,La Pampa,industria,9326.0350
2017-12-01,La Rioja,comercio,61635.2400
2017-12-01,La Rioja,hogares,68453.0280
2017-12-01,La Rioja,industria,19340.4810
2017-12-01,Mendoza,comercio,203029.1820
2017-12-01,Mendoza,hogares,183581.1670
2017-12-01,Mendoza,industria,162326.4810
2017-12-01,Misiones,comercio,66019.3870
2017-12-01,Misiones,hogares,146309.8670
2017-12-01,Misiones,industria,19253.3430
2017-12-01,Neuquén,comercio,50228.4200
2017-12-01,Neuquén,hogares,58596.3470
2017-12-01,Neuquén,industria,79943.5370
2017-12-01,Río Negro,comercio,66718.5960
2017-12-01,Río Negro,hogares,59450.3400
2017-12-01,Río Negro,industria,29649.7880
2017-12-01,Salta,comercio,78913.9320
2017-12-01,Salta,hogares,100473.0430
2017-12-01,Salta,industria,13087.1330
2017-12-01,San Juan,comercio,71082.8290
2017-12-01,San Juan,hogares,121885.2570
2017-12-01,San Juan,industria,40001.7170
2017-12-01,San Luis,comercio,39737.4610
2017-12-01,San Luis,hogares,52071.5600
2017-12-01,San Luis,industria,50917.8340
2017-12-01,Santa Cruz,comercio,25054.2610
2017-12-01,Santa Cruz,hogares,22337.2650
2017-12-01,Santa Cruz,industria,44048.5960
2017-12-01,Santa Fe,comercio,320097.3070
2017-12-01,Santa Fe,hogares,451431.2470
2017-12-01,Santa Fe,industria,345801.0600
2017-12-01,Santiago del Estero,comercio,49776.4370
2017-12-01,Santiago del Estero,hogares,120304.9630
2017-12-01,Santiago del Estero,industria,10665.3600
2017-12-01,Tucumán,comercio,87898.2840
2017-12-01,Tucumán,hogares,181534.2760
2017-12-01,Tucumán,industria,47130.8690
2018-01-01,Buenos Aires y CABA,comercio,1671416.2150
2018-01-01,Buenos Aires y CABA,hogares,2644259.1520
2018-01-01,Buenos Aires y CABA,industria,1648699.2140
2018-01-01,Catamarca,comercio,32068.5770
2018-01-01,Catamarca,hogares,51793.9170
2018-01-01,Catamarca,industria,98276.9930
2018-01-01,Chaco,comercio,75967.8960
2018-01-01,Chaco,hogares,223600.6330
2018-01-01,Chaco,industria,11404.3430
2018-01-01,Chubut,comercio,46289.2260
2018-01-01,Chubut,hogares,45269.1880
2018-01-01,Chubut,industria,284564.4370
2018-01-01,Corrientes,comercio,71833.8950
2018-01-01,Corrientes,hogares,205909.0230
2018-01-01,Corrientes,industria,35059.1660
2018-01-01,Córdoba,comercio,329356.4320
2018-01-01,Córdoba,hogares,365948.3870
2018-01-01,Córdoba,industria,199684.5960
2018-01-01,Entre Ríos,comercio,140323.2370
2018-01-01,Entre Ríos,hogares,176780.7010
2018-01-01,Entre Ríos,industria,75638.3680
2018-01-01,Formosa,comercio,29614.2970
2018-01-01,Formosa,hogares,113186.0610
2018-01-01,Formosa,industria,7853.2940
2018-01-01,Jujuy,comercio,38912.6970
2018-01-01,Jujuy,hogares,46483.1690
2018-01-01,Jujuy,industria,15877.5090
2018-01-01,La Pampa,comercio,39339.6340
2018-01-01,La Pampa,hogares,44050.5750
2018-01-01,La Pampa,industria,9740.1950
2018-01-01,La Rioja,comercio,58200.4350
2018-01-01,La Rioja,hogares,58766.5990
2018-01-01,La Rioja,industria,19402.9110
2018-01-01,Mendoza,comercio,214577.8910
2018-01-01,Mendoza,hogares,187078.6020
2018-01-01,Mendoza,industria,164282.2810
2018-01-01,Misiones,comercio,61375.5700
2018-01-01,Misiones,hogares,124548.4810
2018-01-01,Misiones,industria,19365.0740
2018-01-01,Neuquén,comercio,53184.5630
2018-01-01,Neuquén,hogares,62895.5530
2018-01-01,Neuquén,industria,84994.5070
2018-01-01,Río Negro,comercio,76816.0220
2018-01-01,Río Negro,hogares,63661.8900
2018-01-01,Río Negro,industria,36009.8130
2018-01-01,Salta,comercio,76128.2030
2018-01-01,Salta,hogares,97610.6760
2018-01-01,Salta,industria,13047.1840
2018-01-01,San Juan,comercio,70656.2120
2018-01-01,San Juan,hogares,115775.3230
2018-01-01,San Juan,industria,40201.4250
2018-01-01,San Luis,comercio,41936.5310
2018-01-01,San Luis,hogares,49666.9400
2018-01-01,San Luis,industria,50300.4440
2018-01-01,Santa Cruz,comercio,24806.7960
2018-01-01,Santa Cruz,hogares,20321.2230
2018-01-01,Santa Cruz,industria,44085.5440
2018-01-01,Santa Fe,comercio,327841.6490
2018-01-01,Santa Fe,hogares,487638.4330
2018-01-01,Santa Fe,industria,366142.5660
2018-01-01,Santiago del Estero,comercio,45736.1630
2018-01-01,Santiago del Estero,hogares,117895.0260
2018-01-01,Santiago del Estero,industria,10021.0080
2018-01-01,Tucumán,comercio,80606.9330
2018-01-01,Tucumán,hogares,165284.0610
2018-01-01,Tucumán,industria,40119.7610
2018-02-01,Buenos Aires y CABA,comercio,1489880.1460
2018-02-01,Buenos Aires y CABA,hogares,2360912.6520
2018-02-01,Buenos Aires y CABA,industria,1592045.1160
2018-02-01,Catamarca,comercio,29132.0560
2018-02-01,Catamarca,hogares,45748.0790
2018-02-01,Catamarca,industria,85771.0180
2018-02-01,Chaco,comercio,73505.9520
2018-02-01,Chaco,hogares,210414.6880
2018-02-01,Chaco,industria,10417.9020
2018-02-01,Chubut,comercio,41514.7840
2018-02-01,Chubut,hogares,42805.3030
2018-02-01,Chubut,industria,254991.5430
2018-02-01,Corrientes,comercio,66139.9890
2018-02-01,Corrientes,hogares,193973.4460
2018-02-01,Corrientes,industria,31649.7210
2018-02-01,Córdoba,comercio,305682.6270
2018-02-01,Córdoba,hogares,338478.2130
2018-02-01,Córdoba,industria,180297.7170
2018-02-01,Entre Ríos,comercio,126373.0660
2018-02-01,Entre Ríos,hogares,162601.0750
2018-02-01,Entre Ríos,industria,70094.1770
2018-02-01,Formosa,comercio,28893.1060
2018-02-01,Formosa,hogares,99362.0420
2018-02-01,Formosa,industria,6502.1190
2018-02-01,Jujuy,comercio,32206.6150
2018-02-01,Jujuy,hogares,40151.4340
2018-02-01,Jujuy,industria,14854.3970
2018-02-01,La Pampa,comercio,34558.9300
2018-02-01,La Pampa,hogares,38839.3380
2018-02-01,La Pampa,industria,9802.8600
2018-02-01,La Rioja,comercio,48515.3050
2018-02-01,La Rioja,hogares,56214.8870
2018-02-01,La Rioja,industria,14682.0310
2018-02-01,Mendoza,comercio,190954.1280
2018-02-01,Mendoza,hogares,170806.3440
2018-02-01,Mendoza,industria,155116.0140
2018-02-01,Misiones,comercio,63483.3980
2018-02-01,Misiones,hogares,116807.6220
2018-02-01,Misiones,industria,17973.6110
2018-02-01,Neuquén,comercio,48900.6470
2018-02-01,Neuquén,hogares,57336.5380
2018-02-01,Neuquén,industria,75840.5650
2018-02-01,Río Negro,comercio,72998.7530
2018-02-01,Río Negro,hogares,58606.5390
2018-02-01,Río Negro,industria,46671.1190
2018-02-01,Salta,comercio,71479.1170
2018-02-01,Salta,hogares,84286.0640
2018-02-01,Salta,industria,13257.2510
2018-02-01,San Juan,comercio,65155.9590
2018-02-01,San Juan,hogares,108012.9330
2018-02-01,San Juan,industria,37094.0430
2018-02-01,San Luis,comercio,36239.2990
2018-02-01,San Luis,hogares,48631.9460
2018-02-01,San Luis,industria,50414.7750
2018-02-01,Santa Cruz,comercio,20666.3830
2018-02-01,Santa Cruz,hogares,20677.0790
2018-02-01,Santa Cruz,industria,38775.1290
2018-02-01,Santa Fe,comercio,306675.1650
2018-02-01,Santa Fe,hogares,456531.1830
2018-02-01,Santa Fe,industria,396532.2580
2018-02-01,Santiago del Estero,comercio,46319.3040
2018-02-01,Santiago del Estero,hogares,105958.5000
2018-02-01,Santiago del Estero,industria,12032.2640
2018-02-01,Tucumán,comercio,78549.6790
2018-02-01,Tucumán,hogares,146625.8600
2018-02-01,Tucumán,industria,47781.0790
2018-03-01,Buenos Aires y CABA,comercio,1569567.0710
2018-03-01,Buenos Aires y CABA,hogares,2101221.6440
2018-03-01,Buenos Aires y CABA,industria,1687579.8480
2018-03-01,Catamarca,comercio,28957.7040
2018-03-01,Catamarca,hogares,47766.1330
2018-03-01,Catamarca,industria,99046.5560
2018-03-01,Chaco,comercio,69295.4140
2018-03-01,Chaco,hogares,198400.6030
2018-03-01,Chaco,industria,12702.3900
2018-03-01,Chubut,comercio,46740.9200
2018-03-01,Chubut,hogares,46929.4240
2018-03-01,Chubut,industria,275963.7340
2018-03-01,Corrientes,comercio,66011.6090
2018-03-01,Corrientes,hogares,177075.5380
2018-03-01,Corrientes,industria,32858.3900
2018-03-01,Córdoba,comercio,311739.3190
2018-03-01,Córdoba,hogares,317063.7710
2018-03-01,Córdoba,industria,208429.1190
2018-03-01,Entre Ríos,comercio,116358.0480
2018-03-01,Entre Ríos,hogares,138384.9330
2018-03-01,Entre Ríos,industria,77786.9880
2018-03-01,Formosa,comercio,29837.8450
2018-03-01,Formosa,hogares,92749.0910
2018-03-01,Formosa,industria,7353.0820
2018-03-01,Jujuy,comercio,29971.0510
2018-03-01,Jujuy,hogares,44456.1940
2018-03-01,Jujuy,industria,15981.4110
2018-03-01,La Pampa,comercio,32825.4090
2018-03-01,La Pampa,hogares,35329.4150
2018-03-01,La Pampa,industria,8970.5470
2018-03-01,La Rioja,comercio,52183.2820
2018-03-01,La Rioja,hogares,51324.5160
2018-03-01,La Rioja,industria,20494.8520
2018-03-01,Mendoza,comercio,193295.7230
2018-03-01,Mendoza,hogares,145897.5440
2018-03-01,Mendoza,industria,168536.5050
2018-03-01,Misiones,comercio,63989.6130
2018-03-01,Misiones,hogares,129058.7110
2018-03-01,Misiones,industria,20184.5740
2018-03-01,Neuquén,comercio,47237.1960
2018-03-01,Neuquén,hogares,58481.8390
2018-03-01,Neuquén,industria,80634.3080
2018-03-01,Río Negro,comercio,68669.1400
2018-03-01,Río Negro,hogares,54771.6450
2018-03-01,Río Negro,industria,51389.9940
2018-03-01,Salta,comercio,72579.7130
2018-03-01,Salta,hogares,82406.4110
2018-03-01,Salta,industria,15974.7830
2018-03-01,San Juan,comercio,57263.0900
2018-03-01,San Juan,hogares,89817.2540
2018-03-01,San Juan,industria,38949.8150
2018-03-01,San Luis,comercio,38481.9850
2018-03-01,San Luis,hogares,43384.9390
2018-03-01,San Luis,industria,55470.7110
2018-03-01,Santa Cruz,comercio,28434.8180
2018-03-01,Santa Cruz,hogares,21734.5710
2018-03-01,Santa Cruz,industria,46926.7300
2018-03-01,Santa Fe,comercio,297471.2680
2018-03-01,Santa Fe,hogares,384643.6210
2018-03-01,Santa Fe,industria,420116.8590
2018-03-01,Santiago del Estero,comercio,44538.1700
2018-03-01,Santiago del Estero,hogares,94053.8480
2018-03-01,Santiago del Estero,industria,11327.8760
2018-03-01,Tucumán,comercio,77465.2120
2018-03-01,Tucumán,hogares,137965.5300
2018-03-01,Tucumán,industria,54732.2860
2018-04-01,Buenos Aires y CABA,comercio,1462329.6890
2018-04-01,Buenos Aires y CABA,hogares,1913183.2490
2018-04-01,Buenos Aires y CABA,industria,1601759.6710
2018-04-01,Catamarca,comercio,28990.2510
2018-04-01,Catamarca,hogares,38412.5130
2018-04-01,Catamarca,industria,97339.5970
2018-04-01,Chaco,comercio,69236.9510
2018-04-01,Chaco,hogares,187967.7030
2018-04-01,Chaco,industria,19182.9540
2018-04-01,Chubut,comercio,45167.3740
2018-04-01,Chubut,hogares,48889.0980
2018-04-01,Chubut,industria,264163.8170
2018-04-01,Corrientes,comercio,68661.8830
2018-04-01,Corrientes,hogares,164083.4170
2018-04-01,Corrientes,industria,30289.9470
2018-04-01,Córdoba,comercio,290672.7740
2018-04-01,Córdoba,hogares,284333.9250
2018-04-01,Córdoba,industria,200243.8610
2018-04-01,Entre Ríos,comercio,107553.1380
2018-04-01,Entre Ríos,hogares,125702.4990
2018-04-01,Entre Ríos,industria,74132.5840
2018-04-01,Formosa,comercio,29289.4860
2018-04-01,Formosa,hogares,89577.7550
2018-04-01,Formosa,industria,6939.0720
2018-04-01,Jujuy,comercio,29046.9950
2018-04-01,Jujuy,hogares,40337.4660
2018-04-01,Jujuy,industria,16975.8540
2018-04-01,La Pampa,comercio,31499.5860
2018-04-01,La Pampa,hogares,28815.7780
2018-04-01,La Pampa,industria,8801.6130
2018-04-01,La Rioja,comercio,43670.7840
2018-04-01,La Rioja,hogares,44989.6950
2018-04-01,La Rioja,industria,19257.3560
2018-04-01,Mendoza,comercio,162667.0450
2018-04-01,Mendoza,hogares,132981.7260
2018-04-01,Mendoza,industria,166776.1990
2018-04-01,Misiones,comercio,62455.3600
2018-04-01,Misiones,hogares,118514.5870
2018-04-01,Misiones,industria,19980.2430
2018-04-01,Neuquén,comercio,45935.7270
2018-04-01,Neuquén,hogares,52142.9170
2018-04-01,Neuquén,industria,74885.8880
2018-04-01,Río Negro,comercio,69657.2190
2018-04-01,Río Negro,hogares,52363.2740
2018-04-01,Río Negro,industria,42350.7860
2018-04-01,Salta,comercio,71904.4980
2018-04-01,Salta,hogares,79431.6400
2018-04-01,Salta,industria,15899.3110
2018-04-01,San Juan,comercio,48040.0490
2018-04-01,San Juan,hogares,69904.8110
2018-04-01,San Juan,industria,34380.2450
2018-04-01,San Luis,comercio,36184.8330
2018-04-01,San Luis,hogares,38114.0970
2018-04-01,San Luis,industria,48968.5890
2018-04-01,Santa Cruz,comercio,29202.1920
2018-04-01,Santa Cruz,hogares,21855.6430
2018-04-01,Santa Cruz,industria,43104.5140
2018-04-01,Santa Fe,comercio,282368.3790
2018-04-01,Santa Fe,hogares,337165.5160
2018-04-01,Santa Fe,industria,424883.0080
2018-04-01,Santiago del Estero,comercio,39489.6070
2018-04-01,Santiago del Estero,hogares,87448.4950
2018-04-01,Santiago del Estero,industria,10905.5490
2018-04-01,Tucumán,comercio,77403.5730
2018-04-01,Tucumán,hogares,127893.9630
2018-04-01,Tucumán,industria,56556.7670
2018-05-01,Buenos Aires y CABA,comercio,1499323.1970
2018-05-01,Buenos Aires y CABA,hogares,2207859.9710
2018-05-01,Buenos Aires y CABA,industria,1601779.1070
2018-05-01,Catamarca,comercio,25600.7610
2018-05-01,Catamarca,hogares,38392.8360
2018-05-01,Catamarca,industria,93668.5470
2018-05-01,Chaco,comercio,60691.5700
2018-05-01,Chaco,hogares,138607.4240
2018-05-01,Chaco,industria,18335.9440
2018-05-01,Chubut,comercio,50892.9890
2018-05-01,Chubut,hogares,58753.9710
2018-05-01,Chubut,industria,280812.0660
2018-05-01,Corrientes,comercio,59349.2660
2018-05-01,Corrientes,hogares,122939.6300
2018-05-01,Corrientes,industria,27382.2730
2018-05-01,Córdoba,comercio,286939.4950
2018-05-01,Córdoba,hogares,303212.9320
2018-05-01,Córdoba,industria,200589.8510
2018-05-01,Entre Ríos,comercio,101001.4860
2018-05-01,Entre Ríos,hogares,110055.1820
2018-05-01,Entre Ríos,industria,74390.1980
2018-05-01,Formosa,comercio,28340.8050
2018-05-01,Formosa,hogares,64939.0940
2018-05-01,Formosa,industria,4647.5100
2018-05-01,Jujuy,comercio,27521.1230
2018-05-01,Jujuy,hogares,41287.9490
2018-05-01,Jujuy,industria,17820.6450
2018-05-01,La Pampa,comercio,33184.9330
2018-05-01,La Pampa,hogares,30214.9880
2018-05-01,La Pampa,industria,9010.5140
2018-05-01,La Rioja,comercio,37735.3200
2018-05-01,La Rioja,hogares,45698.3290
2018-05-01,La Rioja,industria,18693.7460
2018-05-01,Mendoza,comercio,146598.1390
2018-05-01,Mendoza,hogares,155626.0640
2018-05-01,Mendoza,industria,161885.9260
2018-05-01,Misiones,comercio,64801.7600
2018-05-01,Misiones,hogares,106126.9770
2018-05-01,Misiones,industria,20376.5090
2018-05-01,Neuquén,comercio,50481.9900
2018-05-01,Neuquén,hogares,60805.7390
2018-05-01,Neuquén,industria,75534.3000
2018-05-01,Río Negro,comercio,69166.9530
2018-05-01,Río Negro,hogares,59507.1300
2018-05-01,Río Negro,industria,41356.7680
2018-05-01,Salta,comercio,67527.8650
2018-05-01,Salta,hogares,78967.7400
2018-05-01,Salta,industria,15606.4200
2018-05-01,San Juan,comercio,47029.5120
2018-05-01,San Juan,hogares,79166.4720
2018-05-01,San Juan,industria,31792.0170
2018-05-01,San Luis,comercio,35567.5330
2018-05-01,San Luis,hogares,47892.5360
2018-05-01,San Luis,industria,49060.0740
2018-05-01,Santa Cruz,comercio,33118.5690
2018-05-01,Santa Cruz,hogares,23954.1160
2018-05-01,Santa Cruz,industria,47713.7430
2018-05-01,Santa Fe,comercio,271961.5380
2018-05-01,Santa Fe,hogares,326044.4830
2018-05-01,Santa Fe,industria,422647.1330
2018-05-01,Santiago del Estero,comercio,32612.3520
2018-05-01,Santiago del Estero,hogares,64727.1410
2018-05-01,Santiago del Estero,industria,13890.4140
2018-05-01,Tucumán,comercio,67716.0330
2018-05-01,Tucumán,hogares,117899.0270
2018-05-01,Tucumán,industria,58624.8820
2018-06-01,Buenos Aires y CABA,comercio,1536852.1310
2018-06-01,Buenos Aires y CABA,hogares,3133485.6700
2018-06-01,Buenos Aires y CABA,industria,1506726.6310
2018-06-01,Catamarca,comercio,27037.7200
2018-06-01,Catamarca,hogares,57323.9430
2018-06-01,Catamarca,industria,88662.6590
2018-06-01,Chaco,comercio,55597.1070
2018-06-01,Chaco,hogares,135020.2590
2018-06-01,Chaco,industria,19416.6670
2018-06-01,Chubut,comercio,53300.5440
2018-06-01,Chubut,hogares,62449.6910
2018-06-01,Chubut,industria,275270.1700
2018-06-01,Corrientes,comercio,62195.2920
2018-06-01,Corrientes,hogares,123957.7740
2018-06-01,Corrientes,industria,25062.7710
2018-06-01,Córdoba,comercio,319691.3090
2018-06-01,Córdoba,hogares,387607.6440
2018-06-01,Córdoba,industria,192713.9200
2018-06-01,Entre Ríos,comercio,105552.8730
2018-06-01,Entre Ríos,hogares,128117.6610
2018-06-01,Entre Ríos,industria,68041.3690
2018-06-01,Formosa,comercio,27943.2140
2018-06-01,Formosa,hogares,51293.6940
2018-06-01,Formosa,industria,6437.4680
2018-06-01,Jujuy,comercio,30699.7830
2018-06-01,Jujuy,hogares,47651.8790
2018-06-01,Jujuy,industria,18456.3210
2018-06-01,La Pampa,comercio,33569.7980
2018-06-01,La Pampa,hogares,31897.0690
2018-06-01,La Pampa,industria,9147.3460
2018-06-01,La Rioja,comercio,35381.0940
2018-06-01,La Rioja,hogares,67805.1820
2018-06-01,La Rioja,industria,16962.7550
2018-06-01,Mendoza,comercio,143472.0850
2018-06-01,Mendoza,hogares,197139.7170
2018-06-01,Mendoza,industria,157570.8450
2018-06-01,Misiones,comercio,61048.1730
2018-06-01,Misiones,hogares,112288.8870
2018-06-01,Misiones,industria,19779.8100
2018-06-01,Neuquén,comercio,53437.9090
2018-06-01,Neuquén,hogares,65270.8570
2018-06-01,Neuquén,industria,71648.9670
2018-06-01,Río Negro,comercio,70688.9130
2018-06-01,Río Negro,hogares,64722.0310
2018-06-01,Río Negro,industria,35120.3980
2018-06-01,Salta,comercio,72318.3450
2018-06-01,Salta,hogares,94986.4010
2018-06-01,Salta,industria,13491.4660
2018-06-01,San Juan,comercio,45324.0430
2018-06-01,San Juan,hogares,118012.7090
2018-06-01,San Juan,industria,31491.3630
2018-06-01,San Luis,comercio,35730.4230
2018-06-01,San Luis,hogares,65585.2720
2018-06-01,San Luis,industria,47352.6170
2018-06-01,Santa Cruz,comercio,37505.9540
2018-06-01,Santa Cruz,hogares,26870.2180
2018-06-01,Santa Cruz,industria,44018.3820
2018-06-01,Santa Fe,comercio,302235.4020
2018-06-01,Santa Fe,hogares,402932.7980
2018-06-01,Santa Fe,industria,396048.1320
2018-06-01,Santiago del Estero,comercio,36953.7280
2018-06-01,Santiago del Estero,hogares,74829.8200
2018-06-01,Santiago del Estero,industria,13015.8780
2018-06-01,Tucumán,comercio,76193.3670
2018-06-01,Tucumán,hogares,140304.1270
2018-06-01,Tucumán,industria,56895.2620
2018-07-01,Buenos Aires y CABA,comercio,1565927.8760
2018-07-01,Buenos Aires y CABA,hogares,3504865.0760
2018-07-01,Buenos Aires y CABA,industria,1515524.2640
2018-07-01,Catamarca,comercio,28347.5500
2018-07-01,Catamarca,hogares,63029.3970
2018-07-01,Catamarca,industria,84444.2070
2018-07-01,Chaco,comercio,59858.8930
2018-07-01,Chaco,hogares,141315.1280
2018-07-01,Chaco,industria,17188.1820
2018-07-01,Chubut,comercio,53677.1950
2018-07-01,Chubut,hogares,66414.4300
2018-07-01,Chubut,industria,275604.6560
2018-07-01,Corrientes,comercio,57196.5300
2018-07-01,Corrientes,hogares,140696.8420
2018-07-01,Corrientes,industria,25343.9450
2018-07-01,Córdoba,comercio,325362.5460
2018-07-01,Córdoba,hogares,444586.5340
2018-07-01,Córdoba,industria,200642.4710
2018-07-01,Entre Ríos,comercio,108007.9490
2018-07-01,Entre Ríos,hogares,141510.1130
2018-07-01,Entre Ríos,industria,70510.0560
2018-07-01,Formosa,comercio,28272.1860
2018-07-01,Formosa,hogares,55742.4110
2018-07-01,Formosa,industria,4811.9710
2018-07-01,Jujuy,comercio,30618.3550
2018-07-01,Jujuy,hogares,52810.6380
2018-07-01,Jujuy,industria,17582.2800
2018-07-01,La Pampa,comercio,35779.0060
2018-07-01,La Pampa,hogares,32517.4790
2018-07-01,La Pampa,industria,9253.7810
2018-07-01,La Rioja,comercio,38157.7670
2018-07-01,La Rioja,hogares,72767.0840
2018-07-01,La Rioja,industria,17253.8340
2018-07-01,Mendoza,comercio,150011.6440
2018-07-01,Mendoza,hogares,211846.5500
2018-07-01,Mendoza,industria,158598.9180
2018-07-01,Misiones,comercio,58231.0440
2018-07-01,Misiones,hogares,115485.1940
2018-07-01,Misiones,industria,19113.7170
2018-07-01,Neuquén,comercio,53199.6010
2018-07-01,Neuquén,hogares,67492.4170
2018-07-01,Neuquén,industria,74450.8910
2018-07-01,Río Negro,comercio,71407.6560
2018-07-01,Río Negro,hogares,69146.1990
2018-07-01,Río Negro,industria,31588.7740
2018-07-01,Salta,comercio,70733.7590
2018-07-01,Salta,hogares,106311.6110
2018-07-01,Salta,industria,12207.4820
2018-07-01,San Juan,comercio,45662.0180
2018-07-01,San Juan,hogares,130224.6410
2018-07-01,San Juan,industria,32667.9180
2018-07-01,San Luis,comercio,42596.8640
2018-07-01,San Luis,hogares,67820.8360
2018-07-01,San Luis,industria,48350.2720
2018-07-01,Santa Cruz,comercio,39429.0030
2018-07-01,Santa Cruz,hogares,28473.1500
2018-07-01,Santa Cruz,industria,44538.6190
2018-07-01,Santa Fe,comercio,319241.4130
2018-07-01,Santa Fe,hogares,445528.2780
2018-07-01,Santa Fe,industria,385146.4960
2018-07-01,Santiago del Estero,comercio,41413.8730
2018-07-01,Santiago del Estero,hogares,82104.1910
2018-07-01,Santiago del Estero,industria,11621.2910
2018-07-01,Tucumán,comercio,78088.1730
2018-07-01,Tucumán,hogares,152422.0380
2018-07-01,Tucumán,industria,56777.5590
2018-08-01,Buenos Aires y CABA,comercio,1562565.2600
2018-08-01,Buenos Aires y CABA,hogares,3028269.0360
2018-08-01,Buenos Aires y CABA,industria,1538979.3420
2018-08-01,Catamarca,comercio,26956.6230
2018-08-01,Catamarca,hogares,44920.3380
2018-08-01,Catamarca,industria,72156.3600
2018-08-01,Chaco,comercio,54527.6570
2018-08-01,Chaco,hogares,137211.8950
2018-08-01,Chaco,industria,15881.0720
2018-08-01,Chubut,comercio,50821.6000
2018-08-01,Chubut,hogares,59207.0360
2018-08-01,Chubut,industria,276997.1260
2018-08-01,Corrientes,comercio,56431.8790
2018-08-01,Corrientes,hogares,135500.8130
2018-08-01,Corrientes,industria,25993.7360
2018-08-01,Córdoba,comercio,301133.0420
2018-08-01,Córdoba,hogares,379275.9010
2018-08-01,Córdoba,industria,192544.6780
2018-08-01,Entre Ríos,comercio,102564.6850
2018-08-01,Entre Ríos,hogares,128222.8460
2018-08-01,Entre Ríos,industria,68916.5050
2018-08-01,Formosa,comercio,26460.4920
2018-08-01,Formosa,hogares,56337.2310
2018-08-01,Formosa,industria,5252.7850
2018-08-01,Jujuy,comercio,28309.3710
2018-08-01,Jujuy,hogares,44748.7390
2018-08-01,Jujuy,industria,17501.3770
2018-08-01,La Pampa,comercio,34145.7770
2018-08-01,La Pampa,hogares,32110.6660
2018-08-01,La Pampa,industria,8707.7800
2018-08-01,La Rioja,comercio,48082.1750
2018-08-01,La Rioja,hogares,53041.4860
2018-08-01,La Rioja,industria,17244.8740
2018-08-01,Mendoza,comercio,153956.1400
2018-08-01,Mendoza,hogares,184261.7920
2018-08-01,Mendoza,industria,161697.6830
2018-08-01,Misiones,comercio,59351.7950
2018-08-01,Misiones,hogares,115540.2030
2018-08-01,Misiones,industria,23068.7880
2018-08-01,Neuquén,comercio,52385.7820
2018-08-01,Neuquén,hogares,64322.4450
2018-08-01,Neuquén,industria,71530.2120
2018-08-01,Río Negro,comercio,66512.2780
2018-08-01,Río Negro,hogares,67201.5670
2018-08-01,Río Negro,industria,28407.7750
2018-08-01,Salta,comercio,69303.8690
2018-08-01,Salta,hogares,87948.8030
2018-08-01,Salta,industria,11653.5260
2018-08-01,San Juan,comercio,47976.6720
2018-08-01,San Juan,hogares,99423.0740
2018-08-01,San Juan,industria,31965.5030
2018-08-01,San Luis,comercio,38594.1800
2018-08-01,San Luis,hogares,54386.4320
2018-08-01,San Luis,industria,51309.6110
2018-08-01,Santa Cruz,comercio,35483.2010
2018-08-01,Santa Cruz,hogares,28692.5360
2018-08-01,Santa Cruz,industria,46385.2800
2018-08-01,Santa Fe,comercio,304461.7580
2018-08-01,Santa Fe,hogares,390899.5480
2018-08-01,Santa Fe,industria,378662.4290
2018-08-01,Santiago del Estero,comercio,36505.6790
2018-08-01,Santiago del Estero,hogares,66707.8430
2018-08-01,Santiago del Estero,industria,11685.9340
2018-08-01,Tucumán,comercio,72249.6050
2018-08-01,Tucumán,hogares,120984.1770
2018-08-01,Tucumán,industria,56010.7780
2018-09-01,Buenos Aires y CABA,comercio,1365235.9460
2018-09-01,Buenos Aires y CABA,hogares,1974718.4350
2018-09-01,Buenos Aires y CABA,industria,1494037.8540
2018-09-01,Catamarca,comercio,25793.7120
2018-09-01,Catamarca,hogares,39918.4070
2018-09-01,Catamarca,industria,31152.0560
2018-09-01,Chaco,comercio,56336.8050
2018-09-01,Chaco,hogares,141400.9550
2018-09-01,Chaco,industria,13413.2110
2018-09-01,Chubut,comercio,46254.4670
2018-09-01,Chubut,hogares,53991.8640
2018-09-01,Chubut,industria,267278.8840
2018-09-01,Corrientes,comercio,53771.5640
2018-09-01,Corrientes,hogares,127927.8070
2018-09-01,Corrientes,industria,25573.4050
2018-09-01,Córdoba,comercio,253056.6720
2018-09-01,Córdoba,hogares,272864.4870
2018-09-01,Córdoba,industria,187717.6790
2018-09-01,Entre Ríos,comercio,93027.9870
2018-09-01,Entre Ríos,hogares,101465.6930
2018-09-01,Entre Ríos,industria,66275.5910
2018-09-01,Formosa,comercio,26719.5420
2018-09-01,Formosa,hogares,62066.5510
2018-09-01,Formosa,industria,5039.8760
2018-09-01,Jujuy,comercio,25896.7040
2018-09-01,Jujuy,hogares,42136.9230
2018-09-01,Jujuy,industria,15338.0300
2018-09-01,La Pampa,comercio,30767.7040
2018-09-01,La Pampa,hogares,27960.5250
2018-09-01,La Pampa,industria,8138.9610
2018-09-01,La Rioja,comercio,50307.1520
2018-09-01,La Rioja,hogares,42694.3150
2018-09-01,La Rioja,industria,16890.0400
2018-09-01,Mendoza,comercio,163142.4220
2018-09-01,Mendoza,hogares,138438.7570
2018-09-01,Mendoza,industria,156027.9810
2018-09-01,Misiones,comercio,58694.5640
2018-09-01,Misiones,hogares,98943.4990
2018-09-01,Misiones,industria,22431.1410
2018-09-01,Neuquén,comercio,47740.4430
2018-09-01,Neuquén,hogares,54270.7230
2018-09-01,Neuquén,industria,70958.6400
2018-09-01,Río Negro,comercio,58525.7130
2018-09-01,Río Negro,hogares,58370.3520
2018-09-01,Río Negro,industria,27640.4310
2018-09-01,Salta,comercio,76186.5640
2018-09-01,Salta,hogares,77113.6340
2018-09-01,Salta,industria,10821.8860
2018-09-01,San Juan,comercio,48364.3560
2018-09-01,San Juan,hogares,69147.4700
2018-09-01,San Juan,industria,30254.9030
2018-09-01,San Luis,comercio,33400.0110
2018-09-01,San Luis,hogares,27546.0530
2018-09-01,San Luis,industria,49366.0500
2018-09-01,Santa Cruz,comercio,31246.9310
2018-09-01,Santa Cruz,hogares,28550.9150
2018-09-01,Santa Cruz,industria,45560.8510
2018-09-01,Santa Fe,comercio,245651.6070
2018-09-01,Santa Fe,hogares,287197.3700
2018-09-01,Santa Fe,industria,359436.3710
2018-09-01,Santiago del Estero,comercio,36218.0810
2018-09-01,Santiago del Estero,hogares,70836.7610
2018-09-01,Santiago del Estero,industria,10685.3760
2018-09-01,Tucumán,comercio,74113.6010
2018-09-01,Tucumán,hogares,113596.8910
2018-09-01,Tucumán,industria,52169.1520
2018-10-01,Buenos Aires y CABA,comercio,1341301.1290
2018-10-01,Buenos Aires y CABA,hogares,1944538.0420
2018-10-01,Buenos Aires y CABA,industria,1514165.3070
2018-10-01,Catamarca,comercio,27753.8870
2018-10-01,Catamarca,hogares,38144.1710
2018-10-01,Catamarca,industria,28073.1150
2018-10-01,Chaco,comercio,62294.4580
2018-10-01,Chaco,hogares,156231.3350
2018-10-01,Chaco,industria,12997.7820
2018-10-01,Chubut,comercio,44714.2220
2018-10-01,Chubut,hogares,52196.4010
2018-10-01,Chubut,industria,250124.3660
2018-10-01,Corrientes,comercio,55874.5610
2018-10-01,Corrientes,hogares,139811.3560
2018-10-01,Corrientes,industria,27462.7480
2018-10-01,Córdoba,comercio,285575.8680
2018-10-01,Córdoba,hogares,266559.9870
2018-10-01,Córdoba,industria,196102.8100
2018-10-01,Entre Ríos,comercio,95477.5370
2018-10-01,Entre Ríos,hogares,102504.3940
2018-10-01,Entre Ríos,industria,70253.8810
2018-10-01,Formosa,comercio,27074.0160
2018-10-01,Formosa,hogares,75241.9620
2018-10-01,Formosa,industria,5940.9990
2018-10-01,Jujuy,comercio,30578.4910
2018-10-01,Jujuy,hogares,40352.2890
2018-10-01,Jujuy,industria,12508.4670
2018-10-01,La Pampa,comercio,31559.3120
2018-10-01,La Pampa,hogares,28788.7650
2018-10-01,La Pampa,industria,8610.7460
2018-10-01,La Rioja,comercio,54658.4740
2018-10-01,La Rioja,hogares,44445.7910
2018-10-01,La Rioja,industria,17029.7500
2018-10-01,Mendoza,comercio,177194.0320
2018-10-01,Mendoza,hogares,133115.9420
2018-10-01,Mendoza,industria,163286.1280
2018-10-01,Misiones,comercio,55816.3990
2018-10-01,Misiones,hogares,103764.8090
2018-10-01,Misiones,industria,23511.0080
2018-10-01,Neuquén,comercio,46433.7290
2018-10-01,Neuquén,hogares,55256.6280
2018-10-01,Neuquén,industria,71126.8550
2018-10-01,Río Negro,comercio,60644.1220
2018-10-01,Río Negro,hogares,54472.3780
2018-10-01,Río Negro,industria,29542.5660
2018-10-01,Salta,comercio,76301.7140
2018-10-01,Salta,hogares,82900.7110
2018-10-01,Salta,industria,12172.7550
2018-10-01,San Juan,comercio,52764.3960
2018-10-01,San Juan,hogares,68075.7730
2018-10-01,San Juan,industria,32210.7820
2018-10-01,San Luis,comercio,33874.2330
2018-10-01,San Luis,hogares,30130.8950
2018-10-01,San Luis,industria,51907.5740
2018-10-01,Santa Cruz,comercio,30762.8280
2018-10-01,Santa Cruz,hogares,27661.0340
2018-10-01,Santa Cruz,industria,48250.9430
2018-10-01,Santa Fe,comercio,250021.5890
2018-10-01,Santa Fe,hogares,288673.1190
2018-10-01,Santa Fe,industria,387168.9570
2018-10-01,Santiago del Estero,comercio,38173.5770
2018-10-01,Santiago del Estero,hogares,71109.9520
2018-10-01,Santiago del Estero,industria,9942.7240
2018-10-01,Tucumán,comercio,70978.3760
2018-10-01,Tucumán,hogares,120593.0710
2018-10-01,Tucumán,industria,49066.2470
2018-11-01,Buenos Aires y CABA,comercio,1338385.6300
2018-11-01,Buenos Aires y CABA,hogares,1852621.2830
2018-11-01,Buenos Aires y CABA,industria,1547682.3850
2018-11-01,Catamarca,comercio,29531.7690
2018-11-01,Catamarca,hogares,43218.5780
2018-11-01,Catamarca,industria,29173.6010
2018-11-01,Chaco,comercio,70727.5380
2018-11-01,Chaco,hogares,175055.3820
2018-11-01,Chaco,industria,13327.8250
2018-11-01,Chubut,comercio,44867.9080
2018-11-01,Chubut,hogares,45723.2590
2018-11-01,Chubut,industria,261651.6400
2018-11-01,Corrientes,comercio,61122.9610
2018-11-01,Corrientes,hogares,157152.6690
2018-11-01,Corrientes,industria,29715.3790
2018-11-01,Córdoba,comercio,276112.1880
2018-11-01,Córdoba,hogares,291004.5670
2018-11-01,Córdoba,industria,197368.0840
2018-11-01,Entre Ríos,comercio,105245.8720
2018-11-01,Entre Ríos,hogares,109319.7200
2018-11-01,Entre Ríos,industria,68880.8910
2018-11-01,Formosa,comercio,28791.0990
2018-11-01,Formosa,hogares,88981.1880
2018-11-01,Formosa,industria,8809.1550
2018-11-01,Jujuy,comercio,30625.6860
2018-11-01,Jujuy,hogares,41680.1870
2018-11-01,Jujuy,industria,11563.8330
2018-11-01,La Pampa,comercio,30291.5450
2018-11-01,La Pampa,hogares,27519.7770
2018-11-01,La Pampa,industria,8277.4900
2018-11-01,La Rioja,comercio,56262.3950
2018-11-01,La Rioja,hogares,55158.9450
2018-11-01,La Rioja,industria,16531.3210
2018-11-01,Mendoza,comercio,170760.4880
2018-11-01,Mendoza,hogares,133255.0670
2018-11-01,Mendoza,industria,155622.9910
2018-11-01,Misiones,comercio,55402.5700
2018-11-01,Misiones,hogares,110684.0450
2018-11-01,Misiones,industria,18456.8410
2018-11-01,Neuquén,comercio,44150.7430
2018-11-01,Neuquén,hogares,50152.0660
2018-11-01,Neuquén,industria,69472.7910
2018-11-01,Río Negro,comercio,55677.5240
2018-11-01,Río Negro,hogares,53512.8070
2018-11-01,Río Negro,industria,28509.1210
2018-11-01,Salta,comercio,75558.7250
2018-11-01,Salta,hogares,81274.9110
2018-11-01,Salta,industria,12096.2240
2018-11-01,San Juan,comercio,57296.9460
2018-11-01,San Juan,hogares,83439.3190
2018-11-01,San Juan,industria,33122.0710
2018-11-01,San Luis,comercio,33976.9770
2018-11-01,San Luis,hogares,31558.6230
2018-11-01,San Luis,industria,50059.5650
2018-11-01,Santa Cruz,comercio,29736.9850
2018-11-01,Santa Cruz,hogares,23245.5770
2018-11-01,Santa Cruz,industria,46527.3390
2018-11-01,Santa Fe,comercio,256326.9010
2018-11-01,Santa Fe,hogares,314635.9010
2018-11-01,Santa Fe,industria,394249.2570
2018-11-01,Santiago del Estero,comercio,40973.2240
2018-11-01,Santiago del Estero,hogares,91318.9090
2018-11-01,Santiago del Estero,industria,9818.6130
2018-11-01,Tucumán,comercio,75511.2270
2018-11-01,Tucumán,hogares,138746.9770
2018-11-01,Tucumán,industria,51516.6740
2018-12-01,Buenos Aires y CABA,comercio,1468443.2660
2018-12-01,Buenos Aires y CABA,hogares,2078427.7710
2018-12-01,Buenos Aires y CABA,industria,1483476.0750
2018-12-01,Catamarca,comercio,28947.9090
2018-12-01,Catamarca,hogares,52423.1060
2018-12-01,Catamarca,industria,30038.4200
2018-12-01,Chaco,comercio,80108.5080
2018-12-01,Chaco,hogares,209702.1250
2018-12-01,Chaco,industria,12849.4140
2018-12-01,Chubut,comercio,45009.9800
2018-12-01,Chubut,hogares,48373.1160
2018-12-01,Chubut,industria,273514.8790
2018-12-01,Corrientes,comercio,68985.1600
2018-12-01,Corrientes,hogares,192117.5100
2018-12-01,Corrientes,industria,25972.3700
2018-12-01,Córdoba,comercio,310431.3630
2018-12-01,Córdoba,hogares,339516.9050
2018-12-01,Córdoba,industria,193687.0060
2018-12-01,Entre Ríos,comercio,115418.5190
2018-12-01,Entre Ríos,hogares,136997.0360
2018-12-01,Entre Ríos,industria,66270.0150
2018-12-01,Formosa,comercio,32868.8530
2018-12-01,Formosa,hogares,104056.6010
2018-12-01,Formosa,industria,13729.9870
2018-12-01,Jujuy,comercio,36226.1550
2018-12-01,Jujuy,hogares,46493.1080
2018-12-01,Jujuy,industria,13225.9560
2018-12-01,La Pampa,comercio,34628.4870
2018-12-01,La Pampa,hogares,34853.9780
2018-12-01,La Pampa,industria,8898.8060
2018-12-01,La Rioja,comercio,57243.0640
2018-12-01,La Rioja,hogares,61388.5120
2018-12-01,La Rioja,industria,13592.3780
2018-12-01,Mendoza,comercio,196998.9730
2018-12-01,Mendoza,hogares,153132.0790
2018-12-01,Mendoza,industria,150841.3240
2018-12-01,Misiones,comercio,67862.5930
2018-12-01,Misiones,hogares,134427.0390
2018-12-01,Misiones,industria,22184.6260
2018-12-01,Neuquén,comercio,48388.5530
2018-12-01,Neuquén,hogares,55020.3750
2018-12-01,Neuquén,industria,74056.2660
2018-12-01,Río Negro,comercio,61080.8220
2018-12-01,Río Negro,hogares,54759.9720
2018-12-01,Río Negro,industria,28795.9440
2018-12-01,Salta,comercio,83142.5500
2018-12-01,Salta,hogares,83716.1340
2018-12-01,Salta,industria,13072.8530
2018-12-01,San Juan,comercio,55907.8270
2018-12-01,San Juan,hogares,118049.7750
2018-12-01,San Juan,industria,32186.8820
2018-12-01,San Luis,comercio,33441.0490
2018-12-01,San Luis,hogares,15664.1690
2018-12-01,San Luis,industria,49517.5120
2018-12-01,Santa Cruz,comercio,27989.9430
2018-12-01,Santa Cruz,hogares,23071.6380
2018-12-01,Santa Cruz,industria,45985.5070
2018-12-01,Santa Fe,comercio,282176.3860
2018-12-01,Santa Fe,hogares,398581.2470
2018-12-01,Santa Fe,industria,335807.3620
2018-12-01,Santiago del Estero,comercio,43539.6560
2018-12-01,Santiago del Estero,hogares,113078.2460
2018-12-01,Santiago del Estero,industria,7846.1530
2018-12-01,Sin provincia,industria,875.8970
2018-12-01,Tucumán,comercio,72889.4740
2018-12-01,Tucumán,hogares,163024.6820
2018-12-01,Tucumán,industria,43289.8210
2019-01-01,Buenos Aires y CABA,comercio,1530415.1820
2019-01-01,Buenos Aires y CABA,hogares,2522252.3280
2019-01-01,Buenos Aires y CABA,industria,1531332.5110
2019-01-01,Catamarca,comercio,30141.3640
2019-01-01,Catamarca,hogares,49088.7940
2019-01-01,Catamarca,industria,27675.8100
2019-01-01,Chaco,comercio,76151.7950
2019-01-01,Chaco,hogares,233654.2490
2019-01-01,Chaco,industria,11879.6830
2019-01-01,Chubut,comercio,44333.0400
2019-01-01,Chubut,hogares,43887.8160
2019-01-01,Chubut,industria,281809.9610
2019-01-01,Corrientes,comercio,70978.0690
2019-01-01,Corrientes,hogares,200149.7680
2019-01-01,Corrientes,industria,22211.3380
2019-01-01,Córdoba,comercio,335751.5420
2019-01-01,Córdoba,hogares,332514.7210
2019-01-01,Córdoba,industria,192405.6270
2019-01-01,Entre Ríos,comercio,117145.0390
2019-01-01,Entre Ríos,hogares,149965.9170
2019-01-01,Entre Ríos,industria,70415.1200
2019-01-01,Formosa,comercio,33726.8300
2019-01-01,Formosa,hogares,112577.5090
2019-01-01,Formosa,industria,17701.0930
2019-01-01,Jujuy,comercio,41354.9360
2019-01-01,Jujuy,hogares,45806.3660
2019-01-01,Jujuy,industria,9202.3570
2019-01-01,La Pampa,comercio,34722.3330
2019-01-01,La Pampa,hogares,36387.3640
2019-01-01,La Pampa,industria,8672.1460
2019-01-01,La Rioja,comercio,56767.5200
2019-01-01,La Rioja,hogares,62262.8630
2019-01-01,La Rioja,industria,13967.6700
2019-01-01,Mendoza,comercio,204010.7170
2019-01-01,Mendoza,hogares,182293.0680
2019-01-01,Mendoza,industria,170063.7190
2019-01-01,Misiones,comercio,67722.9410
2019-01-01,Misiones,hogares,162922.3640
2019-01-01,Misiones,industria,19597.1140
2019-01-01,Neuquén,comercio,52158.0680
2019-01-01,Neuquén,hogares,58595.3470
2019-01-01,Neuquén,industria,75240.2590
2019-01-01,Río Negro,comercio,67344.9530
2019-01-01,Río Negro,hogares,60815.1640
2019-01-01,Río Negro,industria,32583.3890
2019-01-01,Salta,comercio,83387.0590
2019-01-01,Salta,hogares,97791.9270
2019-01-01,Salta,industria,12909.4990
2019-01-01,San Juan,comercio,60372.1010
2019-01-01,San Juan,hogares,124062.8390
2019-01-01,San Juan,industria,33163.5450
2019-01-01,San Luis,comercio,37670.2630
2019-01-01,San Luis,hogares,48865.6990
2019-01-01,San Luis,industria,50036.6850
2019-01-01,Santa Cruz,comercio,27754.4330
2019-01-01,Santa Cruz,hogares,22974.2890
2019-01-01,Santa Cruz,industria,47678.4780
2019-01-01,Santa Fe,comercio,308913.0150
2019-01-01,Santa Fe,hogares,449278.9240
2019-01-01,Santa Fe,industria,342933.2470
2019-01-01,Santiago del Estero,comercio,35050.5630
2019-01-01,Santiago del Estero,hogares,122900.0820
2019-01-01,Santiago del Estero,industria,9553.7150
2019-01-01,Tucumán,comercio,81584.1830
2019-01-01,Tucumán,hogares,161210.0350
2019-01-01,Tucumán,industria,40074.0570
2019-02-01,Buenos Aires y CABA,comercio,1425131.4430
2019-02-01,Buenos Aires y CABA,hogares,2211876.7840
2019-02-01,Buenos Aires y CABA,industria,1479623.4260
2019-02-01,Catamarca,comercio,27112.8770
2019-02-01,Catamarca,hogares,44119.7550
2019-02-01,Catamarca,industria,26994.7830
2019-02-01,Chaco,comercio,67868.6840
2019-02-01,Chaco,hogares,194486.3930
2019-02-01,Chaco,industria,12372.4990
2019-02-01,Chubut,comercio,40516.5420
2019-02-01,Chubut,hogares,40627.4240
2019-02-01,Chubut,industria,255860.3420
2019-02-01,Corrientes,comercio,65287.1150
2019-02-01,Corrientes,hogares,171027.2770
2019-02-01,Corrientes,industria,29880.3790
2019-02-01,Córdoba,comercio,285859.3560
2019-02-01,Córdoba,hogares,329938.4390
2019-02-01,Córdoba,industria,170445.2500
2019-02-01,Entre Ríos,comercio,113153.0320
2019-02-01,Entre Ríos,hogares,137357.2130
2019-02-01,Entre Ríos,industria,68034.2650
2019-02-01,Formosa,comercio,30070.6650
2019-02-01,Formosa,hogares,86242.6630
2019-02-01,Formosa,industria,14643.5430
2019-02-01,Jujuy,comercio,30493.1320
2019-02-01,Jujuy,hogares,40145.3360
2019-02-01,Jujuy,industria,10305.3080
2019-02-01,La Pampa,comercio,30826.9440
2019-02-01,La Pampa,hogares,32274.3520
2019-02-01,La Pampa,industria,9702.8230
2019-02-01,La Rioja,comercio,50073.1760
2019-02-01,La Rioja,hogares,55964.6390
2019-02-01,La Rioja,industria,16320.3780
2019-02-01,Mendoza,comercio,180055.6730
2019-02-01,Mendoza,hogares,155239.3220
2019-02-01,Mendoza,industria,152786.4190
2019-02-01,Misiones,comercio,65948.6060
2019-02-01,Misiones,hogares,122735.8050
2019-02-01,Misiones,industria,18466.9770
2019-02-01,Neuquén,comercio,47737.7530
2019-02-01,Neuquén,hogares,55549.6530
2019-02-01,Neuquén,industria,70817.3920
2019-02-01,Río Negro,comercio,66498.3220
2019-02-01,Río Negro,hogares,58807.7060
2019-02-01,Río Negro,industria,45978.1020
2019-02-01,Salta,comercio,73837.3830
2019-02-01,Salta,hogares,82857.7410
2019-02-01,Salta,industria,12588.2140
2019-02-01,San Juan,comercio,59827.5620
2019-02-01,San Juan,hogares,106301.2020
2019-02-01,San Juan,industria,33336.8330
2019-02-01,San Luis,comercio,35493.0120
2019-02-01,San Luis,hogares,42258.3340
2019-02-01,San Luis,industria,52928.8350
2019-02-01,Santa Cruz,comercio,26258.0610
2019-02-01,Santa Cruz,hogares,21341.7820
2019-02-01,Santa Cruz,industria,41614.1550
2019-02-01,Santa Fe,comercio,287194.6580
2019-02-01,Santa Fe,hogares,404681.0240
2019-02-01,Santa Fe,industria,363004.9050
2019-02-01,Santiago del Estero,comercio,39535.3740
2019-02-01,Santiago del Estero,hogares,100329.9580
2019-02-01,Santiago del Estero,industria,10345.5930
2019-02-01,Tucumán,comercio,75483.2560
2019-02-01,Tucumán,hogares,146408.0070
2019-02-01,Tucumán,industria,46071.4610
2019-03-01,Buenos Aires y CABA,comercio,1437467.4870
2019-03-01,Buenos Aires y CABA,hogares,1872453.8420
2019-03-01,Buenos Aires y CABA,industria,1542637.2700
2019-03-01,Catamarca,comercio,25098.0790
2019-03-01,Catamarca,hogares,40360.8950
2019-03-01,Catamarca,industria,26370.9010
2019-03-01,Chaco,comercio,63933.8460
2019-03-01,Chaco,hogares,163752.1010
2019-03-01,Chaco,industria,14786.7130
2019-03-01,Chubut,comercio,43490.2710
2019-03-01,Chubut,hogares,45443.3790
2019-03-01,Chubut,industria,280158.4350
2019-03-01,Corrientes,comercio,61090.7290
2019-03-01,Corrientes,hogares,148465.7930
2019-03-01,Corrientes,industria,29688.3590
2019-03-01,Córdoba,comercio,269985.7730
2019-03-01,Córdoba,hogares,293084.6680
2019-03-01,Córdoba,industria,189397.4150
2019-03-01,Entre Ríos,comercio,103166.6340
2019-03-01,Entre Ríos,hogares,115150.8500
2019-03-01,Entre Ríos,industria,71726.2760
2019-03-01,Formosa,comercio,37949.9680
2019-03-01,Formosa,hogares,72246.0240
2019-03-01,Formosa,industria,4367.0740
2019-03-01,Jujuy,comercio,27241.6060
2019-03-01,Jujuy,hogares,42561.9110
2019-03-01,Jujuy,industria,11886.7250
2019-03-01,La Pampa,comercio,30910.8970
2019-03-01,La Pampa,hogares,28976.8360
2019-03-01,La Pampa,industria,8643.9470
2019-03-01,La Rioja,comercio,47832.9060
2019-03-01,La Rioja,hogares,45186.9480
2019-03-01,La Rioja,industria,16279.7950
2019-03-01,Mendoza,comercio,170295.4410
2019-03-01,Mendoza,hogares,135667.8750
2019-03-01,Mendoza,industria,174008.1170
2019-03-01,Misiones,comercio,66310.1630
2019-03-01,Misiones,hogares,118681.6920
2019-03-01,Misiones,industria,18204.5380
2019-03-01,Neuquén,comercio,44164.8850
2019-03-01,Neuquén,hogares,55227.6490
2019-03-01,Neuquén,industria,74014.0210
2019-03-01,Río Negro,comercio,67918.8500
2019-03-01,Río Negro,hogares,57035.5610
2019-03-01,Río Negro,industria,49613.7330
2019-03-01,Salta,comercio,70807.0660
2019-03-01,Salta,hogares,81519.5900
2019-03-01,Salta,industria,14252.7270
2019-03-01,San Juan,comercio,54321.7650
2019-03-01,San Juan,hogares,83033.0760
2019-03-01,San Juan,industria,34998.4330
2019-03-01,San Luis,comercio,35197.0360
2019-03-01,San Luis,hogares,37626.9400
2019-03-01,San Luis,industria,49327.3720
2019-03-01,Santa Cruz,comercio,29493.8630
2019-03-01,Santa Cruz,hogares,25041.8910
2019-03-01,Santa Cruz,industria,37036.3500
2019-03-01,Santa Fe,comercio,260652.2700
2019-03-01,Santa Fe,hogares,331884.6000
2019-03-01,Santa Fe,industria,367354.8290
2019-03-01,Santiago del Estero,comercio,36591.5140
2019-03-01,Santiago del Estero,hogares,80845.6790
2019-03-01,Santiago del Estero,industria,9307.5540
2019-03-01,Tucumán,comercio,67556.2440
2019-03-01,Tucumán,hogares,121495.1810
2019-03-01,Tucumán,industria,48777.0780
2019-04-01,Buenos Aires y CABA,comercio,1373325.8170
2019-04-01,Buenos Aires y CABA,hogares,1761161.1080
2019-04-01,Buenos Aires y CABA,industria,1496149.8990
2019-04-01,Catamarca,comercio,23122.1530
2019-04-01,Catamarca,hogares,34535.7460
2019-04-01,Catamarca,industria,26742.0730
2019-04-01,Chaco,comercio,56867.2530
2019-04-01,Chaco,hogares,132558.9040
2019-04-01,Chaco,industria,16505.6640
2019-04-01,Chubut,comercio,45798.3080
2019-04-01,Chubut,hogares,43646.4180
2019-04-01,Chubut,industria,272457.8980
2019-04-01,Corrientes,comercio,58283.3980
2019-04-01,Corrientes,hogares,124516.1750
2019-04-01,Corrientes,industria,26298.6030
2019-04-01,Córdoba,comercio,261878.2220
2019-04-01,Córdoba,hogares,271372.5080
2019-04-01,Córdoba,industria,181338.8520
2019-04-01,Entre Ríos,comercio,93683.3600
2019-04-01,Entre Ríos,hogares,104635.8390
2019-04-01,Entre Ríos,industria,70178.7800
2019-04-01,Formosa,comercio,32786.5710
2019-04-01,Formosa,hogares,61437.8270
2019-04-01,Formosa,industria,4130.6950
2019-04-01,Jujuy,comercio,25783.3540
2019-04-01,Jujuy,hogares,37439.7030
2019-04-01,Jujuy,industria,11435.1780
2019-04-01,La Pampa,comercio,29677.0920
2019-04-01,La Pampa,hogares,26901.7100
2019-04-01,La Pampa,industria,9317.8150
2019-04-01,La Rioja,comercio,36473.8830
2019-04-01,La Rioja,hogares,41034.5700
2019-04-01,La Rioja,industria,14776.6910
2019-04-01,Mendoza,comercio,154122.6450
2019-04-01,Mendoza,hogares,132061.9080
2019-04-01,Mendoza,industria,162258.2430
2019-04-01,Misiones,comercio,62458.3720
2019-04-01,Misiones,hogares,112867.0840
2019-04-01,Misiones,industria,19417.8630
2019-04-01,Neuquén,comercio,46826.1720
2019-04-01,Neuquén,hogares,50068.8990
2019-04-01,Neuquén,industria,71526.1000
2019-04-01,Río Negro,comercio,63406.4750
2019-04-01,Río Negro,hogares,56937.3050
2019-04-01,Río Negro,industria,44930.0800
2019-04-01,Salta,comercio,66910.3730
2019-04-01,Salta,hogares,70925.8040
2019-04-01,Salta,industria,13587.2590
2019-04-01,San Juan,comercio,50594.8230
2019-04-01,San Juan,hogares,68145.4470
2019-04-01,San Juan,industria,31276.5360
2019-04-01,San Luis,comercio,32384.1190
2019-04-01,San Luis,hogares,36762.7660
2019-04-01,San Luis,industria,46015.2590
2019-04-01,Santa Cruz,comercio,28286.6200
2019-04-01,Santa Cruz,hogares,23293.6800
2019-04-01,Santa Cruz,industria,47062.1510
2019-04-01,Santa Fe,comercio,250599.0460
2019-04-01,Santa Fe,hogares,290012.4080
2019-04-01,Santa Fe,industria,408207.7970
2019-04-01,Santiago del Estero,comercio,32509.8450
2019-04-01,Santiago del Estero,hogares,64386.6320
2019-04-01,Santiago del Estero,industria,8763.1970
2019-04-01,Tucumán,comercio,67951.9650
2019-04-01,Tucumán,hogares,103109.9300
2019-04-01,Tucumán,industria,48211.7750
2019-05-01,Buenos Aires y CABA,comercio,1406794.0980
2019-05-01,Buenos Aires y CABA,hogares,2306531.6050
2019-05-01,Buenos Aires y CABA,industria,1512833.0800
2019-05-01,Catamarca,comercio,24138.3900
2019-05-01,Catamarca,hogares,39731.7830
2019-05-01,Catamarca,industria,26208.9990
2019-05-01,Chaco,comercio,53659.7360
2019-05-01,Chaco,hogares,126906.5860
2019-05-01,Chaco,industria,12870.7870
2019-05-01,Chubut,comercio,50659.8090
2019-05-01,Chubut,hogares,54074.5910
2019-05-01,Chubut,industria,276111.2320
2019-05-01,Corrientes,comercio,50571.7360
2019-05-01,Corrientes,hogares,122082.4370
2019-05-01,Corrientes,industria,25997.5450
2019-05-01,Córdoba,comercio,287230.6130
2019-05-01,Córdoba,hogares,318953.5520
2019-05-01,Córdoba,industria,195062.9730
2019-05-01,Entre Ríos,comercio,98333.9220
2019-05-01,Entre Ríos,hogares,104811.3090
2019-05-01,Entre Ríos,industria,71924.1680
2019-05-01,Formosa,comercio,32410.6060
2019-05-01,Formosa,hogares,52476.3900
2019-05-01,Formosa,industria,4194.4000
2019-05-01,Jujuy,comercio,26269.0580
2019-05-01,Jujuy,hogares,41480.7840
2019-05-01,Jujuy,industria,11175.6330
2019-05-01,La Pampa,comercio,32734.5530
2019-05-01,La Pampa,hogares,28951.9310
2019-05-01,La Pampa,industria,8995.6250
2019-05-01,La Rioja,comercio,34502.5620
2019-05-01,La Rioja,hogares,50666.9700
2019-05-01,La Rioja,industria,14569.1090
2019-05-01,Mendoza,comercio,144330.4410
2019-05-01,Mendoza,hogares,163436.7110
2019-05-01,Mendoza,industria,155966.0430
2019-05-01,Misiones,comercio,60910.6650
2019-05-01,Misiones,hogares,87848.8260
2019-05-01,Misiones,industria,20034.9550
2019-05-01,Neuquén,comercio,49514.9930
2019-05-01,Neuquén,hogares,63015.4420
2019-05-01,Neuquén,industria,71981.6590
2019-05-01,Río Negro,comercio,68785.8970
2019-05-01,Río Negro,hogares,62609.4830
2019-05-01,Río Negro,industria,39637.0310
2019-05-01,Salta,comercio,69489.2290
2019-05-01,Salta,hogares,78001.8750
2019-05-01,Salta,industria,14854.9420
2019-05-01,San Juan,comercio,47524.3400
2019-05-01,San Juan,hogares,81630.5480
2019-05-01,San Juan,industria,29502.2820
2019-05-01,San Luis,comercio,33328.1730
2019-05-01,San Luis,hogares,48905.0480
2019-05-01,San Luis,industria,47167.1550
2019-05-01,Santa Cruz,comercio,30269.6620
2019-05-01,Santa Cruz,hogares,26726.5290
2019-05-01,Santa Cruz,industria,46369.9140
2019-05-01,Santa Fe,comercio,266020.7190
2019-05-01,Santa Fe,hogares,328872.8920
2019-05-01,Santa Fe,industria,401536.1960
2019-05-01,Santiago del Estero,comercio,33645.8440
2019-05-01,Santiago del Estero,hogares,62500.0580
2019-05-01,Santiago del Estero,industria,10597.9750
2019-05-01,Tucumán,comercio,69694.4000
2019-05-01,Tucumán,hogares,108012.0270
2019-05-01,Tucumán,industria,55423.6300
2019-06-01,Buenos Aires y CABA,comercio,1406457.0160
2019-06-01,Buenos Aires y CABA,hogares,2639074.0610
2019-06-01,Buenos Aires y CABA,industria,1419166.0970
2019-06-01,Catamarca,comercio,23067.1390
2019-06-01,Catamarca,hogares,47844.2810
2019-06-01,Catamarca,industria,20018.6170
2019-06-01,Chaco,comercio,51133.1700
2019-06-01,Chaco,hogares,118507.6420
2019-06-01,Chaco,industria,16078.7630
2019-06-01,Chubut,comercio,51572.4980
2019-06-01,Chubut,hogares,56145.2360
2019-06-01,Chubut,industria,268958.6580
2019-06-01,Corrientes,comercio,52706.7190
2019-06-01,Corrientes,hogares,112399.6800
2019-06-01,Corrientes,industria,24654.0960
2019-06-01,Córdoba,comercio,288631.5270
2019-06-01,Córdoba,hogares,352429.3940
2019-06-01,Córdoba,industria,187842.1660
2019-06-01,Entre Ríos,comercio,95227.5520
2019-06-01,Entre Ríos,hogares,108465.9410
2019-06-01,Entre Ríos,industria,67268.6690
2019-06-01,Formosa,comercio,32232.2300
2019-06-01,Formosa,hogares,45083.1040
2019-06-01,Formosa,industria,3841.1730
2019-06-01,Jujuy,comercio,27730.3300
2019-06-01,Jujuy,hogares,41378.0850
2019-06-01,Jujuy,industria,9984.1110
2019-06-01,La Pampa,comercio,32098.5650
2019-06-01,La Pampa,hogares,28403.3990
2019-06-01,La Pampa,industria,8728.1630
2019-06-01,La Rioja,comercio,32793.9420
2019-06-01,La Rioja,hogares,59192.6380
2019-06-01,La Rioja,industria,14179.9300
2019-06-01,Mendoza,comercio,138442.2640
2019-06-01,Mendoza,hogares,187000.1830
2019-06-01,Mendoza,industria,147756.5720
2019-06-01,Misiones,comercio,48277.0470
2019-06-01,Misiones,hogares,83834.0910
2019-06-01,Misiones,industria,17607.6820
2019-06-01,Neuquén,comercio,51944.2100
2019-06-01,Neuquén,hogares,61775.3280
2019-06-01,Neuquén,industria,69933.6460
2019-06-01,Río Negro,comercio,66888.7510
2019-06-01,Río Negro,hogares,63780.9790
2019-06-01,Río Negro,industria,35835.5310
2019-06-01,Salta,comercio,67839.6990
2019-06-01,Salta,hogares,83358.3200
2019-06-01,Salta,industria,12789.4890
2019-06-01,San Juan,comercio,44762.1290
2019-06-01,San Juan,hogares,105966.1950
2019-06-01,San Juan,industria,27561.7940
2019-06-01,San Luis,comercio,33040.0590
2019-06-01,San Luis,hogares,56526.9000
2019-06-01,San Luis,industria,42911.4780
2019-06-01,Santa Cruz,comercio,29524.1050
2019-06-01,Santa Cruz,hogares,28041.5470
2019-06-01,Santa Cruz,industria,43906.8270
2019-06-01,Santa Fe,comercio,267345.8670
2019-06-01,Santa Fe,hogares,357125.1560
2019-06-01,Santa Fe,industria,386700.5190
2019-06-01,Santiago del Estero,comercio,35381.3500
2019-06-01,Santiago del Estero,hogares,63928.5370
2019-06-01,Santiago del Estero,industria,10698.8810
2019-06-01,Tucumán,comercio,66889.6980
2019-06-01,Tucumán,hogares,115634.5200
2019-06-01,Tucumán,industria,53550.5940
2019-07-01,Buenos Aires y CABA,comercio,1493306.6310
2019-07-01,Buenos Aires y CABA,hogares,3351077.3520
2019-07-01,Buenos Aires y CABA,industria,1511407.8110
2019-07-01,Catamarca,comercio,24955.1850
2019-07-01,Catamarca,hogares,50751.4800
2019-07-01,Catamarca,industria,22034.6230
2019-07-01,Chaco,comercio,52780.7340
2019-07-01,Chaco,hogares,136136.0180
2019-07-01,Chaco,industria,18308.9260
2019-07-01,Chubut,comercio,52643.7260
2019-07-01,Chubut,hogares,61034.4380
2019-07-01,Chubut,industria,270062.3590
2019-07-01,Corrientes,comercio,52392.0670
2019-07-01,Corrientes,hogares,135262.0340
2019-07-01,Corrientes,industria,26826.4100
2019-07-01,Córdoba,comercio,320722.8180
2019-07-01,Córdoba,hogares,397750.1150
2019-07-01,Córdoba,industria,194175.3610
2019-07-01,Entre Ríos,comercio,104557.9410
2019-07-01,Entre Ríos,hogares,127706.5630
2019-07-01,Entre Ríos,industria,71568.2190
2019-07-01,Formosa,comercio,32864.6850
2019-07-01,Formosa,hogares,49250.4870
2019-07-01,Formosa,industria,3898.3800
2019-07-01,Jujuy,comercio,29144.2530
2019-07-01,Jujuy,hogares,47022.0670
2019-07-01,Jujuy,industria,12093.7640
2019-07-01,La Pampa,comercio,34191.2730
2019-07-01,La Pampa,hogares,30398.5380
2019-07-01,La Pampa,industria,9357.9910
2019-07-01,La Rioja,comercio,37227.6260
2019-07-01,La Rioja,hogares,61519.5370
2019-07-01,La Rioja,industria,15666.0310
2019-07-01,Mendoza,comercio,148916.2440
2019-07-01,Mendoza,hogares,198288.3510
2019-07-01,Mendoza,industria,160236.8280
2019-07-01,Misiones,comercio,56621.9320
2019-07-01,Misiones,hogares,105789.6110
2019-07-01,Misiones,industria,18372.8240
2019-07-01,Neuquén,comercio,52366.0280
2019-07-01,Neuquén,hogares,67230.5960
2019-07-01,Neuquén,industria,70600.6690
2019-07-01,Río Negro,comercio,70626.5350
2019-07-01,Río Negro,hogares,68154.6370
2019-07-01,Río Negro,industria,35670.2540
2019-07-01,Salta,comercio,72125.2760
2019-07-01,Salta,hogares,92749.6850
2019-07-01,Salta,industria,13129.8430
2019-07-01,San Juan,comercio,46006.2290
2019-07-01,San Juan,hogares,116508.1850
2019-07-01,San Juan,industria,28747.0810
2019-07-01,San Luis,comercio,38080.3540
2019-07-01,San Luis,hogares,59276.5750
2019-07-01,San Luis,industria,47788.3430
2019-07-01,Santa Cruz,comercio,30821.6260
2019-07-01,Santa Cruz,hogares,28280.1870
2019-07-01,Santa Cruz,industria,49723.4590
2019-07-01,Santa Fe,comercio,300027.7180
2019-07-01,Santa Fe,hogares,427879.6290
2019-07-01,Santa Fe,industria,384600.9990
2019-07-01,Santiago del Estero,comercio,38970.9690
2019-07-01,Santiago del Estero,hogares,71553.8280
2019-07-01,Santiago del Estero,industria,11154.7560
2019-07-01,Tucumán,comercio,71163.5200
2019-07-01,Tucumán,hogares,126203.2890
2019-07-01,Tucumán,industria,58448.6850
2019-08-01,Buenos Aires y CABA,comercio,1501706.2080
2019-08-01,Buenos Aires y CABA,hogares,2959266.4400
2019-08-01,Buenos Aires y CABA,industria,1527480.2930
2019-08-01,Catamarca,comercio,25050.1740
2019-08-01,Catamarca,hogares,44545.5940
2019-08-01,Catamarca,industria,22926.5920
2019-08-01,Chaco,comercio,51891.5500
2019-08-01,Chaco,hogares,127724.7340
2019-08-01,Chaco,industria,17538.1460
2019-08-01,Chubut,comercio,53346.1250
2019-08-01,Chubut,hogares,58420.1560
2019-08-01,Chubut,industria,343728.2970
2019-08-01,Corrientes,comercio,53717.5900
2019-08-01,Corrientes,hogares,124695.8540
2019-08-01,Corrientes,industria,27498.4890
2019-08-01,Córdoba,comercio,286600.6010
2019-08-01,Córdoba,hogares,360033.0040
2019-08-01,Córdoba,industria,197028.2550
2019-08-01,Entre Ríos,comercio,99996.7950
2019-08-01,Entre Ríos,hogares,119872.8080
2019-08-01,Entre Ríos,industria,70824.6990
2019-08-01,Formosa,comercio,26147.2410
2019-08-01,Formosa,hogares,54793.5780
2019-08-01,Formosa,industria,3689.0610
2019-08-01,Jujuy,comercio,28869.9010
2019-08-01,Jujuy,hogares,42647.1760
2019-08-01,Jujuy,industria,13190.7570
2019-08-01,La Pampa,comercio,32769.7700
2019-08-01,La Pampa,hogares,29185.0010
2019-08-01,La Pampa,industria,9270.9180
2019-08-01,La Rioja,comercio,46146.0030
2019-08-01,La Rioja,hogares,53436.7450
2019-08-01,La Rioja,industria,16141.8350
2019-08-01,Mendoza,comercio,161889.5110
2019-08-01,Mendoza,hogares,173863.1160
2019-08-01,Mendoza,industria,166595.7670
2019-08-01,Misiones,comercio,55885.0680
2019-08-01,Misiones,hogares,100206.6110
2019-08-01,Misiones,industria,18360.5860
2019-08-01,Neuquén,comercio,53159.2220
2019-08-01,Neuquén,hogares,65030.3930
2019-08-01,Neuquén,industria,68975.7510
2019-08-01,Río Negro,comercio,68538.5640
2019-08-01,Río Negro,hogares,66194.1180
2019-08-01,Río Negro,industria,34393.4970
2019-08-01,Salta,comercio,69247.3840
2019-08-01,Salta,hogares,86613.1830
2019-08-01,Salta,industria,12983.9080
2019-08-01,San Juan,comercio,48909.0330
2019-08-01,San Juan,hogares,97529.5300
2019-08-01,San Juan,industria,29044.4200
2019-08-01,San Luis,comercio,36209.4590
2019-08-01,San Luis,hogares,50871.8590
2019-08-01,San Luis,industria,48751.9520
2019-08-01,Santa Cruz,comercio,29541.6460
2019-08-01,Santa Cruz,hogares,28387.3750
2019-08-01,Santa Cruz,industria,48176.6840
2019-08-01,Santa Fe,comercio,288532.0180
2019-08-01,Santa Fe,hogares,380202.4670
2019-08-01,Santa Fe,industria,394884.6060
2019-08-01,Santiago del Estero,comercio,33276.2310
2019-08-01,Santiago del Estero,hogares,67246.3710
2019-08-01,Santiago del Estero,industria,10810.0830
2019-08-01,Tucumán,comercio,72426.0100
2019-08-01,Tucumán,hogares,111133.1980
2019-08-01,Tucumán,industria,57433.2880
2019-09-01,Buenos Aires y CABA,comercio,1408852.9670
2019-09-01,Buenos Aires y CABA,hogares,2305829.8930
2019-09-01,Buenos Aires y CABA,industria,1411286.6440
2019-09-01,Catamarca,comercio,25393.2850
2019-09-01,Catamarca,hogares,37593.3370
2019-09-01,Catamarca,industria,28900.9430
2019-09-01,Chaco,comercio,50966.4610
2019-09-01,Chaco,hogares,119538.8000
2019-09-01,Chaco,industria,14299.4640
2019-09-01,Chubut,comercio,49709.4110
2019-09-01,Chubut,hogares,50565.7400
2019-09-01,Chubut,industria,394692.3350
2019-09-01,Corrientes,comercio,45792.4120
2019-09-01,Corrientes,hogares,117611.0850
2019-09-01,Corrientes,industria,27642.3740
2019-09-01,Córdoba,comercio,268664.1200
2019-09-01,Córdoba,hogares,302085.5240
2019-09-01,Córdoba,industria,183636.5710
2019-09-01,Entre Ríos,comercio,92907.6250
2019-09-01,Entre Ríos,hogares,100806.9610
2019-09-01,Entre Ríos,industria,68691.8080
2019-09-01,Formosa,comercio,26544.3550
2019-09-01,Formosa,hogares,57600.8120
2019-09-01,Formosa,industria,3321.9250
2019-09-01,Jujuy,comercio,26767.1980
2019-09-01,Jujuy,hogares,40105.2260
2019-09-01,Jujuy,industria,11460.3750
2019-09-01,La Pampa,comercio,28839.2660
2019-09-01,La Pampa,hogares,26182.1030
2019-09-01,La Pampa,industria,8798.9930
2019-09-01,La Rioja,comercio,48806.6570
2019-09-01,La Rioja,hogares,44546.9630
2019-09-01,La Rioja,industria,15888.9660
2019-09-01,Mendoza,comercio,163068.3570
2019-09-01,Mendoza,hogares,149659.2560
2019-09-01,Mendoza,industria,157745.8160
2019-09-01,Misiones,comercio,58192.9700
2019-09-01,Misiones,hogares,99966.9640
2019-09-01,Misiones,industria,18061.9010
2019-09-01,Neuquén,comercio,48341.4680
2019-09-01,Neuquén,hogares,57010.3950
2019-09-01,Neuquén,industria,69699.4980
2019-09-01,Río Negro,comercio,63051.7110
2019-09-01,Río Negro,hogares,58677.4350
2019-09-01,Río Negro,industria,33225.1960
2019-09-01,Salta,comercio,69469.2970
2019-09-01,Salta,hogares,75526.1700
2019-09-01,Salta,industria,10386.5460
2019-09-01,San Juan,comercio,49465.4480
2019-09-01,San Juan,hogares,79952.5990
2019-09-01,San Juan,industria,27856.6030
2019-09-01,San Luis,comercio,34320.0300
2019-09-01,San Luis,hogares,43158.9270
2019-09-01,San Luis,industria,47680.0680
2019-09-01,Santa Cruz,comercio,28920.7370
2019-09-01,Santa Cruz,hogares,23350.1450
2019-09-01,Santa Cruz,industria,49179.4080
2019-09-01,Santa Fe,comercio,253447.1880
2019-09-01,Santa Fe,hogares,310867.4050
2019-09-01,Santa Fe,industria,367377.7520
2019-09-01,Santiago del Estero,comercio,31531.7030
2019-09-01,Santiago del Estero,hogares,62450.9870
2019-09-01,Santiago del Estero,industria,9466.7780
2019-09-01,Tucumán,comercio,67982.3150
2019-09-01,Tucumán,hogares,104389.6340
2019-09-01,Tucumán,industria,50276.5170
2019-10-01,Buenos Aires y CABA,comercio,1361973.4920
2019-10-01,Buenos Aires y CABA,hogares,2120500.3500
2019-10-01,Buenos Aires y CABA,industria,1498136.7900
2019-10-01,Catamarca,comercio,29027.9710
2019-10-01,Catamarca,hogares,41464.4460
2019-10-01,Catamarca,industria,30542.2090
2019-10-01,Chaco,comercio,60665.8250
2019-10-01,Chaco,hogares,160307.1410
2019-10-01,Chaco,industria,13285.7450
2019-10-01,Chubut,comercio,45490.1450
2019-10-01,Chubut,hogares,49933.9370
2019-10-01,Chubut,industria,429380.7010
2019-10-01,Corrientes,comercio,49698.2130
2019-10-01,Corrientes,hogares,145643.3060
2019-10-01,Corrientes,industria,27994.1640
2019-10-01,Córdoba,comercio,278089.5110
2019-10-01,Córdoba,hogares,291344.4080
2019-10-01,Córdoba,industria,198490.1400
2019-10-01,Entre Ríos,comercio,95765.3910
2019-10-01,Entre Ríos,hogares,106571.0380
2019-10-01,Entre Ríos,industria,73690.9430
2019-10-01,Formosa,comercio,26412.6130
2019-10-01,Formosa,hogares,83948.0630
2019-10-01,Formosa,industria,3740.5220
2019-10-01,Jujuy,comercio,32059.9650
2019-10-01,Jujuy,hogares,42629.9860
2019-10-01,Jujuy,industria,11983.4330
2019-10-01,La Pampa,comercio,30239.6690
2019-10-01,La Pampa,hogares,26707.4650
2019-10-01,La Pampa,industria,8775.4040
2019-10-01,La Rioja,comercio,52976.6370
2019-10-01,La Rioja,hogares,50063.8460
2019-10-01,La Rioja,industria,16442.2420
2019-10-01,Mendoza,comercio,179484.6640
2019-10-01,Mendoza,hogares,135563.6370
2019-10-01,Mendoza,industria,154476.0430
2019-10-01,Misiones,comercio,59164.5720
2019-10-01,Misiones,hogares,118915.1350
2019-10-01,Misiones,industria,19186.8880
2019-10-01,Neuquén,comercio,46384.8560
2019-10-01,Neuquén,hogares,56630.8910
2019-10-01,Neuquén,industria,70513.5580
2019-10-01,Río Negro,comercio,62285.7270
2019-10-01,Río Negro,hogares,55108.3670
2019-10-01,Río Negro,industria,31257.8540
2019-10-01,Salta,comercio,76715.9770
2019-10-01,Salta,hogares,86414.7280
2019-10-01,Salta,industria,12331.6450
2019-10-01,San Juan,comercio,54843.9360
2019-10-01,San Juan,hogares,73356.4370
2019-10-01,San Juan,industria,30530.1610
2019-10-01,San Luis,comercio,34576.8100
2019-10-01,San Luis,hogares,39494.2300
2019-10-01,San Luis,industria,54669.2900
2019-10-01,Santa Cruz,comercio,27986.9590
2019-10-01,Santa Cruz,hogares,23691.4630
2019-10-01,Santa Cruz,industria,51114.7940
2019-10-01,Santa Fe,comercio,253322.0150
2019-10-01,Santa Fe,hogares,307236.1010
2019-10-01,Santa Fe,industria,384531.2280
2019-10-01,Santiago del Estero,comercio,40695.0610
2019-10-01,Santiago del Estero,hogares,79074.9010
2019-10-01,Santiago del Estero,industria,9819.6830
2019-10-01,Tucumán,comercio,77092.3440
2019-10-01,Tucumán,hogares,127850.7420
2019-10-01,Tucumán,industria,52390.4710
2019-11-01,Buenos Aires y CABA,comercio,1401224.1960
2019-11-01,Buenos Aires y CABA,hogares,2009395.4730
2019-11-01,Buenos Aires y CABA,industria,1494664.8960
2019-11-01,Catamarca,comercio,31845.6760
2019-11-01,Catamarca,hogares,48257.8980
2019-11-01,Catamarca,industria,24186.7920
2019-11-01,Chaco,comercio,68254.1990
2019-11-01,Chaco,hogares,201450.8630
2019-11-01,Chaco,industria,12916.1010
2019-11-01,Chubut,comercio,42309.6700
2019-11-01,Chubut,hogares,43063.8920
2019-11-01,Chubut,industria,359507.7530
2019-11-01,Corrientes,comercio,57005.2050
2019-11-01,Corrientes,hogares,175964.0180
2019-11-01,Corrientes,industria,32619.0630
2019-11-01,Córdoba,comercio,286173.3310
2019-11-01,Córdoba,hogares,309184.5520
2019-11-01,Córdoba,industria,193173.3090
2019-11-01,Entre Ríos,comercio,106870.5000
2019-11-01,Entre Ríos,hogares,115489.8990
2019-11-01,Entre Ríos,industria,74366.4230
2019-11-01,Formosa,comercio,37354.6320
2019-11-01,Formosa,hogares,101700.9520
2019-11-01,Formosa,industria,4395.9890
2019-11-01,Jujuy,comercio,33677.5280
2019-11-01,Jujuy,hogares,46683.1390
2019-11-01,Jujuy,industria,11936.0300
2019-11-01,La Pampa,comercio,33359.3660
2019-11-01,La Pampa,hogares,30620.6930
2019-11-01,La Pampa,industria,9251.4330
2019-11-01,La Rioja,comercio,57874.1180
2019-11-01,La Rioja,hogares,61007.7180
2019-11-01,La Rioja,industria,16525.2170
2019-11-01,Mendoza,comercio,181759.3740
2019-11-01,Mendoza,hogares,148329.4960
2019-11-01,Mendoza,industria,143281.9940
2019-11-01,Misiones,comercio,67652.0850
2019-11-01,Misiones,hogares,134019.3950
2019-11-01,Misiones,industria,22264.5070
2019-11-01,Neuquén,comercio,44659.0470
2019-11-01,Neuquén,hogares,50624.5050
2019-11-01,Neuquén,industria,67470.3470
2019-11-01,Río Negro,comercio,58787.2070
2019-11-01,Río Negro,hogares,50972.6960
2019-11-01,Río Negro,industria,33626.6430
2019-11-01,Salta,comercio,75399.9000
2019-11-01,Salta,hogares,93511.3260
2019-11-01,Salta,industria,12582.4530
2019-11-01,San Juan,comercio,63768.5930
2019-11-01,San Juan,hogares,102909.9030
2019-11-01,San Juan,industria,31030.4610
2019-11-01,San Luis,comercio,34294.3830
2019-11-01,San Luis,hogares,41206.7890
2019-11-01,San Luis,industria,53073.8050
2019-11-01,Santa Cruz,comercio,25414.0990
2019-11-01,Santa Cruz,hogares,22759.9850
2019-11-01,Santa Cruz,industria,48321.5480
2019-11-01,Santa Fe,comercio,270208.2640
2019-11-01,Santa Fe,hogares,343479.9770
2019-11-01,Santa Fe,industria,368195.6950
2019-11-01,Santiago del Estero,comercio,46379.6740
2019-11-01,Santiago del Estero,hogares,102787.9340
2019-11-01,Santiago del Estero,industria,9822.2920
2019-11-01,Tucumán,comercio,81812.8040
2019-11-01,Tucumán,hogares,145342.7500
2019-11-01,Tucumán,industria,51905.7000
2019-12-01,Buenos Aires y CABA,comercio,1533631.1790
2019-12-01,Buenos Aires y CABA,hogares,2251570.0220
2019-12-01,Buenos Aires y CABA,industria,1465486.7460
2019-12-01,Catamarca,comercio,31842.6730
2019-12-01,Catamarca,hogares,55894.5000
2019-12-01,Catamarca,industria,28042.3290
2019-12-01,Chaco,comercio,69992.2660
2019-12-01,Chaco,hogares,209072.5470
2019-12-01,Chaco,industria,12334.4460
2019-12-01,Chubut,comercio,43528.7490
2019-12-01,Chubut,hogares,44010.7190
2019-12-01,Chubut,industria,299790.7960
2019-12-01,Corrientes,comercio,66537.7390
2019-12-01,Corrientes,hogares,177649.5000
2019-12-01,Corrientes,industria,32860.0620
2019-12-01,Córdoba,comercio,309013.7380
2019-12-01,Córdoba,hogares,356175.0970
2019-12-01,Córdoba,industria,192574.7940
2019-12-01,Entre Ríos,comercio,115317.1490
2019-12-01,Entre Ríos,hogares,137673.6910
2019-12-01,Entre Ríos,industria,73587.0460
2019-12-01,Formosa,comercio,28029.7830
2019-12-01,Formosa,hogares,112014.1920
2019-12-01,Formosa,industria,4252.1650
2019-12-01,Jujuy,comercio,39922.5650
2019-12-01,Jujuy,hogares,44838.0930
2019-12-01,Jujuy,industria,9816.9760
2019-12-01,La Pampa,comercio,35257.7730
2019-12-01,La Pampa,hogares,37559.4580
2019-12-01,La Pampa,industria,9765.8720
2019-12-01,La Rioja,comercio,61850.8070
2019-12-01,La Rioja,hogares,66351.4970
2019-12-01,La Rioja,industria,13899.8450
2019-12-01,Mendoza,comercio,200814.8070
2019-12-01,Mendoza,hogares,180910.7810
2019-12-01,Mendoza,industria,154509.1520
2019-12-01,Misiones,comercio,71259.0350
2019-12-01,Misiones,hogares,141029.1040
2019-12-01,Misiones,industria,22245.8750
2019-12-01,Neuquén,comercio,50779.0300
2019-12-01,Neuquén,hogares,57249.9790
2019-12-01,Neuquén,industria,69218.5730
2019-12-01,Río Negro,comercio,64656.5490
2019-12-01,Río Negro,hogares,56527.7630
2019-12-01,Río Negro,industria,33937.0020
2019-12-01,Salta,comercio,73790.2770
2019-12-01,Salta,hogares,92495.2970
2019-12-01,Salta,industria,12002.6260
2019-12-01,San Juan,comercio,63560.0150
2019-12-01,San Juan,hogares,130518.6820
2019-12-01,San Juan,industria,30195.0760
2019-12-01,San Luis,comercio,36455.5380
2019-12-01,San Luis,hogares,48167.0610
2019-12-01,San Luis,industria,56104.9250
2019-12-01,Santa Cruz,comercio,24848.9560
2019-12-01,Santa Cruz,hogares,22007.7410
2019-12-01,Santa Cruz,industria,45953.7950
2019-12-01,Santa Fe,comercio,288770.9590
2019-12-01,Santa Fe,hogares,406673.3770
2019-12-01,Santa Fe,industria,318741.0900
2019-12-01,Santiago del Estero,comercio,46657.2310
2019-12-01,Santiago del Estero,hogares,112702.1120
2019-12-01,Santiago del Estero,industria,9422.7340
2019-12-01,Tucumán,comercio,80888.2210
2019-12-01,Tucumán,hogares,170808.0240
2019-12-01,Tucumán,industria,43696.4760
2020-01-01,Buenos Aires y CABA,comercio,1542698.7370
2020-01-01,Buenos Aires y CABA,hogares,2613353.7290
2020-01-01,Buenos Aires y CABA,industria,1453774.0540
2020-01-01,Catamarca,comercio,34396.7470
2020-01-01,Catamarca,hogares,56481.2070
2020-01-01,Catamarca,industria,29673.5880
2020-01-01,Chaco,comercio,71277.2650
2020-01-01,Chaco,hogares,239205.6690
2020-01-01,Chaco,industria,11892.3210
2020-01-01,Chubut,comercio,43436.6470
2020-01-01,Chubut,hogares,45327.0660
2020-01-01,Chubut,industria,307249.3120
2020-01-01,Corrientes,comercio,66650.7180
2020-01-01,Corrientes,hogares,210270.6240
2020-01-01,Corrientes,industria,34649.1710
2020-01-01,Córdoba,comercio,323506.4190
2020-01-01,Córdoba,hogares,384120.6210
2020-01-01,Córdoba,industria,194420.7780
2020-01-01,Entre Ríos,comercio,126421.3270
2020-01-01,Entre Ríos,hogares,154783.3580
2020-01-01,Entre Ríos,industria,76656.4510
2020-01-01,Formosa,comercio,28001.9510
2020-01-01,Formosa,hogares,128063.8510
2020-01-01,Formosa,industria,4195.2220
2020-01-01,Jujuy,comercio,39704.4800
2020-01-01,Jujuy,hogares,50042.6670
2020-01-01,Jujuy,industria,11596.0150
2020-01-01,La Pampa,comercio,35415.6580
2020-01-01,La Pampa,hogares,41413.4540
2020-01-01,La Pampa,industria,8732.6170
2020-01-01,La Rioja,comercio,62076.7000
2020-01-01,La Rioja,hogares,73224.9070
2020-01-01,La Rioja,industria,14234.6010
2020-01-01,Mendoza,comercio,210328.2280
2020-01-01,Mendoza,hogares,205827.0930
2020-01-01,Mendoza,industria,155004.3650
2020-01-01,Misiones,comercio,71248.0970
2020-01-01,Misiones,hogares,156889.6110
2020-01-01,Misiones,industria,21153.8020
2020-01-01,Neuquén,comercio,53039.5160
2020-01-01,Neuquén,hogares,64540.4780
2020-01-01,Neuquén,industria,71596.6310
2020-01-01,Río Negro,comercio,70999.2960
2020-01-01,Río Negro,hogares,64188.8470
2020-01-01,Río Negro,industria,39784.5030
2020-01-01,Salta,comercio,76122.8540
2020-01-01,Salta,hogares,103765.1870
2020-01-01,Salta,industria,13013.7380
2020-01-01,San Juan,comercio,67982.3300
2020-01-01,San Juan,hogares,145252.6520
2020-01-01,San Juan,industria,32087.2220
2020-01-01,San Luis,comercio,38643.5200
2020-01-01,San Luis,hogares,53442.8920
2020-01-01,San Luis,industria,56428.1600
2020-01-01,Santa Cruz,comercio,25346.3300
2020-01-01,Santa Cruz,hogares,19877.3240
2020-01-01,Santa Cruz,industria,48118.4370
2020-01-01,Santa Fe,comercio,308147.9100
2020-01-01,Santa Fe,hogares,471982.9120
2020-01-01,Santa Fe,industria,333480.3180
2020-01-01,Santiago del Estero,comercio,49702.4100
2020-01-01,Santiago del Estero,hogares,132704.2040
2020-01-01,Santiago del Estero,industria,9599.9930
2020-01-01,Tucumán,comercio,86624.3730
2020-01-01,Tucumán,hogares,178689.0600
2020-01-01,Tucumán,industria,41306.8320
2020-02-01,Buenos Aires y CABA,comercio,1498541.7680
2020-02-01,Buenos Aires y CABA,hogares,2261763.2640
2020-02-01,Buenos Aires y CABA,industria,1438202.3290
2020-02-01,Catamarca,comercio,28804.9300
2020-02-01,Catamarca,hogares,47401.7540
2020-02-01,Catamarca,industria,26985.5620
2020-02-01,Chaco,comercio,64683.1970
2020-02-01,Chaco,hogares,212092.3090
2020-02-01,Chaco,industria,11665.2670
2020-02-01,Chubut,comercio,40003.7600
2020-02-01,Chubut,hogares,40871.9600
2020-02-01,Chubut,industria,290814.6000
2020-02-01,Corrientes,comercio,62219.9680
2020-02-01,Corrientes,hogares,177765.3970
2020-02-01,Corrientes,industria,35547.9760
2020-02-01,Córdoba,comercio,282966.0690
2020-02-01,Córdoba,hogares,315848.0590
2020-02-01,Córdoba,industria,176830.1100
2020-02-01,Entre Ríos,comercio,115925.3470
2020-02-01,Entre Ríos,hogares,141808.0940
2020-02-01,Entre Ríos,industria,72449.6180
2020-02-01,Formosa,comercio,27734.4580
2020-02-01,Formosa,hogares,108364.5600
2020-02-01,Formosa,industria,4199.7760
2020-02-01,Jujuy,comercio,33015.1980
2020-02-01,Jujuy,hogares,41062.4060
2020-02-01,Jujuy,industria,9799.9740
2020-02-01,La Pampa,comercio,30427.6880
2020-02-01,La Pampa,hogares,32549.2310
2020-02-01,La Pampa,industria,9988.1580
2020-02-01,La Rioja,comercio,54986.1000
2020-02-01,La Rioja,hogares,56065.8240
2020-02-01,La Rioja,industria,14543.5250
2020-02-01,Mendoza,comercio,173794.0800
2020-02-01,Mendoza,hogares,151648.9560
2020-02-01,Mendoza,industria,148728.8030
2020-02-01,Misiones,comercio,69183.5020
2020-02-01,Misiones,hogares,132425.0440
2020-02-01,Misiones,industria,22369.9610
2020-02-01,Neuquén,comercio,44156.9360
2020-02-01,Neuquén,hogares,53885.5900
2020-02-01,Neuquén,industria,66966.2110
2020-02-01,Río Negro,comercio,68057.6720
2020-02-01,Río Negro,hogares,56384.3780
2020-02-01,Río Negro,industria,52250.9850
2020-02-01,Salta,comercio,72739.3440
2020-02-01,Salta,hogares,91563.4600
2020-02-01,Salta,industria,12302.5250
2020-02-01,San Juan,comercio,59678.5130
2020-02-01,San Juan,hogares,111478.9000
2020-02-01,San Juan,industria,32597.5610
2020-02-01,San Luis,comercio,34343.3720
2020-02-01,San Luis,hogares,42994.7510
2020-02-01,San Luis,industria,50121.7640
2020-02-01,Santa Cruz,comercio,23316.9620
2020-02-01,Santa Cruz,hogares,19889.8900
2020-02-01,Santa Cruz,industria,43233.8810
2020-02-01,Santa Fe,comercio,274446.5980
2020-02-01,Santa Fe,hogares,410196.8270
2020-02-01,Santa Fe,industria,345325.6130
2020-02-01,Santiago del Estero,comercio,43069.4900
2020-02-01,Santiago del Estero,hogares,100765.6200
2020-02-01,Santiago del Estero,industria,8813.9020
2020-02-01,Tucumán,comercio,70751.2590
2020-02-01,Tucumán,hogares,144558.4720
2020-02-01,Tucumán,industria,45505.3720
2020-03-01,Buenos Aires y CABA,comercio,1515103.6310
2020-03-01,Buenos Aires y CABA,hogares,2315034.3700
2020-03-01,Buenos Aires y CABA,industria,1393533.7830
2020-03-01,Catamarca,comercio,30179.0010
2020-03-01,Catamarca,hogares,56014.3860
2020-03-01,Catamarca,industria,22758.5940
2020-03-01,Chaco,comercio,64155.1450
2020-03-01,Chaco,hogares,236691.3610
2020-03-01,Chaco,industria,15971.1870
2020-03-01,Chubut,comercio,42323.4040
2020-03-01,Chubut,hogares,43326.9620
2020-03-01,Chubut,industria,303277.5590
2020-03-01,Corrientes,comercio,67994.8890
2020-03-01,Corrientes,hogares,185211.4450
2020-03-01,Corrientes,industria,25752.5320
2020-03-01,Córdoba,comercio,288923.3680
2020-03-01,Córdoba,hogares,340833.4800
2020-03-01,Córdoba,industria,175582.5650
2020-03-01,Entre Ríos,comercio,117811.8920
2020-03-01,Entre Ríos,hogares,150259.1220
2020-03-01,Entre Ríos,industria,71869.4610
2020-03-01,Formosa,comercio,26482.3780
2020-03-01,Formosa,hogares,120107.0140
2020-03-01,Formosa,industria,4783.4460
2020-03-01,Jujuy,comercio,28847.0980
2020-03-01,Jujuy,hogares,46059.1440
2020-03-01,Jujuy,industria,7194.5720
2020-03-01,La Pampa,comercio,32725.3180
2020-03-01,La Pampa,hogares,33620.1980
2020-03-01,La Pampa,industria,9446.2480
2020-03-01,La Rioja,comercio,54281.2820
2020-03-01,La Rioja,hogares,66595.1030
2020-03-01,La Rioja,industria,13270.7620
2020-03-01,Mendoza,comercio,189261.3600
2020-03-01,Mendoza,hogares,175152.6610
2020-03-01,Mendoza,industria,159406.2860
2020-03-01,Misiones,comercio,69014.6130
2020-03-01,Misiones,hogares,142099.4450
2020-03-01,Misiones,industria,22161.1620
2020-03-01,Neuquén,comercio,49167.8560
2020-03-01,Neuquén,hogares,59700.2050
2020-03-01,Neuquén,industria,66803.4900
2020-03-01,Río Negro,comercio,71601.6030
2020-03-01,Río Negro,hogares,61254.6400
2020-03-01,Río Negro,industria,48264.0980
2020-03-01,Salta,comercio,80292.4510
2020-03-01,Salta,hogares,94466.7840
2020-03-01,Salta,industria,12495.6190
2020-03-01,San Juan,comercio,59148.9190
2020-03-01,San Juan,hogares,118103.6970
2020-03-01,San Juan,industria,31555.1340
2020-03-01,San Luis,comercio,34569.0160
2020-03-01,San Luis,hogares,46879.5950
2020-03-01,San Luis,industria,53450.0280
2020-03-01,Santa Cruz,comercio,24579.7150
2020-03-01,Santa Cruz,hogares,23561.8090
2020-03-01,Santa Cruz,industria,41012.0960
2020-03-01,Santa Fe,comercio,292409.5630
2020-03-01,Santa Fe,hogares,443997.2510
2020-03-01,Santa Fe,industria,314505.1560
2020-03-01,Santiago del Estero,comercio,43707.1370
2020-03-01,Santiago del Estero,hogares,110594.5010
2020-03-01,Santiago del Estero,industria,8977.4070
2020-03-01,Tucumán,comercio,82396.0150
2020-03-01,Tucumán,hogares,165078.7460
2020-03-01,Tucumán,industria,42543.4340
2020-04-01,Buenos Aires y CABA,comercio,1094158.4020
2020-04-01,Buenos Aires y CABA,hogares,1968400.0430
2020-04-01,Buenos Aires y CABA,industria,1068254.4060
2020-04-01,Catamarca,comercio,23129.1690
2020-04-01,Catamarca,hogares,32584.2440
2020-04-01,Catamarca,industria,17083.6140
2020-04-01,Chaco,comercio,45633.8630
2020-04-01,Chaco,hogares,136887.6410
2020-04-01,Chaco,industria,14193.8610
2020-04-01,Chubut,comercio,38074.0220
2020-04-01,Chubut,hogares,46839.3220
2020-04-01,Chubut,industria,294127.0770
2020-04-01,Corrientes,comercio,49999.6340
2020-04-01,Corrientes,hogares,104094.0030
2020-04-01,Corrientes,industria,11796.3330
2020-04-01,Córdoba,comercio,229882.0600
2020-04-01,Córdoba,hogares,265574.7780
2020-04-01,Córdoba,industria,139237.3950
2020-04-01,Entre Ríos,comercio,90248.5020
2020-04-01,Entre Ríos,hogares,97095.5920
2020-04-01,Entre Ríos,industria,65276.2250
2020-04-01,Formosa,comercio,18226.6900
2020-04-01,Formosa,hogares,74589.3940
2020-04-01,Formosa,industria,3168.9530
2020-04-01,Jujuy,comercio,24861.5540
2020-04-01,Jujuy,hogares,36924.0770
2020-04-01,Jujuy,industria,6539.6960
2020-04-01,La Pampa,comercio,27225.8280
2020-04-01,La Pampa,hogares,25252.3190
2020-04-01,La Pampa,industria,7693.1540
2020-04-01,La Rioja,comercio,40077.5770
2020-04-01,La Rioja,hogares,40294.8460
2020-04-01,La Rioja,industria,6330.1420
2020-04-01,Mendoza,comercio,137101.8470
2020-04-01,Mendoza,hogares,131024.4680
2020-04-01,Mendoza,industria,129062.6380
2020-04-01,Misiones,comercio,53597.5380
2020-04-01,Misiones,hogares,115903.7300
2020-04-01,Misiones,industria,19598.0590
2020-04-01,Neuquén,comercio,39852.3730
2020-04-01,Neuquén,hogares,51647.1010
2020-04-01,Neuquén,industria,53319.9830
2020-04-01,Río Negro,comercio,61027.1220
2020-04-01,Río Negro,hogares,51115.1140
2020-04-01,Río Negro,industria,37916.6270
2020-04-01,Salta,comercio,55709.7920
2020-04-01,Salta,hogares,81556.8060
2020-04-01,Salta,industria,9609.4360
2020-04-01,San Juan,comercio,43212.6130
2020-04-01,San Juan,hogares,64728.3200
2020-04-01,San Juan,industria,21530.7810
2020-04-01,San Luis,comercio,25491.0090
2020-04-01,San Luis,hogares,37849.4570
2020-04-01,San Luis,industria,33148.1390
2020-04-01,Santa Cruz,comercio,24427.6370
2020-04-01,Santa Cruz,hogares,23970.9420
2020-04-01,Santa Cruz,industria,34371.8300
2020-04-01,Santa Fe,comercio,209915.7910
2020-04-01,Santa Fe,hogares,296063.5240
2020-04-01,Santa Fe,industria,246699.0120
2020-04-01,Santiago del Estero,comercio,25980.2710
2020-04-01,Santiago del Estero,hogares,69454.9050
2020-04-01,Santiago del Estero,industria,6954.4900
2020-04-01,Tucumán,comercio,55617.5020
2020-04-01,Tucumán,hogares,111780.1710
2020-04-01,Tucumán,industria,34206.9630
2020-05-01,Buenos Aires y CABA,comercio,1207167.0720
2020-05-01,Buenos Aires y CABA,hogares,2591529.2690
2020-05-01,Buenos Aires y CABA,industria,1135626.5360
2020-05-01,Catamarca,comercio,22173.9730
2020-05-01,Catamarca,hogares,41054.6260
2020-05-01,Catamarca,industria,17463.8370
2020-05-01,Chaco,comercio,41004.2140
2020-05-01,Chaco,hogares,125580.8530
2020-05-01,Chaco,industria,14900.2870
2020-05-01,Chubut,comercio,41082.6030
2020-05-01,Chubut,hogares,60837.8290
2020-05-01,Chubut,industria,175877.2610
2020-05-01,Corrientes,comercio,43698.6080
2020-05-01,Corrientes,hogares,106075.6950
2020-05-01,Corrientes,industria,19092.8180
2020-05-01,Córdoba,comercio,250310.4810
2020-05-01,Córdoba,hogares,313335.8980
2020-05-01,Córdoba,industria,157277.9210
2020-05-01,Entre Ríos,comercio,86627.2590
2020-05-01,Entre Ríos,hogares,108530.8090
2020-05-01,Entre Ríos,industria,66800.8580
2020-05-01,Formosa,comercio,17972.7810
2020-05-01,Formosa,hogares,63870.6550
2020-05-01,Formosa,industria,2465.4650
2020-05-01,Jujuy,comercio,23941.3020
2020-05-01,Jujuy,hogares,41136.1750
2020-05-01,Jujuy,industria,13826.1710
2020-05-01,La Pampa,comercio,29547.5130
2020-05-01,La Pampa,hogares,30084.3880
2020-05-01,La Pampa,industria,8195.4460
2020-05-01,La Rioja,comercio,37938.9570
2020-05-01,La Rioja,hogares,46059.8250
2020-05-01,La Rioja,industria,8769.2090
2020-05-01,Mendoza,comercio,133144.0780
2020-05-01,Mendoza,hogares,166466.7010
2020-05-01,Mendoza,industria,131874.3500
2020-05-01,Misiones,comercio,59602.3570
2020-05-01,Misiones,hogares,109491.5600
2020-05-01,Misiones,industria,20620.0270
2020-05-01,Neuquén,comercio,41811.6250
2020-05-01,Neuquén,hogares,62407.2920
2020-05-01,Neuquén,industria,54303.0430
2020-05-01,Río Negro,comercio,65500.3190
2020-05-01,Río Negro,hogares,58772.5000
2020-05-01,Río Negro,industria,35440.8370
2020-05-01,Salta,comercio,62252.7960
2020-05-01,Salta,hogares,79210.1980
2020-05-01,Salta,industria,11727.2970
2020-05-01,San Juan,comercio,42551.9790
2020-05-01,San Juan,hogares,80315.5470
2020-05-01,San Juan,industria,23062.1150
2020-05-01,San Luis,comercio,28780.8810
2020-05-01,San Luis,hogares,47274.1580
2020-05-01,San Luis,industria,42317.0100
2020-05-01,Santa Cruz,comercio,26332.4610
2020-05-01,Santa Cruz,hogares,29762.7490
2020-05-01,Santa Cruz,industria,38982.2000
2020-05-01,Santa Fe,comercio,230480.7320
2020-05-01,Santa Fe,hogares,351912.5300
2020-05-01,Santa Fe,industria,318487.0530
2020-05-01,Santiago del Estero,comercio,28066.6340
2020-05-01,Santiago del Estero,hogares,62924.7110
2020-05-01,Santiago del Estero,industria,8780.7030
2020-05-01,Tucumán,comercio,57753.3540
2020-05-01,Tucumán,hogares,110698.4350
2020-05-01,Tucumán,industria,46363.3460
2020-06-01,Buenos Aires y CABA,comercio,1294663.9950
2020-06-01,Buenos Aires y CABA,hogares,3150933.3680
2020-06-01,Buenos Aires y CABA,industria,1215620.1190
2020-06-01,Catamarca,comercio,24381.4100
2020-06-01,Catamarca,hogares,49481.3540
2020-06-01,Catamarca,industria,18955.7190
2020-06-01,Chaco,comercio,41272.5890
2020-06-01,Chaco,hogares,132828.6180
2020-06-01,Chaco,industria,16324.7710
2020-06-01,Chubut,comercio,47172.4580
2020-06-01,Chubut,hogares,61454.8140
2020-06-01,Chubut,industria,180780.2230
2020-06-01,Corrientes,comercio,44573.3700
2020-06-01,Corrientes,hogares,118203.0350
2020-06-01,Corrientes,industria,24094.7430
2020-06-01,Córdoba,comercio,270565.3920
2020-06-01,Córdoba,hogares,389908.9930
2020-06-01,Córdoba,industria,168661.1670
2020-06-01,Entre Ríos,comercio,88945.8810
2020-06-01,Entre Ríos,hogares,124820.1670
2020-06-01,Entre Ríos,industria,68443.6920
2020-06-01,Formosa,comercio,20294.0620
2020-06-01,Formosa,hogares,64521.0270
2020-06-01,Formosa,industria,3274.2120
2020-06-01,Jujuy,comercio,25466.4280
2020-06-01,Jujuy,hogares,44356.3140
2020-06-01,Jujuy,industria,12008.8080
2020-06-01,La Pampa,comercio,30278.3300
2020-06-01,La Pampa,hogares,29586.0710
2020-06-01,La Pampa,industria,8974.6900
2020-06-01,La Rioja,comercio,33798.7490
2020-06-01,La Rioja,hogares,64132.4700
2020-06-01,La Rioja,industria,11622.0680
2020-06-01,Mendoza,comercio,127355.1370
2020-06-01,Mendoza,hogares,202905.5140
2020-06-01,Mendoza,industria,121719.0850
2020-06-01,Misiones,comercio,51545.1200
2020-06-01,Misiones,hogares,124648.5260
2020-06-01,Misiones,industria,19216.2840
2020-06-01,Neuquén,comercio,46281.0890
2020-06-01,Neuquén,hogares,68668.3430
2020-06-01,Neuquén,industria,59706.9820
2020-06-01,Río Negro,comercio,61156.6900
2020-06-01,Río Negro,hogares,68410.1160
2020-06-01,Río Negro,industria,32576.2840
2020-06-01,Salta,comercio,65867.3380
2020-06-01,Salta,hogares,88829.8420
2020-06-01,Salta,industria,11360.5520
2020-06-01,San Juan,comercio,43547.1340
2020-06-01,San Juan,hogares,110356.3020
2020-06-01,San Juan,industria,24901.3680
2020-06-01,San Luis,comercio,30644.6120
2020-06-01,San Luis,hogares,61451.8510
2020-06-01,San Luis,industria,45713.8430
2020-06-01,Santa Cruz,comercio,25848.7550
2020-06-01,Santa Cruz,hogares,32123.9180
2020-06-01,Santa Cruz,industria,41035.8120
2020-06-01,Santa Fe,comercio,257883.7300
2020-06-01,Santa Fe,hogares,415905.7880
2020-06-01,Santa Fe,industria,320521.4190
2020-06-01,Santiago del Estero,comercio,30566.6690
2020-06-01,Santiago del Estero,hogares,67893.9330
2020-06-01,Santiago del Estero,industria,10380.4290
2020-06-01,Tucumán,comercio,65934.8980
2020-06-01,Tucumán,hogares,119841.6340
2020-06-01,Tucumán,industria,46516.7690
2020-07-01,Buenos Aires y CABA,comercio,1503306.6090
2020-07-01,Buenos Aires y CABA,hogares,3739678.5430
2020-07-01,Buenos Aires y CABA,industria,1285912.5620
2020-07-01,Catamarca,comercio,26371.9700
2020-07-01,Catamarca,hogares,59444.4780
2020-07-01,Catamarca,industria,23327.1610
2020-07-01,Chaco,comercio,43691.1960
2020-07-01,Chaco,hogares,146403.3190
2020-07-01,Chaco,industria,15273.9160
2020-07-01,Chubut,comercio,49549.7060
2020-07-01,Chubut,hogares,71476.1040
2020-07-01,Chubut,industria,190154.1860
2020-07-01,Corrientes,comercio,50370.6940
2020-07-01,Corrientes,hogares,128669.7370
2020-07-01,Corrientes,industria,26487.6310
2020-07-01,Córdoba,comercio,290413.3900
2020-07-01,Córdoba,hogares,462974.8170
2020-07-01,Córdoba,industria,182300.0620
2020-07-01,Entre Ríos,comercio,96745.7940
2020-07-01,Entre Ríos,hogares,141074.1780
2020-07-01,Entre Ríos,industria,71018.4200
2020-07-01,Formosa,comercio,20301.3430
2020-07-01,Formosa,hogares,63778.6110
2020-07-01,Formosa,industria,3251.0490
2020-07-01,Jujuy,comercio,25982.0010
2020-07-01,Jujuy,hogares,51745.8050
2020-07-01,Jujuy,industria,9350.9250
2020-07-01,La Pampa,comercio,31412.2610
2020-07-01,La Pampa,hogares,32822.5270
2020-07-01,La Pampa,industria,8633.3580
2020-07-01,La Rioja,comercio,37646.6840
2020-07-01,La Rioja,hogares,72102.4190
2020-07-01,La Rioja,industria,13595.9940
2020-07-01,Mendoza,comercio,134360.9210
2020-07-01,Mendoza,hogares,227130.0000
2020-07-01,Mendoza,industria,130909.4530
2020-07-01,Misiones,comercio,60656.5270
2020-07-01,Misiones,hogares,129455.0100
2020-07-01,Misiones,industria,20378.9620
2020-07-01,Neuquén,comercio,48694.2270
2020-07-01,Neuquén,hogares,75478.0320
2020-07-01,Neuquén,industria,61051.3680
2020-07-01,Río Negro,comercio,63956.2420
2020-07-01,Río Negro,hogares,73970.6960
2020-07-01,Río Negro,industria,30339.8520
2020-07-01,Salta,comercio,70633.6500
2020-07-01,Salta,hogares,99829.1400
2020-07-01,Salta,industria,11694.7110
2020-07-01,San Juan,comercio,46145.9240
2020-07-01,San Juan,hogares,128232.6170
2020-07-01,San Juan,industria,27303.8170
2020-07-01,San Luis,comercio,33630.4250
2020-07-01,San Luis,hogares,72039.4280
2020-07-01,San Luis,industria,50775.8560
2020-07-01,Santa Cruz,comercio,26699.4160
2020-07-01,Santa Cruz,hogares,37766.6210
2020-07-01,Santa Cruz,industria,43370.8340
2020-07-01,Santa Fe,comercio,291377.9250
2020-07-01,Santa Fe,hogares,485411.9550
2020-07-01,Santa Fe,industria,333575.1840
2020-07-01,Santiago del Estero,comercio,34126.1310
2020-07-01,Santiago del Estero,hogares,81683.9490
2020-07-01,Santiago del Estero,industria,11821.6790
2020-07-01,Tucumán,comercio,73292.0930
2020-07-01,Tucumán,hogares,140147.5880
2020-07-01,Tucumán,industria,52644.9580
2020-08-01,Buenos Aires y CABA,comercio,1352421.3060
2020-08-01,Buenos Aires y CABA,hogares,2953069.5280
2020-08-01,Buenos Aires y CABA,industria,1313922.3140
2020-08-01,Catamarca,comercio,24687.1140
2020-08-01,Catamarca,hogares,45966.8310
2020-08-01,Catamarca,industria,27892.9450
2020-08-01,Chaco,comercio,42505.3560
2020-08-01,Chaco,hogares,136966.0290
2020-08-01,Chaco,industria,13228.1830
2020-08-01,Chubut,comercio,47265.8620
2020-08-01,Chubut,hogares,63843.6920
2020-08-01,Chubut,industria,193151.2310
2020-08-01,Corrientes,comercio,44407.1980
2020-08-01,Corrientes,hogares,115839.8650
2020-08-01,Corrientes,industria,26712.3970
2020-08-01,Córdoba,comercio,258806.5000
2020-08-01,Córdoba,hogares,359808.2700
2020-08-01,Córdoba,industria,175015.4080
2020-08-01,Entre Ríos,comercio,89779.0840
2020-08-01,Entre Ríos,hogares,116431.2050
2020-08-01,Entre Ríos,industria,70806.0520
2020-08-01,Formosa,comercio,21028.0730
2020-08-01,Formosa,hogares,66261.3210
2020-08-01,Formosa,industria,2589.0780
2020-08-01,Jujuy,comercio,24912.0660
2020-08-01,Jujuy,hogares,42362.9670
2020-08-01,Jujuy,industria,13485.1770
2020-08-01,La Pampa,comercio,30415.1420
2020-08-01,La Pampa,hogares,29220.7720
2020-08-01,La Pampa,industria,8767.9270
2020-08-01,La Rioja,comercio,44188.9870
2020-08-01,La Rioja,hogares,55556.4730
2020-08-01,La Rioja,industria,13885.1880
2020-08-01,Mendoza,comercio,148615.0590
2020-08-01,Mendoza,hogares,191172.5390
2020-08-01,Mendoza,industria,140025.2820
2020-08-01,Misiones,comercio,57744.6840
2020-08-01,Misiones,hogares,118035.4370
2020-08-01,Misiones,industria,20240.2490
2020-08-01,Neuquén,comercio,46451.6220
2020-08-01,Neuquén,hogares,67937.3090
2020-08-01,Neuquén,industria,62575.1060
2020-08-01,Río Negro,comercio,60167.2000
2020-08-01,Río Negro,hogares,69080.5570
2020-08-01,Río Negro,industria,30317.0850
2020-08-01,Salta,comercio,64996.7090
2020-08-01,Salta,hogares,85841.0330
2020-08-01,Salta,industria,11060.8530
2020-08-01,San Juan,comercio,47784.7910
2020-08-01,San Juan,hogares,100359.9830
2020-08-01,San Juan,industria,27111.6320
2020-08-01,San Luis,comercio,33094.7830
2020-08-01,San Luis,hogares,54079.0910
2020-08-01,San Luis,industria,49213.2530
2020-08-01,Santa Cruz,comercio,26677.4750
2020-08-01,Santa Cruz,hogares,33007.4530
2020-08-01,Santa Cruz,industria,44415.6370
2020-08-01,Santa Fe,comercio,252361.0090
2020-08-01,Santa Fe,hogares,377875.6820
2020-08-01,Santa Fe,industria,348877.4840
2020-08-01,Santiago del Estero,comercio,29189.4270
2020-08-01,Santiago del Estero,hogares,67442.1070
2020-08-01,Santiago del Estero,industria,8933.4630
2020-08-01,Tucumán,comercio,64278.3870
2020-08-01,Tucumán,hogares,117183.6290
2020-08-01,Tucumán,industria,47033.6070
2020-09-01,Buenos Aires y CABA,comercio,1279478.9570
2020-09-01,Buenos Aires y CABA,hogares,2593896.6120
2020-09-01,Buenos Aires y CABA,industria,1311000.1390
2020-09-01,Catamarca,comercio,25565.1580
2020-09-01,Catamarca,hogares,38622.8570
2020-09-01,Catamarca,industria,29073.8510
2020-09-01,Chaco,comercio,49050.5770
2020-09-01,Chaco,hogares,136785.8090
2020-09-01,Chaco,industria,11415.5250
2020-09-01,Chubut,comercio,43138.8120
2020-09-01,Chubut,hogares,54496.9620
2020-09-01,Chubut,industria,210976.4240
2020-09-01,Corrientes,comercio,46316.7840
2020-09-01,Corrientes,hogares,119463.4310
2020-09-01,Corrientes,industria,25817.5740
2020-09-01,Córdoba,comercio,254691.6650
2020-09-01,Córdoba,hogares,310973.7990
2020-09-01,Córdoba,industria,181034.2910
2020-09-01,Entre Ríos,comercio,88520.5920
2020-09-01,Entre Ríos,hogares,105886.5630
2020-09-01,Entre Ríos,industria,70750.8210
2020-09-01,Formosa,comercio,19985.5240
2020-09-01,Formosa,hogares,70084.8330
2020-09-01,Formosa,industria,3920.9580
2020-09-01,Jujuy,comercio,8285.3670
2020-09-01,Jujuy,hogares,61169.8980
2020-09-01,Jujuy,industria,9180.7300
2020-09-01,La Pampa,comercio,28814.4760
2020-09-01,La Pampa,hogares,27627.5110
2020-09-01,La Pampa,industria,9174.9590
2020-09-01,La Rioja,comercio,48637.5870
2020-09-01,La Rioja,hogares,44412.6570
2020-09-01,La Rioja,industria,15603.2360
2020-09-01,Mendoza,comercio,163296.1160
2020-09-01,Mendoza,hogares,149227.6280
2020-09-01,Mendoza,industria,136293.2270
2020-09-01,Misiones,comercio,57489.4560
2020-09-01,Misiones,hogares,119564.7600
2020-09-01,Misiones,industria,19989.7750
2020-09-01,Neuquén,comercio,42921.4860
2020-09-01,Neuquén,hogares,58961.7500
2020-09-01,Neuquén,industria,60815.8740
2020-09-01,Río Negro,comercio,56172.8460
2020-09-01,Río Negro,hogares,61422.0120
2020-09-01,Río Negro,industria,30043.0430
2020-09-01,Salta,comercio,64925.8710
2020-09-01,Salta,hogares,78846.0790
2020-09-01,Salta,industria,9830.7860
2020-09-01,San Juan,comercio,49238.5150
2020-09-01,San Juan,hogares,72774.9110
2020-09-01,San Juan,industria,27402.0200
2020-09-01,San Luis,comercio,29860.2920
2020-09-01,San Luis,hogares,43976.8450
2020-09-01,San Luis,industria,52433.1790
2020-09-01,Santa Cruz,comercio,23065.9440
2020-09-01,Santa Cruz,hogares,30002.0580
2020-09-01,Santa Cruz,industria,40628.3590
2020-09-01,Santa Fe,comercio,236280.9430
2020-09-01,Santa Fe,hogares,336872.7730
2020-09-01,Santa Fe,industria,331363.8990
2020-09-01,Santiago del Estero,comercio,30368.7350
2020-09-01,Santiago del Estero,hogares,67057.4360
2020-09-01,Santiago del Estero,industria,8175.7790
2020-09-01,Tucumán,comercio,64840.4610
2020-09-01,Tucumán,hogares,111334.8770
2020-09-01,Tucumán,industria,45690.1760
2020-10-01,Buenos Aires y CABA,comercio,1294134.4400
2020-10-01,Buenos Aires y CABA,hogares,2166405.8350
2020-10-01,Buenos Aires y CABA,industria,1343833.1340
2020-10-01,Catamarca,comercio,28039.4040
2020-10-01,Catamarca,hogares,44847.6090
2020-10-01,Catamarca,industria,30650.6670
2020-10-01,Chaco,comercio,53690.6080
2020-10-01,Chaco,hogares,191203.6820
2020-10-01,Chaco,industria,11390.8600
2020-10-01,Chubut,comercio,40856.2350
2020-10-01,Chubut,hogares,50762.6700
2020-10-01,Chubut,industria,239884.4800
2020-10-01,Corrientes,comercio,49054.6780
2020-10-01,Corrientes,hogares,146053.2230
2020-10-01,Corrientes,industria,32666.0610
2020-10-01,Córdoba,comercio,256449.4200
2020-10-01,Córdoba,hogares,298727.1070
2020-10-01,Córdoba,industria,190049.1810
2020-10-01,Entre Ríos,comercio,92933.8600
2020-10-01,Entre Ríos,hogares,110685.3270
2020-10-01,Entre Ríos,industria,72560.8410
2020-10-01,Formosa,comercio,22372.2150
2020-10-01,Formosa,hogares,100516.1770
2020-10-01,Formosa,industria,3969.7710
2020-10-01,Jujuy,comercio,33025.3890
2020-10-01,Jujuy,hogares,46607.4130
2020-10-01,Jujuy,industria,8064.7290
2020-10-01,La Pampa,comercio,29903.6710
2020-10-01,La Pampa,hogares,28063.2240
2020-10-01,La Pampa,industria,8703.3900
2020-10-01,La Rioja,comercio,56025.7830
2020-10-01,La Rioja,hogares,50520.2160
2020-10-01,La Rioja,industria,16865.4780
2020-10-01,Mendoza,comercio,182718.4170
2020-10-01,Mendoza,hogares,143590.1670
2020-10-01,Mendoza,industria,142628.5670
2020-10-01,Misiones,comercio,62649.4520
2020-10-01,Misiones,hogares,142535.9540
2020-10-01,Misiones,industria,17513.8190
2020-10-01,Neuquén,comercio,40589.0830
2020-10-01,Neuquén,hogares,60305.5870
2020-10-01,Neuquén,industria,63115.6630
2020-10-01,Río Negro,comercio,57117.7150
2020-10-01,Río Negro,hogares,58794.7210
2020-10-01,Río Negro,industria,34942.6690
2020-10-01,Salta,comercio,76672.1920
2020-10-01,Salta,hogares,89405.8860
2020-10-01,Salta,industria,10320.9020
2020-10-01,San Juan,comercio,50603.9290
2020-10-01,San Juan,hogares,79280.4120
2020-10-01,San Juan,industria,28737.6760
2020-10-01,San Luis,comercio,29914.2320
2020-10-01,San Luis,hogares,42292.5580
2020-10-01,San Luis,industria,54326.8560
2020-10-01,Santa Cruz,comercio,24040.0080
2020-10-01,Santa Cruz,hogares,27221.2830
2020-10-01,Santa Cruz,industria,41188.1460
2020-10-01,Santa Fe,comercio,238410.4280
2020-10-01,Santa Fe,hogares,334183.8670
2020-10-01,Santa Fe,industria,349676.2600
2020-10-01,Santiago del Estero,comercio,36176.3490
2020-10-01,Santiago del Estero,hogares,84043.8590
2020-10-01,Santiago del Estero,industria,8260.0080
2020-10-01,Tucumán,comercio,72342.9510
2020-10-01,Tucumán,hogares,132434.7750
2020-10-01,Tucumán,industria,48292.8490
2020-11-01,Buenos Aires y CABA,comercio,1281478.2150
2020-11-01,Buenos Aires y CABA,hogares,1984594.8860
2020-11-01,Buenos Aires y CABA,industria,1414212.7150
2020-11-01,Catamarca,comercio,27697.0980
2020-11-01,Catamarca,hogares,50034.6460
2020-11-01,Catamarca,industria,30040.6070
2020-11-01,Chaco,comercio,56821.1170
2020-11-01,Chaco,hogares,191907.2140
2020-11-01,Chaco,industria,10892.0790
2020-11-01,Chubut,comercio,39077.3240
2020-11-01,Chubut,hogares,45223.8110
2020-11-01,Chubut,industria,262547.8110
2020-11-01,Corrientes,comercio,66091.9710
2020-11-01,Corrientes,hogares,136552.1920
2020-11-01,Corrientes,industria,36432.4340
2020-11-01,Córdoba,comercio,264986.0150
2020-11-01,Córdoba,hogares,311593.4260
2020-11-01,Córdoba,industria,196077.3020
2020-11-01,Entre Ríos,comercio,103987.8510
2020-11-01,Entre Ríos,hogares,120162.5070
2020-11-01,Entre Ríos,industria,73475.1750
2020-11-01,Formosa,comercio,22685.0070
2020-11-01,Formosa,hogares,97370.5120
2020-11-01,Formosa,industria,4110.9590
2020-11-01,Jujuy,comercio,29887.8550
2020-11-01,Jujuy,hogares,46604.9230
2020-11-01,Jujuy,industria,14726.6110
2020-11-01,La Pampa,comercio,30552.6060
2020-11-01,La Pampa,hogares,29740.3940
2020-11-01,La Pampa,industria,8938.7350
2020-11-01,La Rioja,comercio,57233.0370
2020-11-01,La Rioja,hogares,57878.9290
2020-11-01,La Rioja,industria,16917.3290
2020-11-01,Mendoza,comercio,173662.2530
2020-11-01,Mendoza,hogares,146064.3380
2020-11-01,Mendoza,industria,139228.8500
2020-11-01,Misiones,comercio,65191.4970
2020-11-01,Misiones,hogares,136865.5770
2020-11-01,Misiones,industria,20409.6870
2020-11-01,Neuquén,comercio,41466.2480
2020-11-01,Neuquén,hogares,54859.4620
2020-11-01,Neuquén,industria,62790.6650
2020-11-01,Río Negro,comercio,55168.8660
2020-11-01,Río Negro,hogares,56351.7340
2020-11-01,Río Negro,industria,31735.9300
2020-11-01,Salta,comercio,75287.4450
2020-11-01,Salta,hogares,91918.7830
2020-11-01,Salta,industria,10578.6340
2020-11-01,San Juan,comercio,59960.2870
2020-11-01,San Juan,hogares,94333.4630
2020-11-01,San Juan,industria,29784.4410
2020-11-01,San Luis,comercio,30204.5440
2020-11-01,San Luis,hogares,41255.2470
2020-11-01,San Luis,industria,55860.3570
2020-11-01,Santa Cruz,comercio,21514.8630
2020-11-01,Santa Cruz,hogares,23907.9490
2020-11-01,Santa Cruz,industria,42591.6900
2020-11-01,Santa Fe,comercio,252081.0290
2020-11-01,Santa Fe,hogares,358725.1080
2020-11-01,Santa Fe,industria,369020.2000
2020-11-01,Santiago del Estero,comercio,40398.2930
2020-11-01,Santiago del Estero,hogares,102991.3940
2020-11-01,Santiago del Estero,industria,8404.1900
2020-11-01,Tucumán,comercio,72847.0150
2020-11-01,Tucumán,hogares,151687.4200
2020-11-01,Tucumán,industria,50163.6870
2020-12-01,Buenos Aires y CABA,comercio,1414613.0870
2020-12-01,Buenos Aires y CABA,hogares,2450314.3510
2020-12-01,Buenos Aires y CABA,industria,1419462.0980
2020-12-01,Catamarca,comercio,30495.9810
2020-12-01,Catamarca,hogares,60164.5190
2020-12-01,Catamarca,industria,29866.2830
2020-12-01,Chaco,comercio,65296.1530
2020-12-01,Chaco,hogares,238255.4480
2020-12-01,Chaco,industria,12285.5550
2020-12-01,Chubut,comercio,41691.2040
2020-12-01,Chubut,hogares,48117.0880
2020-12-01,Chubut,industria,298471.6250
2020-12-01,Corrientes,comercio,76935.6670
2020-12-01,Corrientes,hogares,164331.7190
2020-12-01,Corrientes,industria,34813.8070
2020-12-01,Córdoba,comercio,292925.0980
2020-12-01,Córdoba,hogares,366997.6930
2020-12-01,Córdoba,industria,190151.7350
2020-12-01,Entre Ríos,comercio,113281.1880
2020-12-01,Entre Ríos,hogares,146438.0900
2020-12-01,Entre Ríos,industria,73159.2920
2020-12-01,Formosa,comercio,26501.5670
2020-12-01,Formosa,hogares,114920.1770
2020-12-01,Formosa,industria,4401.7330
2020-12-01,Jujuy,comercio,41392.7910
2020-12-01,Jujuy,hogares,47777.0790
2020-12-01,Jujuy,industria,12386.4240
2020-12-01,La Pampa,comercio,36495.2540
2020-12-01,La Pampa,hogares,37847.0420
2020-12-01,La Pampa,industria,8810.6010
2020-12-01,La Rioja,comercio,62333.3460
2020-12-01,La Rioja,hogares,72211.6810
2020-12-01,La Rioja,industria,14727.9170
2020-12-01,Mendoza,comercio,205262.6630
2020-12-01,Mendoza,hogares,185617.3630
2020-12-01,Mendoza,industria,149582.0470
2020-12-01,Misiones,comercio,73074.3480
2020-12-01,Misiones,hogares,156116.5150
2020-12-01,Misiones,industria,20236.5880
2020-12-01,Neuquén,comercio,47617.8090
2020-12-01,Neuquén,hogares,59906.3280
2020-12-01,Neuquén,industria,65244.7620
2020-12-01,Río Negro,comercio,61884.3470
2020-12-01,Río Negro,hogares,62907.9330
2020-12-01,Río Negro,industria,32021.3000
2020-12-01,Salta,comercio,80558.8740
2020-12-01,Salta,hogares,101637.8060
2020-12-01,Salta,industria,11330.6500
2020-12-01,San Juan,comercio,70254.5000
2020-12-01,San Juan,hogares,126834.5820
2020-12-01,San Juan,industria,30779.9710
2020-12-01,San Luis,comercio,33176.9490
2020-12-01,San Luis,hogares,52812.0460
2020-12-01,San Luis,industria,51934.3340
2020-12-01,Santa Cruz,comercio,22438.2010
2020-12-01,Santa Cruz,hogares,23789.0590
2020-12-01,Santa Cruz,industria,40840.6440
2020-12-01,Santa Fe,comercio,279607.5670
2020-12-01,Santa Fe,hogares,433686.2620
2020-12-01,Santa Fe,industria,310551.0580
2020-12-01,Santiago del Estero,comercio,47839.3610
2020-12-01,Santiago del Estero,hogares,130366.5950
2020-12-01,Santiago del Estero,industria,8770.8670
2020-12-01,Tucumán,comercio,83345.5880
2020-12-01,Tucumán,hogares,177359.5640
2020-12-01,Tucumán,industria,44917.8400
2021-01-01,Buenos Aires y CABA,comercio,1488422.7430
2021-01-01,Buenos Aires y CABA,hogares,2776409.0190
2021-01-01,Buenos Aires y CABA,industria,1460390.6910
2021-01-01,Catamarca,comercio,30273.1910
2021-01-01,Catamarca,hogares,54461.4710
2021-01-01,Catamarca,industria,30790.2190
2021-01-01,Chaco,comercio,68226.6010
2021-01-01,Chaco,hogares,255869.4380
2021-01-01,Chaco,industria,12673.8170
2021-01-01,Chubut,comercio,43311.0760
2021-01-01,Chubut,hogares,45867.7310
2021-01-01,Chubut,industria,301902.8440
2021-01-01,Corrientes,comercio,87152.1340
2021-01-01,Corrientes,hogares,173210.2470
2021-01-01,Corrientes,industria,35960.0990
2021-01-01,Córdoba,comercio,294363.4920
2021-01-01,Córdoba,hogares,366144.7910
2021-01-01,Córdoba,industria,191963.4510
2021-01-01,Entre Ríos,comercio,124933.8820
2021-01-01,Entre Ríos,hogares,164369.3390
2021-01-01,Entre Ríos,industria,74165.4320
2021-01-01,Formosa,comercio,27465.7520
2021-01-01,Formosa,hogares,123189.3420
2021-01-01,Formosa,industria,4312.3640
2021-01-01,Jujuy,comercio,38838.1330
2021-01-01,Jujuy,hogares,48195.4290
2021-01-01,Jujuy,industria,10572.9820
2021-01-01,La Pampa,comercio,33166.8320
2021-01-01,La Pampa,hogares,40044.0960
2021-01-01,La Pampa,industria,9678.7630
2021-01-01,La Rioja,comercio,60440.1250
2021-01-01,La Rioja,hogares,66174.6200
2021-01-01,La Rioja,industria,16328.9500
2021-01-01,Mendoza,comercio,195722.9360
2021-01-01,Mendoza,hogares,182658.2170
2021-01-01,Mendoza,industria,153978.3520
2021-01-01,Misiones,comercio,69890.0940
2021-01-01,Misiones,hogares,158343.0660
2021-01-01,Misiones,industria,19931.1550
2021-01-01,Neuquén,comercio,49654.2310
2021-01-01,Neuquén,hogares,65822.3700
2021-01-01,Neuquén,industria,59553.0350
2021-01-01,Río Negro,comercio,67535.4510
2021-01-01,Río Negro,hogares,68816.5740
2021-01-01,Río Negro,industria,35936.1780
2021-01-01,Salta,comercio,80698.0470
2021-01-01,Salta,hogares,98024.8070
2021-01-01,Salta,industria,10940.5440
2021-01-01,San Juan,comercio,66458.4460
2021-01-01,San Juan,hogares,130314.3220
2021-01-01,San Juan,industria,31995.2430
2021-01-01,San Luis,comercio,33550.0500
2021-01-01,San Luis,hogares,49336.7880
2021-01-01,San Luis,industria,57413.4260
2021-01-01,Santa Cruz,comercio,22539.8580
2021-01-01,Santa Cruz,hogares,23186.2680
2021-01-01,Santa Cruz,industria,38400.9340
2021-01-01,Santa Fe,comercio,299105.1160
2021-01-01,Santa Fe,hogares,478250.1600
2021-01-01,Santa Fe,industria,370057.0770
2021-01-01,Santiago del Estero,comercio,45245.9330
2021-01-01,Santiago del Estero,hogares,125767.4540
2021-01-01,Santiago del Estero,industria,8947.5750
2021-01-01,Tucumán,comercio,76814.6380
2021-01-01,Tucumán,hogares,166761.4020
2021-01-01,Tucumán,industria,40662.1430
2021-02-01,Buenos Aires y CABA,comercio,1312775.2720
2021-02-01,Buenos Aires y CABA,hogares,2012416.8870
2021-02-01,Buenos Aires y CABA,industria,1412361.8230
2021-02-01,Catamarca,comercio,25984.0960
2021-02-01,Catamarca,hogares,43423.4860
2021-02-01,Catamarca,industria,24762.2400
2021-02-01,Chaco,comercio,57550.5070
2021-02-01,Chaco,hogares,207062.7970
2021-02-01,Chaco,industria,12032.7660
2021-02-01,Chubut,comercio,39332.8520
2021-02-01,Chubut,hogares,41093.7890
2021-02-01,Chubut,industria,281079.8230
2021-02-01,Corrientes,comercio,66314.9860
2021-02-01,Corrientes,hogares,154627.8620
2021-02-01,Corrientes,industria,34606.7520
2021-02-01,Córdoba,comercio,262558.2750
2021-02-01,Córdoba,hogares,299106.0710
2021-02-01,Córdoba,industria,169035.9470
2021-02-01,Entre Ríos,comercio,110417.7600
2021-02-01,Entre Ríos,hogares,135276.0240
2021-02-01,Entre Ríos,industria,70614.3390
2021-02-01,Formosa,comercio,24895.6410
2021-02-01,Formosa,hogares,99908.6410
2021-02-01,Formosa,industria,5037.6790
2021-02-01,Jujuy,comercio,28067.8840
2021-02-01,Jujuy,hogares,39452.3260
2021-02-01,Jujuy,industria,10342.4330
2021-02-01,La Pampa,comercio,30432.0000
2021-02-01,La Pampa,hogares,30945.7650
2021-02-01,La Pampa,industria,10121.5470
2021-02-01,La Rioja,comercio,52099.5410
2021-02-01,La Rioja,hogares,52748.0560
2021-02-01,La Rioja,industria,16451.3390
2021-02-01,Mendoza,comercio,144695.7460
2021-02-01,Mendoza,hogares,141341.4800
2021-02-01,Mendoza,industria,143114.8830
2021-02-01,Misiones,comercio,58806.8550
2021-02-01,Misiones,hogares,136401.6980
2021-02-01,Misiones,industria,21434.6400
2021-02-01,Neuquén,comercio,42659.0660
2021-02-01,Neuquén,hogares,56131.0750
2021-02-01,Neuquén,industria,58570.0690
2021-02-01,Río Negro,comercio,65103.3890
2021-02-01,Río Negro,hogares,61760.3390
2021-02-01,Río Negro,industria,48148.8940
2021-02-01,Salta,comercio,74731.8300
2021-02-01,Salta,hogares,81839.1160
2021-02-01,Salta,industria,10116.4780
2021-02-01,San Juan,comercio,56825.7750
2021-02-01,San Juan,hogares,97157.5800
2021-02-01,San Juan,industria,30429.4080
2021-02-01,San Luis,comercio,29445.0510
2021-02-01,San Luis,hogares,41103.5630
2021-02-01,San Luis,industria,50941.1720
2021-02-01,Santa Cruz,comercio,20838.0730
2021-02-01,Santa Cruz,hogares,21177.3110
2021-02-01,Santa Cruz,industria,28863.6440
2021-02-01,Santa Fe,comercio,260320.8040
2021-02-01,Santa Fe,hogares,384590.0960
2021-02-01,Santa Fe,industria,369063.5460
2021-02-01,Santiago del Estero,comercio,36632.5820
2021-02-01,Santiago del Estero,hogares,96772.9100
2021-02-01,Santiago del Estero,industria,8892.5790
2021-02-01,Tucumán,comercio,64563.0640
2021-02-01,Tucumán,hogares,129499.4350
2021-02-01,Tucumán,industria,45479.9410
2021-03-01,Buenos Aires y CABA,comercio,1441980.4420
2021-03-01,Buenos Aires y CABA,hogares,2268001.8820
2021-03-01,Buenos Aires y CABA,industria,1582244.6570
2021-03-01,Catamarca,comercio,26207.6670
2021-03-01,Catamarca,hogares,43830.8390
2021-03-01,Catamarca,industria,30108.2730
2021-03-01,Chaco,comercio,61948.1460
2021-03-01,Chaco,hogares,209047.4470
2021-03-01,Chaco,industria,14683.1770
2021-03-01,Chubut,comercio,42664.8840
2021-03-01,Chubut,hogares,48388.6880
2021-03-01,Chubut,industria,310333.7560
2021-03-01,Corrientes,comercio,76262.8900
2021-03-01,Corrientes,hogares,149328.1400
2021-03-01,Corrientes,industria,34685.6080
2021-03-01,Córdoba,comercio,291895.4050
2021-03-01,Córdoba,hogares,323802.2170
2021-03-01,Córdoba,industria,199096.2730
2021-03-01,Entre Ríos,comercio,114852.2610
2021-03-01,Entre Ríos,hogares,136793.9310
2021-03-01,Entre Ríos,industria,80371.5780
2021-03-01,Formosa,comercio,25193.4450
2021-03-01,Formosa,hogares,103217.0820
2021-03-01,Formosa,industria,5518.9370
2021-03-01,Jujuy,comercio,26730.9130
2021-03-01,Jujuy,hogares,43798.8550
2021-03-01,Jujuy,industria,15044.2490
2021-03-01,La Pampa,comercio,31462.9750
2021-03-01,La Pampa,hogares,35894.0170
2021-03-01,La Pampa,industria,9683.5980
2021-03-01,La Rioja,comercio,50694.2190
2021-03-01,La Rioja,hogares,47349.0500
2021-03-01,La Rioja,industria,18336.5550
2021-03-01,Mendoza,comercio,164184.8630
2021-03-01,Mendoza,hogares,160359.9430
2021-03-01,Mendoza,industria,158936.4890
2021-03-01,Misiones,comercio,67367.3250
2021-03-01,Misiones,hogares,152211.8100
2021-03-01,Misiones,industria,21361.1410
2021-03-01,Neuquén,comercio,46552.1670
2021-03-01,Neuquén,hogares,58625.0550
2021-03-01,Neuquén,industria,65243.7860
2021-03-01,Río Negro,comercio,69238.5120
2021-03-01,Río Negro,hogares,61865.0700
2021-03-01,Río Negro,industria,52524.8740
2021-03-01,Salta,comercio,74292.6470
2021-03-01,Salta,hogares,88315.6140
2021-03-01,Salta,industria,15111.2580
2021-03-01,San Juan,comercio,55635.7040
2021-03-01,San Juan,hogares,95189.6300
2021-03-01,San Juan,industria,33360.7130
2021-03-01,San Luis,comercio,33529.1200
2021-03-01,San Luis,hogares,45914.3600
2021-03-01,San Luis,industria,55492.6750
2021-03-01,Santa Cruz,comercio,26495.4770
2021-03-01,Santa Cruz,hogares,23163.6360
2021-03-01,Santa Cruz,industria,44672.8040
2021-03-01,Santa Fe,comercio,285299.3200
2021-03-01,Santa Fe,hogares,395980.8540
2021-03-01,Santa Fe,industria,401980.1340
2021-03-01,Santiago del Estero,comercio,43056.4040
2021-03-01,Santiago del Estero,hogares,95161.1890
2021-03-01,Santiago del Estero,industria,10204.6880
2021-03-01,Tucumán,comercio,72841.9880
2021-03-01,Tucumán,hogares,131915.3430
2021-03-01,Tucumán,industria,49677.8540
2021-04-01,Buenos Aires y CABA,comercio,1345870.8450
2021-04-01,Buenos Aires y CABA,hogares,1903602.1720
2021-04-01,Buenos Aires y CABA,industria,1556848.5830
2021-04-01,Catamarca,comercio,23157.1960
2021-04-01,Catamarca,hogares,38388.3180
2021-04-01,Catamarca,industria,28951.9380
2021-04-01,Chaco,comercio,50729.0720
2021-04-01,Chaco,hogares,146998.9670
2021-04-01,Chaco,industria,16843.3150
2021-04-01,Chubut,comercio,43087.8520
2021-04-01,Chubut,hogares,47723.6820
2021-04-01,Chubut,industria,297633.1290
2021-04-01,Corrientes,comercio,63386.5140
2021-04-01,Corrientes,hogares,116334.4240
2021-04-01,Corrientes,industria,30720.2880
2021-04-01,Córdoba,comercio,266317.1630
2021-04-01,Córdoba,hogares,278099.2190
2021-04-01,Córdoba,industria,187730.4610
2021-04-01,Entre Ríos,comercio,99848.2930
2021-04-01,Entre Ríos,hogares,106720.3490
2021-04-01,Entre Ríos,industria,73973.6410
2021-04-01,Formosa,comercio,25298.9480
2021-04-01,Formosa,hogares,67048.5320
2021-04-01,Formosa,industria,4751.2620
2021-04-01,Jujuy,comercio,26406.0410
2021-04-01,Jujuy,hogares,38396.8090
2021-04-01,Jujuy,industria,16199.8290
2021-04-01,La Pampa,comercio,28643.6190
2021-04-01,La Pampa,hogares,28763.9200
2021-04-01,La Pampa,industria,9340.5160
2021-04-01,La Rioja,comercio,44176.9500
2021-04-01,La Rioja,hogares,42630.2410
2021-04-01,La Rioja,industria,16629.9550
2021-04-01,Mendoza,comercio,149122.0590
2021-04-01,Mendoza,hogares,141269.6890
2021-04-01,Mendoza,industria,144679.2160
2021-04-01,Misiones,comercio,68211.6300
2021-04-01,Misiones,hogares,116856.3840
2021-04-01,Misiones,industria,19840.3420
2021-04-01,Neuquén,comercio,45543.6100
2021-04-01,Neuquén,hogares,52442.7210
2021-04-01,Neuquén,industria,58557.0360
2021-04-01,Río Negro,comercio,60701.8950
2021-04-01,Río Negro,hogares,58718.2530
2021-04-01,Río Negro,industria,42994.6370
2021-04-01,Salta,comercio,64772.1260
2021-04-01,Salta,hogares,75994.3470
2021-04-01,Salta,industria,15856.9190
2021-04-01,San Juan,comercio,50854.6920
2021-04-01,San Juan,hogares,70788.2160
2021-04-01,San Juan,industria,30059.6980
2021-04-01,San Luis,comercio,30037.9030
2021-04-01,San Luis,hogares,40312.9690
2021-04-01,San Luis,industria,52116.6680
2021-04-01,Santa Cruz,comercio,25644.9380
2021-04-01,Santa Cruz,hogares,25551.0700
2021-04-01,Santa Cruz,industria,44562.9010
2021-04-01,Santa Fe,comercio,250598.2940
2021-04-01,Santa Fe,hogares,308508.0570
2021-04-01,Santa Fe,industria,352878.9720
2021-04-01,Santiago del Estero,comercio,33685.2070
2021-04-01,Santiago del Estero,hogares,76664.1540
2021-04-01,Santiago del Estero,industria,11060.5880
2021-04-01,Tucumán,comercio,66112.7290
2021-04-01,Tucumán,hogares,109646.5110
2021-04-01,Tucumán,industria,51841.4030
2021-05-01,Buenos Aires y CABA,comercio,1403011.1570
2021-05-01,Buenos Aires y CABA,hogares,2810957.6720
2021-05-01,Buenos Aires y CABA,industria,1559230.4470
2021-05-01,Catamarca,comercio,22589.0720
2021-05-01,Catamarca,hogares,45771.2660
2021-05-01,Catamarca,industria,26892.3810
2021-05-01,Chaco,comercio,45709.1520
2021-05-01,Chaco,hogares,127151.4920
2021-05-01,Chaco,industria,22842.0390
2021-05-01,Chubut,comercio,48573.4040
2021-05-01,Chubut,hogares,58928.7290
2021-05-01,Chubut,industria,231796.3980
2021-05-01,Corrientes,comercio,62154.2370
2021-05-01,Corrientes,hogares,102142.6400
2021-05-01,Corrientes,industria,29172.8130
2021-05-01,Córdoba,comercio,287122.0840
2021-05-01,Córdoba,hogares,341296.5910
2021-05-01,Córdoba,industria,190937.3850
2021-05-01,Entre Ríos,comercio,97004.3590
2021-05-01,Entre Ríos,hogares,116622.2860
2021-05-01,Entre Ríos,industria,73002.0010
2021-05-01,Formosa,comercio,24793.6670
2021-05-01,Formosa,hogares,53207.1550
2021-05-01,Formosa,industria,4250.9980
2021-05-01,Jujuy,comercio,26119.0150
2021-05-01,Jujuy,hogares,42857.6520
2021-05-01,Jujuy,industria,18224.7650
2021-05-01,La Pampa,comercio,29263.2670
2021-05-01,La Pampa,hogares,31090.0030
2021-05-01,La Pampa,industria,9064.5740
2021-05-01,La Rioja,comercio,37860.9210
2021-05-01,La Rioja,hogares,50906.7680
2021-05-01,La Rioja,industria,16130.0570
2021-05-01,Mendoza,comercio,141827.4820
2021-05-01,Mendoza,hogares,173826.8420
2021-05-01,Mendoza,industria,143349.7210
2021-05-01,Misiones,comercio,67543.4700
2021-05-01,Misiones,hogares,111787.7760
2021-05-01,Misiones,industria,17534.1690
2021-05-01,Neuquén,comercio,50340.4350
2021-05-01,Neuquén,hogares,63957.8500
2021-05-01,Neuquén,industria,63613.5580
2021-05-01,Río Negro,comercio,63815.1470
2021-05-01,Río Negro,hogares,69355.4130
2021-05-01,Río Negro,industria,36993.1790
2021-05-01,Salta,comercio,64734.4020
2021-05-01,Salta,hogares,83103.5700
2021-05-01,Salta,industria,16749.1760
2021-05-01,San Juan,comercio,47585.3440
2021-05-01,San Juan,hogares,83110.8820
2021-05-01,San Juan,industria,27731.8790
2021-05-01,San Luis,comercio,30290.3340
2021-05-01,San Luis,hogares,53764.3170
2021-05-01,San Luis,industria,51176.0390
2021-05-01,Santa Cruz,comercio,28600.6750
2021-05-01,Santa Cruz,hogares,29038.1390
2021-05-01,Santa Cruz,industria,45514.3210
2021-05-01,Santa Fe,comercio,265683.8250
2021-05-01,Santa Fe,hogares,379333.4850
2021-05-01,Santa Fe,industria,385970.5520
2021-05-01,Santiago del Estero,comercio,31026.3720
2021-05-01,Santiago del Estero,hogares,67124.9210
2021-05-01,Santiago del Estero,industria,10555.5360
2021-05-01,Tucumán,comercio,62355.6780
2021-05-01,Tucumán,hogares,115588.6160
2021-05-01,Tucumán,industria,56454.5160
2021-06-01,Buenos Aires y CABA,comercio,1385761.4080
2021-06-01,Buenos Aires y CABA,hogares,3510079.5830
2021-06-01,Buenos Aires y CABA,industria,1512449.8320
2021-06-01,Catamarca,comercio,24790.7900
2021-06-01,Catamarca,hogares,58738.6410
2021-06-01,Catamarca,industria,21710.1680
2021-06-01,Chaco,comercio,46317.0160
2021-06-01,Chaco,hogares,135865.6530
2021-06-01,Chaco,industria,20264.1380
2021-06-01,Chubut,comercio,52659.4190
2021-06-01,Chubut,hogares,62684.7210
2021-06-01,Chubut,industria,258311.5710
2021-06-01,Corrientes,comercio,61300.3830
2021-06-01,Corrientes,hogares,117181.9830
2021-06-01,Corrientes,industria,32824.1450
2021-06-01,Córdoba,comercio,299287.7900
2021-06-01,Córdoba,hogares,406408.0810
2021-06-01,Córdoba,industria,189604.3950
2021-06-01,Entre Ríos,comercio,98729.3250
2021-06-01,Entre Ríos,hogares,133503.3210
2021-06-01,Entre Ríos,industria,72757.1430
2021-06-01,Formosa,comercio,24978.3220
2021-06-01,Formosa,hogares,52609.5760
2021-06-01,Formosa,industria,4203.4770
2021-06-01,Jujuy,comercio,30096.0030
2021-06-01,Jujuy,hogares,49279.8870
2021-06-01,Jujuy,industria,15002.5280
2021-06-01,La Pampa,comercio,31129.8670
2021-06-01,La Pampa,hogares,30898.6590
2021-06-01,La Pampa,industria,9022.7460
2021-06-01,La Rioja,comercio,36468.8440
2021-06-01,La Rioja,hogares,70343.0470
2021-06-01,La Rioja,industria,16832.6940
2021-06-01,Mendoza,comercio,141074.7810
2021-06-01,Mendoza,hogares,210159.3680
2021-06-01,Mendoza,industria,140445.4210
2021-06-01,Misiones,comercio,68400.5990
2021-06-01,Misiones,hogares,123352.1240
2021-06-01,Misiones,industria,19261.4220
2021-06-01,Neuquén,comercio,49501.4680
2021-06-01,Neuquén,hogares,70346.2860
2021-06-01,Neuquén,industria,59250.8310
2021-06-01,Río Negro,comercio,63271.7380
2021-06-01,Río Negro,hogares,73007.6290
2021-06-01,Río Negro,industria,34628.1190
2021-06-01,Salta,comercio,71253.9290
2021-06-01,Salta,hogares,91699.3150
2021-06-01,Salta,industria,15944.9710
2021-06-01,San Juan,comercio,50901.7410
2021-06-01,San Juan,hogares,113091.5970
2021-06-01,San Juan,industria,28263.9570
2021-06-01,San Luis,comercio,31673.0270
2021-06-01,San Luis,hogares,69516.5780
2021-06-01,San Luis,industria,52459.6030
2021-06-01,Santa Cruz,comercio,30482.8270
2021-06-01,Santa Cruz,hogares,30293.1320
2021-06-01,Santa Cruz,industria,43700.6210
2021-06-01,Santa Fe,comercio,281200.4880
2021-06-01,Santa Fe,hogares,443640.8720
2021-06-01,Santa Fe,industria,380295.8980
2021-06-01,Santiago del Estero,comercio,34588.8480
2021-06-01,Santiago del Estero,hogares,80341.3250
2021-06-01,Santiago del Estero,industria,12039.6460
2021-06-01,Tucumán,comercio,72348.5680
2021-06-01,Tucumán,hogares,137228.6960
2021-06-01,Tucumán,industria,58043.6510
2021-07-01,Buenos Aires y CABA,comercio,1449008.4150
2021-07-01,Buenos Aires y CABA,hogares,3633631.4730
2021-07-01,Buenos Aires y CABA,industria,1509821.6410
2021-07-01,Catamarca,comercio,24039.8200
2021-07-01,Catamarca,hogares,56855.4230
2021-07-01,Catamarca,industria,23150.3940
2021-07-01,Chaco,comercio,46285.5580
2021-07-01,Chaco,hogares,144634.8120
2021-07-01,Chaco,industria,19346.1860
2021-07-01,Chubut,comercio,51760.4330
2021-07-01,Chubut,hogares,63542.7640
2021-07-01,Chubut,industria,301225.6270
2021-07-01,Corrientes,comercio,66515.7820
2021-07-01,Corrientes,hogares,125669.0930
2021-07-01,Corrientes,industria,28097.2030
2021-07-01,Córdoba,comercio,304641.3120
2021-07-01,Córdoba,hogares,413708.6560
2021-07-01,Córdoba,industria,193437.3600
2021-07-01,Entre Ríos,comercio,102696.5070
2021-07-01,Entre Ríos,hogares,138646.0410
2021-07-01,Entre Ríos,industria,75510.9890
2021-07-01,Formosa,comercio,25132.6520
2021-07-01,Formosa,hogares,55560.5300
2021-07-01,Formosa,industria,4351.2710
2021-07-01,Jujuy,comercio,27632.5730
2021-07-01,Jujuy,hogares,49606.1950
2021-07-01,Jujuy,industria,14679.9380
2021-07-01,La Pampa,comercio,31300.2560
2021-07-01,La Pampa,hogares,33675.0440
2021-07-01,La Pampa,industria,9556.8710
2021-07-01,La Rioja,comercio,41657.1060
2021-07-01,La Rioja,hogares,67301.3500
2021-07-01,La Rioja,industria,17454.2360
2021-07-01,Mendoza,comercio,150172.4910
2021-07-01,Mendoza,hogares,215153.3960
2021-07-01,Mendoza,industria,143183.2620
2021-07-01,Misiones,comercio,63469.6250
2021-07-01,Misiones,hogares,129629.8890
2021-07-01,Misiones,industria,19135.1990
2021-07-01,Neuquén,comercio,50685.7500
2021-07-01,Neuquén,hogares,75443.1930
2021-07-01,Neuquén,industria,61705.4550
2021-07-01,Río Negro,comercio,69073.5320
2021-07-01,Río Negro,hogares,74591.1520
2021-07-01,Río Negro,industria,31529.6310
2021-07-01,Salta,comercio,63871.0750
2021-07-01,Salta,hogares,99638.9070
2021-07-01,Salta,industria,17509.0820
2021-07-01,San Juan,comercio,48409.8380
2021-07-01,San Juan,hogares,124754.7460
2021-07-01,San Juan,industria,28239.3730
2021-07-01,San Luis,comercio,36835.2600
2021-07-01,San Luis,hogares,63072.7890
2021-07-01,San Luis,industria,52038.9950
2021-07-01,Santa Cruz,comercio,30242.4990
2021-07-01,Santa Cruz,hogares,30467.8640
2021-07-01,Santa Cruz,industria,43044.6020
2021-07-01,Santa Fe,comercio,299599.8280
2021-07-01,Santa Fe,hogares,460363.8730
2021-07-01,Santa Fe,industria,395541.7700
2021-07-01,Santiago del Estero,comercio,34361.1670
2021-07-01,Santiago del Estero,hogares,79835.8930
2021-07-01,Santiago del Estero,industria,12456.3590
2021-07-01,Tucumán,comercio,71173.4180
2021-07-01,Tucumán,hogares,132634.3960
2021-07-01,Tucumán,industria,60962.5450
2021-08-01,Buenos Aires y CABA,comercio,1420631.8950
2021-08-01,Buenos Aires y CABA,hogares,3185142.9720
2021-08-01,Buenos Aires y CABA,industria,1523232.9620
2021-08-01,Catamarca,comercio,24827.0390
2021-08-01,Catamarca,hogares,46706.6300
2021-08-01,Catamarca,industria,26081.2180
2021-08-01,Chaco,comercio,45610.5860
2021-08-01,Chaco,hogares,142009.4900
2021-08-01,Chaco,industria,17410.2600
2021-08-01,Chubut,comercio,50709.7050
2021-08-01,Chubut,hogares,60274.8030
2021-08-01,Chubut,industria,316575.1410
2021-08-01,Corrientes,comercio,60876.8990
2021-08-01,Corrientes,hogares,124199.4610
2021-08-01,Corrientes,industria,28281.4500
2021-08-01,Córdoba,comercio,289138.7020
2021-08-01,Córdoba,hogares,371253.7790
2021-08-01,Córdoba,industria,198088.9610
2021-08-01,Entre Ríos,comercio,97724.3870
2021-08-01,Entre Ríos,hogares,122487.5950
2021-08-01,Entre Ríos,industria,75828.6830
2021-08-01,Formosa,comercio,24942.3290
2021-08-01,Formosa,hogares,59909.1830
2021-08-01,Formosa,industria,4588.9590
2021-08-01,Jujuy,comercio,27338.9040
2021-08-01,Jujuy,hogares,44295.9890
2021-08-01,Jujuy,industria,15806.9530
2021-08-01,La Pampa,comercio,31723.2670
2021-08-01,La Pampa,hogares,30951.4960
2021-08-01,La Pampa,industria,10012.6260
2021-08-01,La Rioja,comercio,49231.3600
2021-08-01,La Rioja,hogares,54229.7000
2021-08-01,La Rioja,industria,17881.6810
2021-08-01,Mendoza,comercio,165459.4340
2021-08-01,Mendoza,hogares,183190.7610
2021-08-01,Mendoza,industria,142413.3920
2021-08-01,Misiones,comercio,64110.3940
2021-08-01,Misiones,hogares,125750.9420
2021-08-01,Misiones,industria,18150.6160
2021-08-01,Neuquén,comercio,52122.9020
2021-08-01,Neuquén,hogares,68180.3440
2021-08-01,Neuquén,industria,59524.0460
2021-08-01,Río Negro,comercio,66765.7660
2021-08-01,Río Negro,hogares,72427.5240
2021-08-01,Río Negro,industria,32550.4250
2021-08-01,Salta,comercio,66702.4070
2021-08-01,Salta,hogares,88377.7430
2021-08-01,Salta,industria,15892.9040
2021-08-01,San Juan,comercio,52196.6160
2021-08-01,San Juan,hogares,95305.1600
2021-08-01,San Juan,industria,28087.8030
2021-08-01,San Luis,comercio,35367.6110
2021-08-01,San Luis,hogares,52645.1340
2021-08-01,San Luis,industria,55324.8230
2021-08-01,Santa Cruz,comercio,30667.2500
2021-08-01,Santa Cruz,hogares,28557.8140
2021-08-01,Santa Cruz,industria,44271.4960
2021-08-01,Santa Fe,comercio,277399.5560
2021-08-01,Santa Fe,hogares,389289.8820
2021-08-01,Santa Fe,industria,387672.8250
2021-08-01,Santiago del Estero,comercio,33119.4200
2021-08-01,Santiago del Estero,hogares,72316.3180
2021-08-01,Santiago del Estero,industria,12163.8310
2021-08-01,Tucumán,comercio,70276.7200
2021-08-01,Tucumán,hogares,117349.2480
2021-08-01,Tucumán,industria,58651.6060
2021-09-01,Buenos Aires y CABA,comercio,1325162.3540
2021-09-01,Buenos Aires y CABA,hogares,2455538.1140
2021-09-01,Buenos Aires y CABA,industria,1515183.5060
2021-09-01,Catamarca,comercio,25290.0150
2021-09-01,Catamarca,hogares,37750.8370
2021-09-01,Catamarca,industria,31749.3300
2021-09-01,Chaco,comercio,49829.3380
2021-09-01,Chaco,hogares,138867.9890
2021-09-01,Chaco,industria,14908.0170
2021-09-01,Chubut,comercio,46134.6750
2021-09-01,Chubut,hogares,52328.6140
2021-09-01,Chubut,industria,296412.2530
2021-09-01,Corrientes,comercio,61757.1630
2021-09-01,Corrientes,hogares,111695.1120
2021-09-01,Corrientes,industria,28066.8730
2021-09-01,Córdoba,comercio,271382.8340
2021-09-01,Córdoba,hogares,293074.8630
2021-09-01,Córdoba,industria,191392.6890
2021-09-01,Entre Ríos,comercio,93833.0330
2021-09-01,Entre Ríos,hogares,102151.3960
2021-09-01,Entre Ríos,industria,74855.2590
2021-09-01,Formosa,comercio,25139.3540
2021-09-01,Formosa,hogares,69474.0500
2021-09-01,Formosa,industria,4920.0030
2021-09-01,Jujuy,comercio,27271.1630
2021-09-01,Jujuy,hogares,40594.1340
2021-09-01,Jujuy,industria,16106.8020
2021-09-01,La Pampa,comercio,29146.3830
2021-09-01,La Pampa,hogares,28495.6350
2021-09-01,La Pampa,industria,9819.7150
2021-09-01,La Rioja,comercio,53986.3890
2021-09-01,La Rioja,hogares,42059.9800
2021-09-01,La Rioja,industria,18325.1720
2021-09-01,Mendoza,comercio,172417.2980
2021-09-01,Mendoza,hogares,142121.6330
2021-09-01,Mendoza,industria,141566.8480
2021-09-01,Misiones,comercio,66544.4610
2021-09-01,Misiones,hogares,117340.9990
2021-09-01,Misiones,industria,17980.8810
2021-09-01,Neuquén,comercio,44914.4470
2021-09-01,Neuquén,hogares,58890.8760
2021-09-01,Neuquén,industria,55104.0830
2021-09-01,Río Negro,comercio,59366.0380
2021-09-01,Río Negro,hogares,64569.0560
2021-09-01,Río Negro,industria,29131.5410
2021-09-01,Salta,comercio,70921.8900
2021-09-01,Salta,hogares,77639.5370
2021-09-01,Salta,industria,14057.2730
2021-09-01,San Juan,comercio,52383.3660
2021-09-01,San Juan,hogares,70820.7830
2021-09-01,San Juan,industria,28260.4170
2021-09-01,San Luis,comercio,32283.0060
2021-09-01,San Luis,hogares,44558.8400
2021-09-01,San Luis,industria,59284.9570
2021-09-01,Santa Cruz,comercio,29362.3830
2021-09-01,Santa Cruz,hogares,24689.8510
2021-09-01,Santa Cruz,industria,44434.8360
2021-09-01,Santa Fe,comercio,246222.6480
2021-09-01,Santa Fe,hogares,314090.1370
2021-09-01,Santa Fe,industria,373164.6260
2021-09-01,Santiago del Estero,comercio,34147.4770
2021-09-01,Santiago del Estero,hogares,68477.8170
2021-09-01,Santiago del Estero,industria,9839.2410
2021-09-01,Tucumán,comercio,68742.3760
2021-09-01,Tucumán,hogares,104788.9640
2021-09-01,Tucumán,industria,53972.4300
2021-10-01,Buenos Aires y CABA,comercio,1330084.2700
2021-10-01,Buenos Aires y CABA,hogares,2291365.6420
2021-10-01,Buenos Aires y CABA,industria,1522673.9010
2021-10-01,Catamarca,comercio,27428.4500
2021-10-01,Catamarca,hogares,49237.7910
2021-10-01,Catamarca,industria,31598.5550
2021-10-01,Chaco,comercio,53806.5850
2021-10-01,Chaco,hogares,155742.9920
2021-10-01,Chaco,industria,13341.5780
2021-10-01,Chubut,comercio,44763.3250
2021-10-01,Chubut,hogares,49380.6230
2021-10-01,Chubut,industria,208895.7000
2021-10-01,Corrientes,comercio,59469.6030
2021-10-01,Corrientes,hogares,128144.9090
2021-10-01,Corrientes,industria,31853.8190
2021-10-01,Córdoba,comercio,287336.9860
2021-10-01,Córdoba,hogares,309876.3120
2021-10-01,Córdoba,industria,193289.1840
2021-10-01,Entre Ríos,comercio,100018.2690
2021-10-01,Entre Ríos,hogares,113613.8510
2021-10-01,Entre Ríos,industria,76321.5610
2021-10-01,Formosa,comercio,26794.3790
2021-10-01,Formosa,hogares,73090.0450
2021-10-01,Formosa,industria,5229.2770
2021-10-01,Jujuy,comercio,27647.7860
2021-10-01,Jujuy,hogares,47237.8810
2021-10-01,Jujuy,industria,16473.0520
2021-10-01,La Pampa,comercio,30005.5100
2021-10-01,La Pampa,hogares,30515.6840
2021-10-01,La Pampa,industria,9436.0050
2021-10-01,La Rioja,comercio,59037.0030
2021-10-01,La Rioja,hogares,50970.9900
2021-10-01,La Rioja,industria,18794.9450
2021-10-01,Mendoza,comercio,196396.1600
2021-10-01,Mendoza,hogares,146444.5060
2021-10-01,Mendoza,industria,141951.6890
2021-10-01,Misiones,comercio,67161.6570
2021-10-01,Misiones,hogares,122989.7800
2021-10-01,Misiones,industria,19358.1780
2021-10-01,Neuquén,comercio,45313.0680
2021-10-01,Neuquén,hogares,56641.0790
2021-10-01,Neuquén,industria,54551.7370
2021-10-01,Río Negro,comercio,60770.1530
2021-10-01,Río Negro,hogares,62428.9910
2021-10-01,Río Negro,industria,31158.3640
2021-10-01,Salta,comercio,78839.1790
2021-10-01,Salta,hogares,84212.8040
2021-10-01,Salta,industria,14455.2110
2021-10-01,San Juan,comercio,61316.8610
2021-10-01,San Juan,hogares,77135.5230
2021-10-01,San Juan,industria,30786.6610
2021-10-01,San Luis,comercio,33562.8220
2021-10-01,San Luis,hogares,47040.4270
2021-10-01,San Luis,industria,59547.9340
2021-10-01,Santa Cruz,comercio,28042.7810
2021-10-01,Santa Cruz,hogares,25084.6800
2021-10-01,Santa Cruz,industria,46375.4750
2021-10-01,Santa Fe,comercio,257170.0790
2021-10-01,Santa Fe,hogares,335490.4180
2021-10-01,Santa Fe,industria,385251.4890
2021-10-01,Santiago del Estero,comercio,40203.0010
2021-10-01,Santiago del Estero,hogares,92152.1510
2021-10-01,Santiago del Estero,industria,10373.0050
2021-10-01,Tucumán,comercio,79012.5100
2021-10-01,Tucumán,hogares,132353.1720
2021-10-01,Tucumán,industria,54276.1670
2021-11-01,Buenos Aires y CABA,comercio,1338875.2010
2021-11-01,Buenos Aires y CABA,hogares,2101575.1380
2021-11-01,Buenos Aires y CABA,industria,1601947.8580
2021-11-01,Catamarca,comercio,29468.8970
2021-11-01,Catamarca,hogares,50767.7530
2021-11-01,Catamarca,industria,31491.6080
2021-11-01,Chaco,comercio,57714.9430
2021-11-01,Chaco,hogares,191810.8760
2021-11-01,Chaco,industria,13236.2020
2021-11-01,Chubut,comercio,43312.1660
2021-11-01,Chubut,hogares,45616.3000
2021-11-01,Chubut,industria,203654.8010
2021-11-01,Corrientes,comercio,76976.9110
2021-11-01,Corrientes,hogares,148085.1210
2021-11-01,Corrientes,industria,39532.4430
2021-11-01,Córdoba,comercio,293459.4580
2021-11-01,Córdoba,hogares,313125.4580
2021-11-01,Córdoba,industria,201631.7220
2021-11-01,Entre Ríos,comercio,112518.2350
2021-11-01,Entre Ríos,hogares,126388.8220
2021-11-01,Entre Ríos,industria,78238.4730
2021-11-01,Formosa,comercio,24712.5660
2021-11-01,Formosa,hogares,95568.9160
2021-11-01,Formosa,industria,5296.4570
2021-11-01,Jujuy,comercio,33675.2240
2021-11-01,Jujuy,hogares,40002.9540
2021-11-01,Jujuy,industria,17771.4280
2021-11-01,La Pampa,comercio,29339.0310
2021-11-01,La Pampa,hogares,30477.7350
2021-11-01,La Pampa,industria,9188.9440
2021-11-01,La Rioja,comercio,61826.0750
2021-11-01,La Rioja,hogares,56522.9960
2021-11-01,La Rioja,industria,19124.4580
2021-11-01,Mendoza,comercio,187128.0940
2021-11-01,Mendoza,hogares,146313.8800
2021-11-01,Mendoza,industria,147361.3470
2021-11-01,Misiones,comercio,73920.2410
2021-11-01,Misiones,hogares,137899.0460
2021-11-01,Misiones,industria,20167.1140
2021-11-01,Neuquén,comercio,45924.5910
2021-11-01,Neuquén,hogares,55469.5770
2021-11-01,Neuquén,industria,57180.9690
2021-11-01,Río Negro,comercio,58799.5440
2021-11-01,Río Negro,hogares,60289.1870
2021-11-01,Río Negro,industria,29010.6080
2021-11-01,Salta,comercio,77542.3920
2021-11-01,Salta,hogares,86424.0370
2021-11-01,Salta,industria,12863.9920
2021-11-01,San Juan,comercio,65335.1400
2021-11-01,San Juan,hogares,92522.5430
2021-11-01,San Juan,industria,33334.1670
2021-11-01,San Luis,comercio,33381.7240
2021-11-01,San Luis,hogares,44034.3430
2021-11-01,San Luis,industria,60426.1810
2021-11-01,Santa Cruz,comercio,26894.8430
2021-11-01,Santa Cruz,hogares,22101.6460
2021-11-01,Santa Cruz,industria,43856.7580
2021-11-01,Santa Fe,comercio,266121.6960
2021-11-01,Santa Fe,hogares,368016.6790
2021-11-01,Santa Fe,industria,386237.4060
2021-11-01,Santiago del Estero,comercio,36905.8490
2021-11-01,Santiago del Estero,hogares,98505.6590
2021-11-01,Santiago del Estero,industria,9837.7970
2021-11-01,Tucumán,comercio,71749.1020
2021-11-01,Tucumán,hogares,138812.6110
2021-11-01,Tucumán,industria,52129.7860
2021-12-01,Buenos Aires y CABA,comercio,1523917.7050
2021-12-01,Buenos Aires y CABA,hogares,2746768.0800
2021-12-01,Buenos Aires y CABA,industria,1609185.1690
2021-12-01,Catamarca,comercio,31856.9640
2021-12-01,Catamarca,hogares,65671.4760
2021-12-01,Catamarca,industria,29517.9520
2021-12-01,Chaco,comercio,74356.3500
2021-12-01,Chaco,hogares,256986.2890
2021-12-01,Chaco,industria,12629.5000
2021-12-01,Chubut,comercio,44397.8820
2021-12-01,Chubut,hogares,48845.1510
2021-12-01,Chubut,industria,217095.0140
2021-12-01,Corrientes,comercio,92472.3950
2021-12-01,Corrientes,hogares,193578.9640
2021-12-01,Corrientes,industria,40210.2070
2021-12-01,Córdoba,comercio,345584.6970
2021-12-01,Córdoba,hogares,414204.9000
2021-12-01,Córdoba,industria,196796.6560
2021-12-01,Entre Ríos,comercio,143130.2190
2021-12-01,Entre Ríos,hogares,183401.5290
2021-12-01,Entre Ríos,industria,80903.7210
2021-12-01,Formosa,comercio,26140.0920
2021-12-01,Formosa,hogares,130977.1890
2021-12-01,Formosa,industria,6362.6620
2021-12-01,Jujuy,comercio,39641.8750
2021-12-01,Jujuy,hogares,49027.8690
2021-12-01,Jujuy,industria,12695.3890
2021-12-01,La Pampa,comercio,35702.0540
2021-12-01,La Pampa,hogares,40411.2320
2021-12-01,La Pampa,industria,10023.3070
2021-12-01,La Rioja,comercio,65285.2540
2021-12-01,La Rioja,hogares,70940.1580
2021-12-01,La Rioja,industria,16054.5730
2021-12-01,Mendoza,comercio,188489.5420
2021-12-01,Mendoza,hogares,182200.1320
2021-12-01,Mendoza,industria,152458.1640
2021-12-01,Misiones,comercio,79630.5540
2021-12-01,Misiones,hogares,178198.1330
2021-12-01,Misiones,industria,19107.3010
2021-12-01,Neuquén,comercio,55628.5310
2021-12-01,Neuquén,hogares,61779.8090
2021-12-01,Neuquén,industria,59156.8860
2021-12-01,Río Negro,comercio,69691.4630
2021-12-01,Río Negro,hogares,66702.6050
2021-12-01,Río Negro,industria,32614.4900
2021-12-01,Salta,comercio,87565.8260
2021-12-01,Salta,hogares,101916.9630
2021-12-01,Salta,industria,14247.6480
2021-12-01,San Juan,comercio,71543.8990
2021-12-01,San Juan,hogares,129232.2170
2021-12-01,San Juan,industria,32348.4200
2021-12-01,San Luis,comercio,36122.2160
2021-12-01,San Luis,hogares,55601.3700
2021-12-01,San Luis,industria,56713.7530
2021-12-01,Santa Cruz,comercio,26644.5160
2021-12-01,Santa Cruz,hogares,22087.3380
2021-12-01,Santa Cruz,industria,43599.6850
2021-12-01,Santa Fe,comercio,332814.8850
2021-12-01,Santa Fe,hogares,536185.7360
2021-12-01,Santa Fe,industria,376700.1580
2021-12-01,Santiago del Estero,comercio,50740.7190
2021-12-01,Santiago del Estero,hogares,156256.5050
2021-12-01,Santiago del Estero,industria,9940.7370
2021-12-01,Tucumán,comercio,83293.4140
2021-12-01,Tucumán,hogares,183834.3820
2021-12-01,Tucumán,industria,49306.2260
2022-01-01,Buenos Aires y CABA,comercio,1557566.5440
2022-01-01,Buenos Aires y CABA,hogares,2969948.1820
2022-01-01,Buenos Aires y CABA,industria,1578189.5020
2022-01-01,Catamarca,comercio,34365.4770
2022-01-01,Catamarca,hogares,68627.0160
2022-01-01,Catamarca,industria,31125.0400
2022-01-01,Chaco,comercio,77782.1210
2022-01-01,Chaco,hogares,305388.6970
2022-01-01,Chaco,industria,14186.3330
2022-01-01,Chubut,comercio,42221.1990
2022-01-01,Chubut,hogares,48927.8030
2022-01-01,Chubut,industria,175793.0090
2022-01-01,Corrientes,comercio,106601.5400
2022-01-01,Corrientes,hogares,232710.2120
2022-01-01,Corrientes,industria,43463.8910
2022-01-01,Córdoba,comercio,351773.3210
2022-01-01,Córdoba,hogares,464015.4290
2022-01-01,Córdoba,industria,190866.3420
2022-01-01,Entre Ríos,comercio,141914.6930
2022-01-01,Entre Ríos,hogares,200151.9720
2022-01-01,Entre Ríos,industria,78271.2290
2022-01-01,Formosa,comercio,26057.0760
2022-01-01,Formosa,hogares,155448.8800
2022-01-01,Formosa,industria,6653.0890
2022-01-01,Jujuy,comercio,38625.8230
2022-01-01,Jujuy,hogares,53643.8870
2022-01-01,Jujuy,industria,15652.2480
2022-01-01,La Pampa,comercio,36980.6650
2022-01-01,La Pampa,hogares,46163.3460
2022-01-01,La Pampa,industria,10117.5700
2022-01-01,La Rioja,comercio,66295.1650
2022-01-01,La Rioja,hogares,81169.6920
2022-01-01,La Rioja,industria,15103.0940
2022-01-01,Mendoza,comercio,216490.3700
2022-01-01,Mendoza,hogares,210507.9690
2022-01-01,Mendoza,industria,160375.7610
2022-01-01,Misiones,comercio,81870.2760
2022-01-01,Misiones,hogares,200175.6340
2022-01-01,Misiones,industria,18755.4750
2022-01-01,Neuquén,comercio,53902.4600
2022-01-01,Neuquén,hogares,69134.4680
2022-01-01,Neuquén,industria,64273.6560
2022-01-01,Río Negro,comercio,76922.6890
2022-01-01,Río Negro,hogares,69375.6810
2022-01-01,Río Negro,industria,37203.6270
2022-01-01,Salta,comercio,87822.7940
2022-01-01,Salta,hogares,116096.2500
2022-01-01,Salta,industria,14202.1810
2022-01-01,San Juan,comercio,74009.8140
2022-01-01,San Juan,hogares,150701.0090
2022-01-01,San Juan,industria,33500.0230
2022-01-01,San Luis,comercio,40300.8810
2022-01-01,San Luis,hogares,64819.4410
2022-01-01,San Luis,industria,63619.4110
2022-01-01,Santa Cruz,comercio,26744.7300
2022-01-01,Santa Cruz,hogares,19813.1030
2022-01-01,Santa Cruz,industria,38692.9660
2022-01-01,Santa Fe,comercio,338968.6760
2022-01-01,Santa Fe,hogares,567646.9870
2022-01-01,Santa Fe,industria,333705.1000
2022-01-01,Santiago del Estero,comercio,54844.1180
2022-01-01,Santiago del Estero,hogares,163805.3700
2022-01-01,Santiago del Estero,industria,10071.4030
2022-01-01,Tucumán,comercio,90204.1020
2022-01-01,Tucumán,hogares,205165.1800
2022-01-01,Tucumán,industria,46354.0660
2022-02-01,Buenos Aires y CABA,comercio,1367985.7280
2022-02-01,Buenos Aires y CABA,hogares,2024282.8710
2022-02-01,Buenos Aires y CABA,industria,1496867.7150
2022-02-01,Catamarca,comercio,28215.6820
2022-02-01,Catamarca,hogares,51686.9800
2022-02-01,Catamarca,industria,29102.0210
2022-02-01,Chaco,comercio,65896.0290
2022-02-01,Chaco,hogares,239290.4050
2022-02-01,Chaco,industria,14101.9810
2022-02-01,Chubut,comercio,39712.2310
2022-02-01,Chubut,hogares,41656.7790
2022-02-01,Chubut,industria,194843.0160
2022-02-01,Corrientes,comercio,90473.8360
2022-02-01,Corrientes,hogares,188850.7380
2022-02-01,Corrientes,industria,35311.6750
2022-02-01,Córdoba,comercio,282306.2920
2022-02-01,Córdoba,hogares,329968.3480
2022-02-01,Córdoba,industria,174827.9710
2022-02-01,Entre Ríos,comercio,116095.4640
2022-02-01,Entre Ríos,hogares,144218.3800
2022-02-01,Entre Ríos,industria,73786.7600
2022-02-01,Formosa,comercio,25846.2420
2022-02-01,Formosa,hogares,118767.1580
2022-02-01,Formosa,industria,5806.7590
2022-02-01,Jujuy,comercio,33051.1990
2022-02-01,Jujuy,hogares,42200.2340
2022-02-01,Jujuy,industria,14145.3820
2022-02-01,La Pampa,comercio,28480.7130
2022-02-01,La Pampa,hogares,31651.3240
2022-02-01,La Pampa,industria,10353.6190
2022-02-01,La Rioja,comercio,55873.9260
2022-02-01,La Rioja,hogares,51174.2010
2022-02-01,La Rioja,industria,18557.3140
2022-02-01,Mendoza,comercio,173965.7280
2022-02-01,Mendoza,hogares,148445.3410
2022-02-01,Mendoza,industria,145044.5070
2022-02-01,Misiones,comercio,73067.7410
2022-02-01,Misiones,hogares,164347.9840
2022-02-01,Misiones,industria,18069.6940
2022-02-01,Neuquén,comercio,45707.9970
2022-02-01,Neuquén,hogares,59745.2780
2022-02-01,Neuquén,industria,60138.0620
2022-02-01,Río Negro,comercio,66762.8700
2022-02-01,Río Negro,hogares,62262.7200
2022-02-01,Río Negro,industria,47353.6470
2022-02-01,Salta,comercio,77945.1280
2022-02-01,Salta,hogares,87424.9210
2022-02-01,Salta,industria,12880.5820
2022-02-01,San Juan,comercio,62738.3210
2022-02-01,San Juan,hogares,101828.8650
2022-02-01,San Juan,industria,34949.6340
2022-02-01,San Luis,comercio,34075.5470
2022-02-01,San Luis,hogares,44629.5300
2022-02-01,San Luis,industria,58919.9170
2022-02-01,Santa Cruz,comercio,22447.6330
2022-02-01,Santa Cruz,hogares,21727.3560
2022-02-01,Santa Cruz,industria,41154.5350
2022-02-01,Santa Fe,comercio,274285.6230
2022-02-01,Santa Fe,hogares,397034.0930
2022-02-01,Santa Fe,industria,334867.9050
2022-02-01,Santiago del Estero,comercio,39005.7140
2022-02-01,Santiago del Estero,hogares,117645.6890
2022-02-01,Santiago del Estero,industria,9922.8350
2022-02-01,Tucumán,comercio,72523.5230
2022-02-01,Tucumán,hogares,143165.0720
2022-02-01,Tucumán,industria,47251.2760
2022-03-01,Buenos Aires y CABA,comercio,1467402.1500
2022-03-01,Buenos Aires y CABA,hogares,2123138.1810
2022-03-01,Buenos Aires y CABA,industria,1598779.3760
2022-03-01,Catamarca,comercio,28280.3870
2022-03-01,Catamarca,hogares,47446.5210
2022-03-01,Catamarca,industria,30196.2660
2022-03-01,Chaco,comercio,62182.7640
2022-03-01,Chaco,hogares,189471.5520
2022-03-01,Chaco,industria,16577.0450
2022-03-01,Chubut,comercio,44487.4770
2022-03-01,Chubut,hogares,47744.6460
2022-03-01,Chubut,industria,263840.9170
2022-03-01,Corrientes,comercio,80956.1160
2022-03-01,Corrientes,hogares,142297.1350
2022-03-01,Corrientes,industria,35078.7710
2022-03-01,Córdoba,comercio,297691.7510
2022-03-01,Córdoba,hogares,319089.8610
2022-03-01,Córdoba,industria,205644.9870
2022-03-01,Entre Ríos,comercio,105268.6010
2022-03-01,Entre Ríos,hogares,118622.3190
2022-03-01,Entre Ríos,industria,78345.5620
2022-03-01,Formosa,comercio,25501.0830
2022-03-01,Formosa,hogares,104747.2540
2022-03-01,Formosa,industria,5922.8120
2022-03-01,Jujuy,comercio,29186.4870
2022-03-01,Jujuy,hogares,43764.5690
2022-03-01,Jujuy,industria,16329.1660
2022-03-01,La Pampa,comercio,30643.3700
2022-03-01,La Pampa,hogares,31459.7200
2022-03-01,La Pampa,industria,9779.8610
2022-03-01,La Rioja,comercio,57033.3990
2022-03-01,La Rioja,hogares,51358.6920
2022-03-01,La Rioja,industria,20121.2880
2022-03-01,Mendoza,comercio,194580.0320
2022-03-01,Mendoza,hogares,149950.8810
2022-03-01,Mendoza,industria,163047.7350
2022-03-01,Misiones,comercio,76238.1210
2022-03-01,Misiones,hogares,155313.0320
2022-03-01,Misiones,industria,18084.7190
2022-03-01,Neuquén,comercio,46625.0810
2022-03-01,Neuquén,hogares,59300.9100
2022-03-01,Neuquén,industria,63145.2200
2022-03-01,Río Negro,comercio,68709.4220
2022-03-01,Río Negro,hogares,63429.7080
2022-03-01,Río Negro,industria,50179.7580
2022-03-01,Salta,comercio,78526.4430
2022-03-01,Salta,hogares,91057.7560
2022-03-01,Salta,industria,14959.3720
2022-03-01,San Juan,comercio,66059.8030
2022-03-01,San Juan,hogares,97796.1950
2022-03-01,San Juan,industria,36205.1870
2022-03-01,San Luis,comercio,35843.1240
2022-03-01,San Luis,hogares,44506.2770
2022-03-01,San Luis,industria,62379.1000
2022-03-01,Santa Cruz,comercio,26985.3050
2022-03-01,Santa Cruz,hogares,25491.6950
2022-03-01,Santa Cruz,industria,45891.1120
2022-03-01,Santa Fe,comercio,272122.7080
2022-03-01,Santa Fe,hogares,355788.2490
2022-03-01,Santa Fe,industria,395296.8230
2022-03-01,Santiago del Estero,comercio,41581.8930
2022-03-01,Santiago del Estero,hogares,92317.0050
2022-03-01,Santiago del Estero,industria,10003.9030
2022-03-01,Tucumán,comercio,74066.8120
2022-03-01,Tucumán,hogares,126377.2170
2022-03-01,Tucumán,industria,50104.5080
2022-04-01,Buenos Aires y CABA,comercio,1390946.9120
2022-04-01,Buenos Aires y CABA,hogares,2018830.0710
2022-04-01,Buenos Aires y CABA,industria,1573952.8200
2022-04-01,Catamarca,comercio,24576.1020
2022-04-01,Catamarca,hogares,39593.5220
2022-04-01,Catamarca,industria,29341.3200
2022-04-01,Chaco,comercio,51027.6900
2022-04-01,Chaco,hogares,133776.1980
2022-04-01,Chaco,industria,16711.3660
2022-04-01,Chubut,comercio,48455.3930
2022-04-01,Chubut,hogares,48934.8070
2022-04-01,Chubut,industria,310110.0390
2022-04-01,Corrientes,comercio,59689.6410
2022-04-01,Corrientes,hogares,111557.9860
2022-04-01,Corrientes,industria,29704.4120
2022-04-01,Córdoba,comercio,281041.6720
2022-04-01,Córdoba,hogares,285687.7060
2022-04-01,Córdoba,industria,195374.3350
2022-04-01,Entre Ríos,comercio,97783.2230
2022-04-01,Entre Ríos,hogares,103058.6880
2022-04-01,Entre Ríos,industria,74147.3700
2022-04-01,Formosa,comercio,24089.7940
2022-04-01,Formosa,hogares,68850.5160
2022-04-01,Formosa,industria,4862.3540
2022-04-01,Jujuy,comercio,28142.8470
2022-04-01,Jujuy,hogares,38240.4300
2022-04-01,Jujuy,industria,13145.0440
2022-04-01,La Pampa,comercio,29945.9750
2022-04-01,La Pampa,hogares,26496.4320
2022-04-01,La Pampa,industria,9647.1120
2022-04-01,La Rioja,comercio,47690.7790
2022-04-01,La Rioja,hogares,40564.9170
2022-04-01,La Rioja,industria,18173.0750
2022-04-01,Mendoza,comercio,167987.9700
2022-04-01,Mendoza,hogares,139631.3280
2022-04-01,Mendoza,industria,151240.8400
2022-04-01,Misiones,comercio,71615.4440
2022-04-01,Misiones,hogares,117330.5420
2022-04-01,Misiones,industria,21738.8970
2022-04-01,Neuquén,comercio,46837.0170
2022-04-01,Neuquén,hogares,58801.4430
2022-04-01,Neuquén,industria,65731.3610
2022-04-01,Río Negro,comercio,65873.6720
2022-04-01,Río Negro,hogares,63329.8350
2022-04-01,Río Negro,industria,41369.9780
2022-04-01,Salta,comercio,71995.3800
2022-04-01,Salta,hogares,77290.5930
2022-04-01,Salta,industria,14485.3640
2022-04-01,San Juan,comercio,53542.9040
2022-04-01,San Juan,hogares,68573.2420
2022-04-01,San Juan,industria,30436.7930
2022-04-01,San Luis,comercio,31999.9730
2022-04-01,San Luis,hogares,45967.6130
2022-04-01,San Luis,industria,53752.8140
2022-04-01,Santa Cruz,comercio,27289.6300
2022-04-01,Santa Cruz,hogares,27562.6460
2022-04-01,Santa Cruz,industria,46662.9690
2022-04-01,Santa Fe,comercio,249467.5050
2022-04-01,Santa Fe,hogares,306522.9520
2022-04-01,Santa Fe,industria,416276.0570
2022-04-01,Santiago del Estero,comercio,34074.4650
2022-04-01,Santiago del Estero,hogares,71007.7470
2022-04-01,Santiago del Estero,industria,9543.8330
2022-04-01,Tucumán,comercio,65833.5690
2022-04-01,Tucumán,hogares,106972.1030
2022-04-01,Tucumán,industria,51471.0390
2022-05-01,Buenos Aires y CABA,comercio,1488170.4400
2022-05-01,Buenos Aires y CABA,hogares,3019245.5370
2022-05-01,Buenos Aires y CABA,industria,1625872.3560
2022-05-01,Catamarca,comercio,24618.3420
2022-05-01,Catamarca,hogares,48934.3860
2022-05-01,Catamarca,industria,31187.4520
2022-05-01,Chaco,comercio,48415.5160
2022-05-01,Chaco,hogares,130234.4680
2022-05-01,Chaco,industria,18265.7670
2022-05-01,Chubut,comercio,57441.9340
2022-05-01,Chubut,hogares,53552.4420
2022-05-01,Chubut,industria,288117.4750
2022-05-01,Corrientes,comercio,54104.8470
2022-05-01,Corrientes,hogares,118626.3000
2022-05-01,Corrientes,industria,29502.7310
2022-05-01,Córdoba,comercio,318431.1660
2022-05-01,Córdoba,hogares,365971.9890
2022-05-01,Córdoba,industria,197767.2670
2022-05-01,Entre Ríos,comercio,106456.2160
2022-05-01,Entre Ríos,hogares,118953.7270
2022-05-01,Entre Ríos,industria,73389.5580
2022-05-01,Formosa,comercio,24022.2630
2022-05-01,Formosa,hogares,53748.4100
2022-05-01,Formosa,industria,4412.1390
2022-05-01,Jujuy,comercio,27874.9810
2022-05-01,Jujuy,hogares,45022.5940
2022-05-01,Jujuy,industria,14031.1290
2022-05-01,La Pampa,comercio,33120.9570
2022-05-01,La Pampa,hogares,30435.0190
2022-05-01,La Pampa,industria,9588.8790
2022-05-01,La Rioja,comercio,41778.1670
2022-05-01,La Rioja,hogares,53790.9140
2022-05-01,La Rioja,industria,17840.5290
2022-05-01,Mendoza,comercio,159886.6640
2022-05-01,Mendoza,hogares,182902.0620
2022-05-01,Mendoza,industria,149149.9840
2022-05-01,Misiones,comercio,72266.5560
2022-05-01,Misiones,hogares,123972.8290
2022-05-01,Misiones,industria,22401.6630
2022-05-01,Neuquén,comercio,51829.5070
2022-05-01,Neuquén,hogares,69081.4280
2022-05-01,Neuquén,industria,63705.7780
2022-05-01,Río Negro,comercio,69981.6190
2022-05-01,Río Negro,hogares,73134.3260
2022-05-01,Río Negro,industria,39213.3330
2022-05-01,Salta,comercio,76617.1700
2022-05-01,Salta,hogares,82366.5290
2022-05-01,Salta,industria,15541.8980
2022-05-01,San Juan,comercio,52162.1550
2022-05-01,San Juan,hogares,94837.6960
2022-05-01,San Juan,industria,29960.7580
2022-05-01,San Luis,comercio,34587.1740
2022-05-01,San Luis,hogares,62229.7120
2022-05-01,San Luis,industria,51588.5650
2022-05-01,Santa Cruz,comercio,31639.3720
2022-05-01,Santa Cruz,hogares,29157.2920
2022-05-01,Santa Cruz,industria,44028.7950
2022-05-01,Santa Fe,comercio,283011.5660
2022-05-01,Santa Fe,hogares,395642.6620
2022-05-01,Santa Fe,industria,424523.7680
2022-05-01,Santiago del Estero,comercio,35166.3210
2022-05-01,Santiago del Estero,hogares,72769.2340
2022-05-01,Santiago del Estero,industria,10625.4020
2022-05-01,Tucumán,comercio,69596.9290
2022-05-01,Tucumán,hogares,121015.8000
2022-05-01,Tucumán,industria,59197.5780
2022-06-01,Buenos Aires y CABA,comercio,1536560.6260
2022-06-01,Buenos Aires y CABA,hogares,3915105.7530
2022-06-01,Buenos Aires y CABA,industria,1543180.8870
2022-06-01,Catamarca,comercio,26608.4300
2022-06-01,Catamarca,hogares,65835.9050
2022-06-01,Catamarca,industria,28825.7230
2022-06-01,Chaco,comercio,51813.5340
2022-06-01,Chaco,hogares,154164.1580
2022-06-01,Chaco,industria,20017.6040
2022-06-01,Chubut,comercio,57853.8010
2022-06-01,Chubut,hogares,59993.9620
2022-06-01,Chubut,industria,259734.9240
2022-06-01,Corrientes,comercio,58203.1620
2022-06-01,Corrientes,hogares,140441.5240
2022-06-01,Corrientes,industria,29698.0320
2022-06-01,Córdoba,comercio,337550.5510
2022-06-01,Córdoba,hogares,442809.1530
2022-06-01,Córdoba,industria,201826.5170
2022-06-01,Entre Ríos,comercio,108944.6680
2022-06-01,Entre Ríos,hogares,151516.7450
2022-06-01,Entre Ríos,industria,74296.7950
2022-06-01,Formosa,comercio,23948.5390
2022-06-01,Formosa,hogares,59596.0240
2022-06-01,Formosa,industria,4013.1750
2022-06-01,Jujuy,comercio,33687.6930
2022-06-01,Jujuy,hogares,48309.0550
2022-06-01,Jujuy,industria,12532.7230
2022-06-01,La Pampa,comercio,33882.2210
2022-06-01,La Pampa,hogares,31604.8860
2022-06-01,La Pampa,industria,10282.4060
2022-06-01,La Rioja,comercio,40097.7010
2022-06-01,La Rioja,hogares,74801.6740
2022-06-01,La Rioja,industria,18035.6400
2022-06-01,Mendoza,comercio,153827.3810
2022-06-01,Mendoza,hogares,225375.9680
2022-06-01,Mendoza,industria,141578.9890
2022-06-01,Misiones,comercio,55858.3100
2022-06-01,Misiones,hogares,108007.2180
2022-06-01,Misiones,industria,22002.5820
2022-06-01,Neuquén,comercio,58867.6230
2022-06-01,Neuquén,hogares,67959.6610
2022-06-01,Neuquén,industria,61900.4120
2022-06-01,Río Negro,comercio,71538.3360
2022-06-01,Río Negro,hogares,75794.4940
2022-06-01,Río Negro,industria,31966.5950
2022-06-01,Salta,comercio,88777.1400
2022-06-01,Salta,hogares,93067.3390
2022-06-01,Salta,industria,14590.3020
2022-06-01,San Juan,comercio,51324.2580
2022-06-01,San Juan,hogares,129475.4130
2022-06-01,San Juan,industria,28693.7170
2022-06-01,San Luis,comercio,36722.2430
2022-06-01,San Luis,hogares,76264.3080
2022-06-01,San Luis,industria,53388.1880
2022-06-01,Santa Cruz,comercio,31501.8240
2022-06-01,Santa Cruz,hogares,31529.3340
2022-06-01,Santa Cruz,industria,43947.5410
2022-06-01,Santa Fe,comercio,322219.9370
2022-06-01,Santa Fe,hogares,494552.4370
2022-06-01,Santa Fe,industria,413768.7660
2022-06-01,Santiago del Estero,comercio,41457.3280
2022-06-01,Santiago del Estero,hogares,90657.4730
2022-06-01,Santiago del Estero,industria,12586.1630
2022-06-01,Tucumán,comercio,78715.8840
2022-06-01,Tucumán,hogares,150305.4680
2022-06-01,Tucumán,industria,59299.3880
2022-07-01,Buenos Aires y CABA,comercio,1556436.9580
2022-07-01,Buenos Aires y CABA,hogares,3634480.7320
2022-07-01,Buenos Aires y CABA,industria,1555903.4540
2022-07-01,Catamarca,comercio,26368.6140
2022-07-01,Catamarca,hogares,60574.5130
2022-07-01,Catamarca,industria,25486.2800
2022-07-01,Chaco,comercio,49112.2770
2022-07-01,Chaco,hogares,138728.1610
2022-07-01,Chaco,industria,20447.3450
2022-07-01,Chubut,comercio,61725.6410
2022-07-01,Chubut,hogares,61546.6920
2022-07-01,Chubut,industria,241543.7300
2022-07-01,Corrientes,comercio,60480.4460
2022-07-01,Corrientes,hogares,116216.3190
2022-07-01,Corrientes,industria,31471.6380
2022-07-01,Córdoba,comercio,327413.2680
2022-07-01,Córdoba,hogares,425854.9130
2022-07-01,Córdoba,industria,200259.1800
2022-07-01,Entre Ríos,comercio,105061.5460
2022-07-01,Entre Ríos,hogares,132989.9580
2022-07-01,Entre Ríos,industria,77536.4180
2022-07-01,Formosa,comercio,24165.7490
2022-07-01,Formosa,hogares,60112.0150
2022-07-01,Formosa,industria,4761.5840
2022-07-01,Jujuy,comercio,26561.1180
2022-07-01,Jujuy,hogares,52333.6320
2022-07-01,Jujuy,industria,15393.0540
2022-07-01,La Pampa,comercio,33954.7420
2022-07-01,La Pampa,hogares,32217.8650
2022-07-01,La Pampa,industria,10433.2290
2022-07-01,La Rioja,comercio,43904.9440
2022-07-01,La Rioja,hogares,66847.1810
2022-07-01,La Rioja,industria,19156.1720
2022-07-01,Mendoza,comercio,157670.6920
2022-07-01,Mendoza,hogares,221707.6290
2022-07-01,Mendoza,industria,145013.6720
2022-07-01,Misiones,comercio,68454.9030
2022-07-01,Misiones,hogares,122477.9980
2022-07-01,Misiones,industria,20381.8010
2022-07-01,Neuquén,comercio,55456.6450
2022-07-01,Neuquén,hogares,77755.8590
2022-07-01,Neuquén,industria,59164.6250
2022-07-01,Río Negro,comercio,73271.3560
2022-07-01,Río Negro,hogares,77595.5230
2022-07-01,Río Negro,industria,31337.5260
2022-07-01,Salta,comercio,69439.9900
2022-07-01,Salta,hogares,99632.0260
2022-07-01,Salta,industria,15061.5740
2022-07-01,San Juan,comercio,50756.0600
2022-07-01,San Juan,hogares,125868.0910
2022-07-01,San Juan,industria,28966.2900
2022-07-01,San Luis,comercio,38854.3940
2022-07-01,San Luis,hogares,71046.5000
2022-07-01,San Luis,industria,56412.5360
2022-07-01,Santa Cruz,comercio,32834.2000
2022-07-01,Santa Cruz,hogares,33956.1150
2022-07-01,Santa Cruz,industria,45086.2800
2022-07-01,Santa Fe,comercio,306252.3190
2022-07-01,Santa Fe,hogares,445281.5540
2022-07-01,Santa Fe,industria,404983.5680
2022-07-01,Santiago del Estero,comercio,37162.8990
2022-07-01,Santiago del Estero,hogares,82532.1880
2022-07-01,Santiago del Estero,industria,13957.7850
2022-07-01,Tucumán,comercio,73567.3020
2022-07-01,Tucumán,hogares,137228.1440
2022-07-01,Tucumán,industria,59863.8920
2022-08-01,Buenos Aires y CABA,comercio,1515600.3820
2022-08-01,Buenos Aires y CABA,hogares,3113318.2410
2022-08-01,Buenos Aires y CABA,industria,1582086.3530
2022-08-01,Catamarca,comercio,25844.0160
2022-08-01,Catamarca,hogares,49286.1660
2022-08-01,Catamarca,industria,33297.6170
2022-08-01,Chaco,comercio,48905.0210
2022-08-01,Chaco,hogares,136876.3370
2022-08-01,Chaco,industria,18883.0100
2022-08-01,Chubut,comercio,53908.5680
2022-08-01,Chubut,hogares,61669.9010
2022-08-01,Chubut,industria,241248.9720
2022-08-01,Corrientes,comercio,60413.0960
2022-08-01,Corrientes,hogares,116876.4340
2022-08-01,Corrientes,industria,32962.4860
2022-08-01,Córdoba,comercio,310822.8350
2022-08-01,Córdoba,hogares,373432.1840
2022-08-01,Córdoba,industria,203794.8620
2022-08-01,Entre Ríos,comercio,102995.6610
2022-08-01,Entre Ríos,hogares,125888.0250
2022-08-01,Entre Ríos,industria,77156.8270
2022-08-01,Formosa,comercio,24188.3270
2022-08-01,Formosa,hogares,60658.3150
2022-08-01,Formosa,industria,4653.2190
2022-08-01,Jujuy,comercio,28574.3100
2022-08-01,Jujuy,hogares,41965.7710
2022-08-01,Jujuy,industria,17935.1900
2022-08-01,La Pampa,comercio,32941.8120
2022-08-01,La Pampa,hogares,29727.9540
2022-08-01,La Pampa,industria,10480.9430
2022-08-01,La Rioja,comercio,50616.9180
2022-08-01,La Rioja,hogares,54998.0630
2022-08-01,La Rioja,industria,20123.2480
2022-08-01,Mendoza,comercio,164249.9180
2022-08-01,Mendoza,hogares,194971.2790
2022-08-01,Mendoza,industria,149819.0430
2022-08-01,Misiones,comercio,67375.3870
2022-08-01,Misiones,hogares,122196.3730
2022-08-01,Misiones,industria,17310.9700
2022-08-01,Neuquén,comercio,55273.8920
2022-08-01,Neuquén,hogares,73012.0940
2022-08-01,Neuquén,industria,54280.9120
2022-08-01,Río Negro,comercio,70014.6300
2022-08-01,Río Negro,hogares,74757.9200
2022-08-01,Río Negro,industria,29449.4740
2022-08-01,Salta,comercio,74286.0390
2022-08-01,Salta,hogares,85435.5540
2022-08-01,Salta,industria,15223.1290
2022-08-01,San Juan,comercio,55431.9470
2022-08-01,San Juan,hogares,99897.6030
2022-08-01,San Juan,industria,31462.8310
2022-08-01,San Luis,comercio,37924.7930
2022-08-01,San Luis,hogares,58263.4090
2022-08-01,San Luis,industria,57485.5390
2022-08-01,Santa Cruz,comercio,30205.0430
2022-08-01,Santa Cruz,hogares,31925.6910
2022-08-01,Santa Cruz,industria,43041.4950
2022-08-01,Santa Fe,comercio,289712.5730
2022-08-01,Santa Fe,hogares,398070.1230
2022-08-01,Santa Fe,industria,370549.0200
2022-08-01,Santiago del Estero,comercio,35141.4530
2022-08-01,Santiago del Estero,hogares,73046.9220
2022-08-01,Santiago del Estero,industria,12688.2930
2022-08-01,Tucumán,comercio,72115.5540
2022-08-01,Tucumán,hogares,116555.4990
2022-08-01,Tucumán,industria,58158.7880
2022-09-01,Buenos Aires y CABA,comercio,1389355.9210
2022-09-01,Buenos Aires y CABA,hogares,2301990.8030
2022-09-01,Buenos Aires y CABA,industria,1528559.2840
2022-09-01,Catamarca,comercio,25317.1880
2022-09-01,Catamarca,hogares,42105.8090
2022-09-01,Catamarca,industria,32303.9820
2022-09-01,Chaco,comercio,46524.3790
2022-09-01,Chaco,hogares,120153.8870
2022-09-01,Chaco,industria,15560.0780
2022-09-01,Chubut,comercio,47464.1310
2022-09-01,Chubut,hogares,52977.3570
2022-09-01,Chubut,industria,274540.1870
2022-09-01,Corrientes,comercio,52720.2870
2022-09-01,Corrientes,hogares,104279.3800
2022-09-01,Corrientes,industria,32464.1230
2022-09-01,Córdoba,comercio,292885.2880
2022-09-01,Córdoba,hogares,314428.5660
2022-09-01,Córdoba,industria,193520.6220
2022-09-01,Entre Ríos,comercio,97415.4680
2022-09-01,Entre Ríos,hogares,102625.2480
2022-09-01,Entre Ríos,industria,75737.8850
2022-09-01,Formosa,comercio,24940.7400
2022-09-01,Formosa,hogares,52255.7150
2022-09-01,Formosa,industria,4623.3630
2022-09-01,Jujuy,comercio,25822.0820
2022-09-01,Jujuy,hogares,41980.2870
2022-09-01,Jujuy,industria,14679.8490
2022-09-01,La Pampa,comercio,30490.6770
2022-09-01,La Pampa,hogares,26964.5840
2022-09-01,La Pampa,industria,10400.5370
2022-09-01,La Rioja,comercio,55061.4820
2022-09-01,La Rioja,hogares,41100.5460
2022-09-01,La Rioja,industria,18531.3180
2022-09-01,Mendoza,comercio,186814.2190
2022-09-01,Mendoza,hogares,150194.0080
2022-09-01,Mendoza,industria,141923.1890
2022-09-01,Misiones,comercio,57855.1100
2022-09-01,Misiones,hogares,93410.9860
2022-09-01,Misiones,industria,15297.2290
2022-09-01,Neuquén,comercio,49347.8850
2022-09-01,Neuquén,hogares,61110.3850
2022-09-01,Neuquén,industria,52538.4680
2022-09-01,Río Negro,comercio,69339.7860
2022-09-01,Río Negro,hogares,59490.0140
2022-09-01,Río Negro,industria,27823.5760
2022-09-01,Salta,comercio,69943.8780
2022-09-01,Salta,hogares,79315.8940
2022-09-01,Salta,industria,13755.1320
2022-09-01,San Juan,comercio,55698.0670
2022-09-01,San Juan,hogares,74977.1400
2022-09-01,San Juan,industria,30822.9090
2022-09-01,San Luis,comercio,34392.9130
2022-09-01,San Luis,hogares,50302.3360
2022-09-01,San Luis,industria,60038.7180
2022-09-01,Santa Cruz,comercio,28762.5870
2022-09-01,Santa Cruz,hogares,27433.5770
2022-09-01,Santa Cruz,industria,43531.8330
2022-09-01,Santa Fe,comercio,253966.4740
2022-09-01,Santa Fe,hogares,322768.4760
2022-09-01,Santa Fe,industria,379304.5560
2022-09-01,Santiago del Estero,comercio,34981.9790
2022-09-01,Santiago del Estero,hogares,63118.6320
2022-09-01,Santiago del Estero,industria,11219.7180
2022-09-01,Tucumán,comercio,67908.5360
2022-09-01,Tucumán,hogares,104516.6370
2022-09-01,Tucumán,industria,49999.9400
2022-10-01,Buenos Aires y CABA,comercio,1372129.7540
2022-10-01,Buenos Aires y CABA,hogares,2123817.5950
2022-10-01,Buenos Aires y CABA,industria,1539545.5230
2022-10-01,Catamarca,comercio,28181.6400
2022-10-01,Catamarca,hogares,43372.1420
2022-10-01,Catamarca,industria,32738.9360
2022-10-01,Chaco,comercio,53219.5410
2022-10-01,Chaco,hogares,149621.0300
2022-10-01,Chaco,industria,12828.7710
2022-10-01,Chubut,comercio,45058.1690
2022-10-01,Chubut,hogares,50163.3200
2022-10-01,Chubut,industria,251686.4280
2022-10-01,Corrientes,comercio,48302.0580
2022-10-01,Corrientes,hogares,126008.0930
2022-10-01,Corrientes,industria,34222.0360
2022-10-01,Córdoba,comercio,287349.6330
2022-10-01,Córdoba,hogares,311328.1420
2022-10-01,Córdoba,industria,202513.8840
2022-10-01,Entre Ríos,comercio,94276.7710
2022-10-01,Entre Ríos,hogares,110615.1140
2022-10-01,Entre Ríos,industria,75210.3410
2022-10-01,Formosa,comercio,24509.9270
2022-10-01,Formosa,hogares,69343.5790
2022-10-01,Formosa,industria,5293.0730
2022-10-01,Jujuy,comercio,30858.1410
2022-10-01,Jujuy,hogares,41787.7390
2022-10-01,Jujuy,industria,20167.8230
2022-10-01,La Pampa,comercio,30764.3420
2022-10-01,La Pampa,hogares,27235.0960
2022-10-01,La Pampa,industria,9237.0760
2022-10-01,La Rioja,comercio,57140.4230
2022-10-01,La Rioja,hogares,46042.6350
2022-10-01,La Rioja,industria,18657.9010
2022-10-01,Mendoza,comercio,184051.4520
2022-10-01,Mendoza,hogares,143778.1190
2022-10-01,Mendoza,industria,147897.0250
2022-10-01,Misiones,comercio,50062.8490
2022-10-01,Misiones,hogares,82780.2350
2022-10-01,Misiones,industria,15444.7940
2022-10-01,Neuquén,comercio,48911.5980
2022-10-01,Neuquén,hogares,58154.0990
2022-10-01,Neuquén,industria,53435.6180
2022-10-01,Río Negro,comercio,68506.2960
2022-10-01,Río Negro,hogares,54280.1320
2022-10-01,Río Negro,industria,27262.0000
2022-10-01,Salta,comercio,74060.2120
2022-10-01,Salta,hogares,90093.4370
2022-10-01,Salta,industria,12884.0480
2022-10-01,San Juan,comercio,57340.9300
2022-10-01,San Juan,hogares,74669.7190
2022-10-01,San Juan,industria,30597.3700
2022-10-01,San Luis,comercio,34259.8410
2022-10-01,San Luis,hogares,44719.3940
2022-10-01,San Luis,industria,61083.0980
2022-10-01,Santa Cruz,comercio,28374.5730
2022-10-01,Santa Cruz,hogares,25898.6050
2022-10-01,Santa Cruz,industria,42931.4960
2022-10-01,Santa Fe,comercio,232957.9900
2022-10-01,Santa Fe,hogares,327375.7940
2022-10-01,Santa Fe,industria,396762.3330
2022-10-01,Santiago del Estero,comercio,39269.8000
2022-10-01,Santiago del Estero,hogares,82215.0950
2022-10-01,Santiago del Estero,industria,10321.4250
2022-10-01,Tucumán,comercio,72162.0390
2022-10-01,Tucumán,hogares,120046.0860
2022-10-01,Tucumán,industria,51412.8140
2022-11-01,Buenos Aires y CABA,comercio,1412181.6090
2022-11-01,Buenos Aires y CABA,hogares,2391023.6780
2022-11-01,Buenos Aires y CABA,industria,1596215.8840
2022-11-01,Catamarca,comercio,33862.0150
2022-11-01,Catamarca,hogares,57280.1910
2022-11-01,Catamarca,industria,32751.1230
2022-11-01,Chaco,comercio,59420.8930
2022-11-01,Chaco,hogares,190060.7930
2022-11-01,Chaco,industria,12065.8190
2022-11-01,Chubut,comercio,43409.8400
2022-11-01,Chubut,hogares,46045.5110
2022-11-01,Chubut,industria,279058.6640
2022-11-01,Corrientes,comercio,56419.4240
2022-11-01,Corrientes,hogares,157633.0950
2022-11-01,Corrientes,industria,38509.5680
2022-11-01,Córdoba,comercio,305481.8310
2022-11-01,Córdoba,hogares,390005.3550
2022-11-01,Córdoba,industria,199516.3850
2022-11-01,Entre Ríos,comercio,107925.4810
2022-11-01,Entre Ríos,hogares,146501.3270
2022-11-01,Entre Ríos,industria,79571.8450
2022-11-01,Formosa,comercio,24590.5480
2022-11-01,Formosa,hogares,85315.9370
2022-11-01,Formosa,industria,5328.2510
2022-11-01,Jujuy,comercio,34112.6060
2022-11-01,Jujuy,hogares,46157.2450
2022-11-01,Jujuy,industria,17255.6860
2022-11-01,La Pampa,comercio,33722.4640
2022-11-01,La Pampa,hogares,33208.2060
2022-11-01,La Pampa,industria,10044.9660
2022-11-01,La Rioja,comercio,63683.4380
2022-11-01,La Rioja,hogares,65633.8090
2022-11-01,La Rioja,industria,20787.6620
2022-11-01,Mendoza,comercio,205240.3310
2022-11-01,Mendoza,hogares,160544.5270
2022-11-01,Mendoza,industria,142643.5190
2022-11-01,Misiones,comercio,55507.3210
2022-11-01,Misiones,hogares,100671.9690
2022-11-01,Misiones,industria,17422.9310
2022-11-01,Neuquén,comercio,51542.4190
2022-11-01,Neuquén,hogares,59865.6510
2022-11-01,Neuquén,industria,53157.6980
2022-11-01,Río Negro,comercio,68382.3410
2022-11-01,Río Negro,hogares,56330.8580
2022-11-01,Río Negro,industria,28881.1590
2022-11-01,Salta,comercio,75271.3690
2022-11-01,Salta,hogares,106269.2940
2022-11-01,Salta,industria,14019.9950
2022-11-01,San Juan,comercio,72560.6150
2022-11-01,San Juan,hogares,112638.2960
2022-11-01,San Juan,industria,30692.8480
2022-11-01,San Luis,comercio,35409.7600
2022-11-01,San Luis,hogares,54238.5010
2022-11-01,San Luis,industria,62314.5110
2022-11-01,Santa Cruz,comercio,27118.2660
2022-11-01,Santa Cruz,hogares,21920.2150
2022-11-01,Santa Cruz,industria,39508.3260
2022-11-01,Santa Fe,comercio,264492.5170
2022-11-01,Santa Fe,hogares,447360.7890
2022-11-01,Santa Fe,industria,404433.3980
2022-11-01,Santiago del Estero,comercio,47012.8330
2022-11-01,Santiago del Estero,hogares,118286.2720
2022-11-01,Santiago del Estero,industria,10629.2640
2022-11-01,Tucumán,comercio,87700.0030
2022-11-01,Tucumán,hogares,160989.8970
2022-11-01,Tucumán,industria,54252.3650
2022-12-01,Buenos Aires y CABA,comercio,1572991.7840
2022-12-01,Buenos Aires y CABA,hogares,2884945.5890
2022-12-01,Buenos Aires y CABA,industria,1615868.0590
2022-12-01,Catamarca,comercio,33459.2630
2022-12-01,Catamarca,hogares,68069.3430
2022-12-01,Catamarca,industria,30162.1220
2022-12-01,Chaco,comercio,79956.0740
2022-12-01,Chaco,hogares,271939.5670
2022-12-01,Chaco,industria,11773.9640
2022-12-01,Chubut,comercio,42692.0270
2022-12-01,Chubut,hogares,48186.3290
2022-12-01,Chubut,industria,303406.8750
2022-12-01,Corrientes,comercio,76178.1930
2022-12-01,Corrientes,hogares,223497.2680
2022-12-01,Corrientes,industria,34103.9490
2022-12-01,Córdoba,comercio,358660.5240
2022-12-01,Córdoba,hogares,463969.8670
2022-12-01,Córdoba,industria,206806.0300
2022-12-01,Entre Ríos,comercio,125229.6280
2022-12-01,Entre Ríos,hogares,198893.8030
2022-12-01,Entre Ríos,industria,81726.2620
2022-12-01,Formosa,comercio,28125.5090
2022-12-01,Formosa,hogares,140459.4380
2022-12-01,Formosa,industria,3109.1620
2022-12-01,Jujuy,comercio,37565.5230
2022-12-01,Jujuy,hogares,52443.7340
2022-12-01,Jujuy,industria,17976.1720
2022-12-01,La Pampa,comercio,41348.5570
2022-12-01,La Pampa,hogares,45673.8930
2022-12-01,La Pampa,industria,11145.4770
2022-12-01,La Rioja,comercio,72959.3070
2022-12-01,La Rioja,hogares,69218.0000
2022-12-01,La Rioja,industria,18366.7090
2022-12-01,Mendoza,comercio,241379.6750
2022-12-01,Mendoza,hogares,191704.9620
2022-12-01,Mendoza,industria,145223.3850
2022-12-01,Misiones,comercio,81845.7830
2022-12-01,Misiones,hogares,160351.9650
2022-12-01,Misiones,industria,18725.1070
2022-12-01,Neuquén,comercio,56885.5150
2022-12-01,Neuquén,hogares,66720.7930
2022-12-01,Neuquén,industria,55977.9270
2022-12-01,Río Negro,comercio,78055.3380
2022-12-01,Río Negro,hogares,64275.3080
2022-12-01,Río Negro,industria,28581.6310
2022-12-01,Salta,comercio,79145.4660
2022-12-01,Salta,hogares,115859.4630
2022-12-01,Salta,industria,14073.2880
2022-12-01,San Juan,comercio,75979.9790
2022-12-01,San Juan,hogares,152420.8630
2022-12-01,San Juan,industria,32410.2160
2022-12-01,San Luis,comercio,39695.8050
2022-12-01,San Luis,hogares,63407.0180
2022-12-01,San Luis,industria,55935.7360
2022-12-01,Santa Cruz,comercio,25206.9140
2022-12-01,Santa Cruz,hogares,24424.8930
2022-12-01,Santa Cruz,industria,41039.5600
2022-12-01,Santa Fe,comercio,316986.7830
2022-12-01,Santa Fe,hogares,588821.3700
2022-12-01,Santa Fe,industria,383152.1460
2022-12-01,Santiago del Estero,comercio,57501.4130
2022-12-01,Santiago del Estero,hogares,154477.0530
2022-12-01,Santiago del Estero,industria,10627.9590
2022-12-01,Tucumán,comercio,93720.0380
2022-12-01,Tucumán,hogares,187127.8370
2022-12-01,Tucumán,industria,52095.2300
2023-01-01,Buenos Aires y CABA,comercio,1633964.4380
2023-01-01,Buenos Aires y CABA,hogares,3201329.6160
2023-01-01,Buenos Aires y CABA,industria,1630191.2500
2023-01-01,Catamarca,comercio,35086.7180
2023-01-01,Catamarca,hogares,67754.8000
2023-01-01,Catamarca,industria,30273.6600
2023-01-01,Chaco,comercio,81209.0640
2023-01-01,Chaco,hogares,294328.9530
2023-01-01,Chaco,industria,11772.2770
2023-01-01,Chubut,comercio,46772.5300
2023-01-01,Chubut,hogares,47584.7940
2023-01-01,Chubut,industria,259145.7590
2023-01-01,Corrientes,comercio,67271.7130
2023-01-01,Corrientes,hogares,256645.1210
2023-01-01,Corrientes,industria,34180.8880
2023-01-01,Córdoba,comercio,337181.2610
2023-01-01,Córdoba,hogares,487349.8440
2023-01-01,Córdoba,industria,197805.3020
2023-01-01,Entre Ríos,comercio,147636.1150
2023-01-01,Entre Ríos,hogares,216817.1530
2023-01-01,Entre Ríos,industria,82974.2870
2023-01-01,Formosa,comercio,25234.9040
2023-01-01,Formosa,hogares,146193.7890
2023-01-01,Formosa,industria,6473.7320
2023-01-01,Jujuy,comercio,37240.7150
2023-01-01,Jujuy,hogares,55451.2630
2023-01-01,Jujuy,industria,18259.4320
2023-01-01,La Pampa,comercio,39455.4500
2023-01-01,La Pampa,hogares,49884.8790
2023-01-01,La Pampa,industria,10478.6700
2023-01-01,La Rioja,comercio,64840.0280
2023-01-01,La Rioja,hogares,78441.2640
2023-01-01,La Rioja,industria,14888.4850
2023-01-01,Mendoza,comercio,230533.2490
2023-01-01,Mendoza,hogares,207869.8140
2023-01-01,Mendoza,industria,147777.3710
2023-01-01,Misiones,comercio,82346.6750
2023-01-01,Misiones,hogares,180519.5050
2023-01-01,Misiones,industria,19997.3450
2023-01-01,Neuquén,comercio,57262.7840
2023-01-01,Neuquén,hogares,74561.7750
2023-01-01,Neuquén,industria,53715.1160
2023-01-01,Río Negro,comercio,72487.0800
2023-01-01,Río Negro,hogares,83011.8800
2023-01-01,Río Negro,industria,34961.2590
2023-01-01,Salta,comercio,83895.5410
2023-01-01,Salta,hogares,118673.1020
2023-01-01,Salta,industria,14646.3540
2023-01-01,San Juan,comercio,69146.0850
2023-01-01,San Juan,hogares,153258.4820
2023-01-01,San Juan,industria,31406.0910
2023-01-01,San Luis,comercio,39351.8240
2023-01-01,San Luis,hogares,60695.6440
2023-01-01,San Luis,industria,58322.4970
2023-01-01,Santa Cruz,comercio,25430.4370
2023-01-01,Santa Cruz,hogares,21826.3890
2023-01-01,Santa Cruz,industria,44354.8520
2023-01-01,Santa Fe,comercio,321404.6590
2023-01-01,Santa Fe,hogares,638421.0400
2023-01-01,Santa Fe,industria,371382.8430
2023-01-01,Santiago del Estero,comercio,62483.5510
2023-01-01,Santiago del Estero,hogares,171846.1560
2023-01-01,Santiago del Estero,industria,10147.6750
2023-01-01,Tucumán,comercio,88502.8410
2023-01-01,Tucumán,hogares,204943.8210
2023-01-01,Tucumán,industria,44180.7030
2023-02-01,Buenos Aires y CABA,comercio,1451490.1950
2023-02-01,Buenos Aires y CABA,hogares,2727070.7200
2023-02-01,Buenos Aires y CABA,industria,1558124.7260
2023-02-01,Catamarca,comercio,31610.2220
2023-02-01,Catamarca,hogares,60308.9590
2023-02-01,Catamarca,industria,29580.3630
2023-02-01,Chaco,comercio,68546.6110
2023-02-01,Chaco,hogares,237101.3210
2023-02-01,Chaco,industria,14148.0280
2023-02-01,Chubut,comercio,43426.7510
2023-02-01,Chubut,hogares,41299.2570
2023-02-01,Chubut,industria,237266.8610
2023-02-01,Corrientes,comercio,64177.2710
2023-02-01,Corrientes,hogares,207035.3910
2023-02-01,Corrientes,industria,33512.7450
2023-02-01,Córdoba,comercio,313361.9770
2023-02-01,Córdoba,hogares,389184.1510
2023-02-01,Córdoba,industria,187399.3700
2023-02-01,Entre Ríos,comercio,128140.3260
2023-02-01,Entre Ríos,hogares,162744.0530
2023-02-01,Entre Ríos,industria,75492.4430
2023-02-01,Formosa,comercio,32741.7010
2023-02-01,Formosa,hogares,108049.5680
2023-02-01,Formosa,industria,5765.9010
2023-02-01,Jujuy,comercio,36096.1350
2023-02-01,Jujuy,hogares,43247.9960
2023-02-01,Jujuy,industria,14249.6530
2023-02-01,La Pampa,comercio,35975.6210
2023-02-01,La Pampa,hogares,40858.9220
2023-02-01,La Pampa,industria,10645.6490
2023-02-01,La Rioja,comercio,58761.7230
2023-02-01,La Rioja,hogares,70788.2000
2023-02-01,La Rioja,industria,20171.2330
2023-02-01,Mendoza,comercio,210609.9360
2023-02-01,Mendoza,hogares,180573.8540
2023-02-01,Mendoza,industria,142815.5980
2023-02-01,Misiones,comercio,78706.0590
2023-02-01,Misiones,hogares,147072.4710
2023-02-01,Misiones,industria,18680.4010
2023-02-01,Neuquén,comercio,51112.9480
2023-02-01,Neuquén,hogares,65669.3410
2023-02-01,Neuquén,industria,56107.8010
2023-02-01,Río Negro,comercio,70524.1710
2023-02-01,Río Negro,hogares,69390.9220
2023-02-01,Río Negro,industria,45674.6240
2023-02-01,Salta,comercio,76536.5850
2023-02-01,Salta,hogares,99056.9090
2023-02-01,Salta,industria,13196.7250
2023-02-01,San Juan,comercio,66255.4580
2023-02-01,San Juan,hogares,126071.2690
2023-02-01,San Juan,industria,30899.0800
2023-02-01,San Luis,comercio,35976.3630
2023-02-01,San Luis,hogares,50663.2600
2023-02-01,San Luis,industria,58164.0280
2023-02-01,Santa Cruz,comercio,22754.7470
2023-02-01,Santa Cruz,hogares,21768.4750
2023-02-01,Santa Cruz,industria,39868.3670
2023-02-01,Santa Fe,comercio,266694.5650
2023-02-01,Santa Fe,hogares,521914.2320
2023-02-01,Santa Fe,industria,301157.1060
2023-02-01,Santiago del Estero,comercio,48630.8300
2023-02-01,Santiago del Estero,hogares,135090.6670
2023-02-01,Santiago del Estero,industria,10522.0170
2023-02-01,Tucumán,comercio,78177.9920
2023-02-01,Tucumán,hogares,179602.9770
2023-02-01,Tucumán,industria,47962.0610
2023-03-01,Buenos Aires y CABA,comercio,1679045.3940
2023-03-01,Buenos Aires y CABA,hogares,3493818.3420
2023-03-01,Buenos Aires y CABA,industria,1714329.6690
2023-03-01,Catamarca,comercio,36375.1050
2023-03-01,Catamarca,hogares,70658.7140
2023-03-01,Catamarca,industria,33549.9490
2023-03-01,Chaco,comercio,81828.9770
2023-03-01,Chaco,hogares,272162.0580
2023-03-01,Chaco,industria,16469.5740
2023-03-01,Chubut,comercio,47033.0800
2023-03-01,Chubut,hogares,47468.4270
2023-03-01,Chubut,industria,261157.1290
2023-03-01,Corrientes,comercio,71303.7370
2023-03-01,Corrientes,hogares,232618.4390
2023-03-01,Corrientes,industria,35316.2470
2023-03-01,Córdoba,comercio,351332.6430
2023-03-01,Córdoba,hogares,467403.9090
2023-03-01,Córdoba,industria,215587.0280
2023-03-01,Entre Ríos,comercio,142705.1670
2023-03-01,Entre Ríos,hogares,204096.8640
2023-03-01,Entre Ríos,industria,87091.9500
2023-03-01,Formosa,comercio,41995.9300
2023-03-01,Formosa,hogares,117063.3790
2023-03-01,Formosa,industria,6083.1270
2023-03-01,Jujuy,comercio,33983.4570
2023-03-01,Jujuy,hogares,55222.8610
2023-03-01,Jujuy,industria,14846.7300
2023-03-01,La Pampa,comercio,36729.5010
2023-03-01,La Pampa,hogares,41241.1780
2023-03-01,La Pampa,industria,11181.7730
2023-03-01,La Rioja,comercio,63646.8990
2023-03-01,La Rioja,hogares,78221.6640
2023-03-01,La Rioja,industria,22243.0670
2023-03-01,Mendoza,comercio,206937.9420
2023-03-01,Mendoza,hogares,176728.5270
2023-03-01,Mendoza,industria,158244.4150
2023-03-01,Misiones,comercio,82804.6630
2023-03-01,Misiones,hogares,180420.2780
2023-03-01,Misiones,industria,19594.0990
2023-03-01,Neuquén,comercio,52191.1080
2023-03-01,Neuquén,hogares,65005.9750
2023-03-01,Neuquén,industria,59767.4200
2023-03-01,Río Negro,comercio,76355.3500
2023-03-01,Río Negro,hogares,65540.5680
2023-03-01,Río Negro,industria,48379.1850
2023-03-01,Salta,comercio,87774.1750
2023-03-01,Salta,hogares,117949.8910
2023-03-01,Salta,industria,16670.2800
2023-03-01,San Juan,comercio,67919.9290
2023-03-01,San Juan,hogares,130557.9530
2023-03-01,San Juan,industria,34472.9230
2023-03-01,San Luis,comercio,38250.0100
2023-03-01,San Luis,hogares,55780.1390
2023-03-01,San Luis,industria,63440.0060
2023-03-01,Santa Cruz,comercio,27458.0730
2023-03-01,Santa Cruz,hogares,25422.8520
2023-03-01,Santa Cruz,industria,43873.1780
2023-03-01,Santa Fe,comercio,345977.7120
2023-03-01,Santa Fe,hogares,649431.0900
2023-03-01,Santa Fe,industria,401607.0140
2023-03-01,Santiago del Estero,comercio,59231.4790
2023-03-01,Santiago del Estero,hogares,163250.6850
2023-03-01,Santiago del Estero,industria,12731.0020
2023-03-01,Tucumán,comercio,104172.4020
2023-03-01,Tucumán,hogares,217312.5590
2023-03-01,Tucumán,industria,57839.7550
2023-04-01,Buenos Aires y CABA,comercio,1457562.6940
2023-04-01,Buenos Aires y CABA,hogares,1915669.9260
2023-04-01,Buenos Aires y CABA,industria,1552677.1860
2023-04-01,Catamarca,comercio,26901.8880
2023-04-01,Catamarca,hogares,42627.3590
2023-04-01,Catamarca,industria,30115.6500
2023-04-01,Chaco,comercio,64797.1090
2023-04-01,Chaco,hogares,139320.3210
2023-04-01,Chaco,industria,16683.4800
2023-04-01,Chubut,comercio,45120.0760
2023-04-01,Chubut,hogares,47767.9700
2023-04-01,Chubut,industria,250079.8330
2023-04-01,Corrientes,comercio,53547.5840
2023-04-01,Corrientes,hogares,123965.0840
2023-04-01,Corrientes,industria,29428.9930
2023-04-01,Córdoba,comercio,273192.7670
2023-04-01,Córdoba,hogares,316142.6530
2023-04-01,Córdoba,industria,187132.4080
2023-04-01,Entre Ríos,comercio,98007.0990
2023-04-01,Entre Ríos,hogares,107070.4030
2023-04-01,Entre Ríos,industria,75450.6690
2023-04-01,Formosa,comercio,38300.3460
2023-04-01,Formosa,hogares,58570.3920
2023-04-01,Formosa,industria,4913.4660
2023-04-01,Jujuy,comercio,29503.9270
2023-04-01,Jujuy,hogares,38240.2200
2023-04-01,Jujuy,industria,16819.9220
2023-04-01,La Pampa,comercio,31204.9700
2023-04-01,La Pampa,hogares,28412.4410
2023-04-01,La Pampa,industria,10525.1990
2023-04-01,La Rioja,comercio,46718.4620
2023-04-01,La Rioja,hogares,44048.3170
2023-04-01,La Rioja,industria,18767.0220
2023-04-01,Mendoza,comercio,168943.7690
2023-04-01,Mendoza,hogares,139301.0190
2023-04-01,Mendoza,industria,138463.4230
2023-04-01,Misiones,comercio,72839.7480
2023-04-01,Misiones,hogares,120009.5090
2023-04-01,Misiones,industria,18889.0420
2023-04-01,Neuquén,comercio,52622.3390
2023-04-01,Neuquén,hogares,56640.9980
2023-04-01,Neuquén,industria,56252.4010
2023-04-01,Río Negro,comercio,66069.3580
2023-04-01,Río Negro,hogares,60086.8820
2023-04-01,Río Negro,industria,40454.5750
2023-04-01,Salta,comercio,69277.6930
2023-04-01,Salta,hogares,82476.0480
2023-04-01,Salta,industria,13873.1290
2023-04-01,San Juan,comercio,53675.9820
2023-04-01,San Juan,hogares,72398.1820
2023-04-01,San Juan,industria,29393.8570
2023-04-01,San Luis,comercio,32108.8120
2023-04-01,San Luis,hogares,44819.8770
2023-04-01,San Luis,industria,54680.5980
2023-04-01,Santa Cruz,comercio,28254.3690
2023-04-01,Santa Cruz,hogares,26156.5710
2023-04-01,Santa Cruz,industria,43117.6350
2023-04-01,Santa Fe,comercio,235739.8540
2023-04-01,Santa Fe,hogares,330951.7470
2023-04-01,Santa Fe,industria,369592.8250
2023-04-01,Santiago del Estero,comercio,33506.3380
2023-04-01,Santiago del Estero,hogares,75009.7230
2023-04-01,Santiago del Estero,industria,9787.1880
2023-04-01,Tucumán,comercio,66516.2090
2023-04-01,Tucumán,hogares,116268.6360
2023-04-01,Tucumán,industria,48748.3060
2023-05-01,Buenos Aires y CABA,comercio,1474816.3650
2023-05-01,Buenos Aires y CABA,hogares,2521185.7300
2023-05-01,Buenos Aires y CABA,industria,1552749.9330
2023-05-01,Catamarca,comercio,24792.0490
2023-05-01,Catamarca,hogares,43596.1010
2023-05-01,Catamarca,industria,30571.5920
2023-05-01,Chaco,comercio,51373.9690
2023-05-01,Chaco,hogares,127375.2020
2023-05-01,Chaco,industria,18371.9740
2023-05-01,Chubut,comercio,48821.2500
2023-05-01,Chubut,hogares,56313.4910
2023-05-01,Chubut,industria,266231.6100
2023-05-01,Corrientes,comercio,48834.4980
2023-05-01,Corrientes,hogares,118049.2760
2023-05-01,Corrientes,industria,28522.4620
2023-05-01,Córdoba,comercio,301426.4410
2023-05-01,Córdoba,hogares,314307.2230
2023-05-01,Córdoba,industria,203895.8640
2023-05-01,Entre Ríos,comercio,102281.6680
2023-05-01,Entre Ríos,hogares,108830.2840
2023-05-01,Entre Ríos,industria,78425.6150
2023-05-01,Formosa,comercio,33024.0040
2023-05-01,Formosa,hogares,48715.7160
2023-05-01,Formosa,industria,4177.5690
2023-05-01,Jujuy,comercio,29132.5990
2023-05-01,Jujuy,hogares,40952.7170
2023-05-01,Jujuy,industria,16928.8390
2023-05-01,La Pampa,comercio,32308.3520
2023-05-01,La Pampa,hogares,31274.7290
2023-05-01,La Pampa,industria,10413.3600
2023-05-01,La Rioja,comercio,40288.4510
2023-05-01,La Rioja,hogares,47685.5040
2023-05-01,La Rioja,industria,18079.4730
2023-05-01,Mendoza,comercio,160974.3330
2023-05-01,Mendoza,hogares,161975.4840
2023-05-01,Mendoza,industria,134786.8480
2023-05-01,Misiones,comercio,73281.8340
2023-05-01,Misiones,hogares,113685.6870
2023-05-01,Misiones,industria,21201.9620
2023-05-01,Neuquén,comercio,53727.2350
2023-05-01,Neuquén,hogares,67552.4990
2023-05-01,Neuquén,industria,63303.1890
2023-05-01,Río Negro,comercio,70727.9710
2023-05-01,Río Negro,hogares,69586.2980
2023-05-01,Río Negro,industria,35974.7160
2023-05-01,Salta,comercio,68061.7310
2023-05-01,Salta,hogares,85197.7210
2023-05-01,Salta,industria,15488.8230
2023-05-01,San Juan,comercio,49976.0910
2023-05-01,San Juan,hogares,82735.6210
2023-05-01,San Juan,industria,28790.8220
2023-05-01,San Luis,comercio,32606.7550
2023-05-01,San Luis,hogares,52063.7400
2023-05-01,San Luis,industria,54681.7950
2023-05-01,Santa Cruz,comercio,30718.2840
2023-05-01,Santa Cruz,hogares,29341.1650
2023-05-01,Santa Cruz,industria,41918.7340
2023-05-01,Santa Fe,comercio,249263.0800
2023-05-01,Santa Fe,hogares,349302.6360
2023-05-01,Santa Fe,industria,389281.1710
2023-05-01,Santiago del Estero,comercio,34686.4730
2023-05-01,Santiago del Estero,hogares,69158.5850
2023-05-01,Santiago del Estero,industria,10908.9770
2023-05-01,Tucumán,comercio,64965.5010
2023-05-01,Tucumán,hogares,117497.7450
2023-05-01,Tucumán,industria,58292.3080
2023-06-01,Buenos Aires y CABA,comercio,1496097.8230
2023-06-01,Buenos Aires y CABA,hogares,3291111.0010
2023-06-01,Buenos Aires y CABA,industria,1509799.5910
2023-06-01,Catamarca,comercio,25981.5490
2023-06-01,Catamarca,hogares,54935.3360
2023-06-01,Catamarca,industria,30559.3000
2023-06-01,Chaco,comercio,52653.1260
2023-06-01,Chaco,hogares,138137.1500
2023-06-01,Chaco,industria,19243.6160
2023-06-01,Chubut,comercio,51255.7600
2023-06-01,Chubut,hogares,61098.6300
2023-06-01,Chubut,industria,371648.5200
2023-06-01,Corrientes,comercio,51201.3330
2023-06-01,Corrientes,hogares,125815.4030
2023-06-01,Corrientes,industria,27226.3370
2023-06-01,Córdoba,comercio,302309.6240
2023-06-01,Córdoba,hogares,417800.9830
2023-06-01,Córdoba,industria,193800.7760
2023-06-01,Entre Ríos,comercio,109094.4830
2023-06-01,Entre Ríos,hogares,121915.6740
2023-06-01,Entre Ríos,industria,76340.8310
2023-06-01,Formosa,comercio,25960.5230
2023-06-01,Formosa,hogares,57078.3270
2023-06-01,Formosa,industria,5884.6440
2023-06-01,Jujuy,comercio,27594.6820
2023-06-01,Jujuy,hogares,45759.8320
2023-06-01,Jujuy,industria,18626.8980
2023-06-01,La Pampa,comercio,33623.5260
2023-06-01,La Pampa,hogares,31175.1800
2023-06-01,La Pampa,industria,10648.0620
2023-06-01,La Rioja,comercio,38089.8200
2023-06-01,La Rioja,hogares,64297.5140
2023-06-01,La Rioja,industria,17877.3840
2023-06-01,Mendoza,comercio,153982.5580
2023-06-01,Mendoza,hogares,198584.7070
2023-06-01,Mendoza,industria,135083.8640
2023-06-01,Misiones,comercio,71361.5430
2023-06-01,Misiones,hogares,122227.5830
2023-06-01,Misiones,industria,19718.3910
2023-06-01,Neuquén,comercio,55612.5230
2023-06-01,Neuquén,hogares,72628.9920
2023-06-01,Neuquén,industria,57835.7770
2023-06-01,Río Negro,comercio,65349.3180
2023-06-01,Río Negro,hogares,80302.5440
2023-06-01,Río Negro,industria,33101.9920
2023-06-01,Salta,comercio,67356.5500
2023-06-01,Salta,hogares,94436.7350
2023-06-01,Salta,industria,16519.1140
2023-06-01,San Juan,comercio,48772.1700
2023-06-01,San Juan,hogares,115869.2810
2023-06-01,San Juan,industria,29038.3760
2023-06-01,San Luis,comercio,35576.5940
2023-06-01,San Luis,hogares,67752.2950
2023-06-01,San Luis,industria,53977.7880
2023-06-01,Santa Cruz,comercio,30423.0570
2023-06-01,Santa Cruz,hogares,31359.5610
2023-06-01,Santa Cruz,industria,43979.9820
2023-06-01,Santa Fe,comercio,263878.2770
2023-06-01,Santa Fe,hogares,438491.0920
2023-06-01,Santa Fe,industria,376375.6700
2023-06-01,Santiago del Estero,comercio,38115.1790
2023-06-01,Santiago del Estero,hogares,75624.5680
2023-06-01,Santiago del Estero,industria,12954.7980
2023-06-01,Tucumán,comercio,74286.8840
2023-06-01,Tucumán,hogares,129372.0050
2023-06-01,Tucumán,industria,57188.2300
2023-07-01,Buenos Aires y CABA,comercio,1541890.0930
2023-07-01,Buenos Aires y CABA,hogares,3555510.0100
2023-07-01,Buenos Aires y CABA,industria,1497303.5440
2023-07-01,Catamarca,comercio,29039.2420
2023-07-01,Catamarca,hogares,58366.6410
2023-07-01,Catamarca,industria,26437.5880
2023-07-01,Chaco,comercio,52088.6170
2023-07-01,Chaco,hogares,138941.8050
2023-07-01,Chaco,industria,21376.9840
2023-07-01,Chubut,comercio,52710.0270
2023-07-01,Chubut,hogares,67959.9440
2023-07-01,Chubut,industria,266650.9320
2023-07-01,Corrientes,comercio,51884.9520
2023-07-01,Corrientes,hogares,130093.2150
2023-07-01,Corrientes,industria,28770.6240
2023-07-01,Córdoba,comercio,307796.4800
2023-07-01,Córdoba,hogares,457142.0770
2023-07-01,Córdoba,industria,191210.0220
2023-07-01,Entre Ríos,comercio,109265.7250
2023-07-01,Entre Ríos,hogares,134511.7150
2023-07-01,Entre Ríos,industria,77442.6140
2023-07-01,Formosa,comercio,28722.4280
2023-07-01,Formosa,hogares,54955.3930
2023-07-01,Formosa,industria,7230.3880
2023-07-01,Jujuy,comercio,27808.8700
2023-07-01,Jujuy,hogares,48961.3890
2023-07-01,Jujuy,industria,14306.1260
2023-07-01,La Pampa,comercio,34469.3510
2023-07-01,La Pampa,hogares,33491.3320
2023-07-01,La Pampa,industria,10613.6120
2023-07-01,La Rioja,comercio,41217.7780
2023-07-01,La Rioja,hogares,67846.6760
2023-07-01,La Rioja,industria,18946.2410
2023-07-01,Mendoza,comercio,161833.5290
2023-07-01,Mendoza,hogares,209111.1820
2023-07-01,Mendoza,industria,129353.0460
2023-07-01,Misiones,comercio,72230.3880
2023-07-01,Misiones,hogares,129721.4910
2023-07-01,Misiones,industria,19169.6860
2023-07-01,Neuquén,comercio,59904.5570
2023-07-01,Neuquén,hogares,75880.8630
2023-07-01,Neuquén,industria,61024.2870
2023-07-01,Río Negro,comercio,65842.2530
2023-07-01,Río Negro,hogares,87058.4440
2023-07-01,Río Negro,industria,31750.8590
2023-07-01,Salta,comercio,70983.3310
2023-07-01,Salta,hogares,99453.8160
2023-07-01,Salta,industria,16448.2790
2023-07-01,San Juan,comercio,51294.4230
2023-07-01,San Juan,hogares,127524.5290
2023-07-01,San Juan,industria,28743.0050
2023-07-01,San Luis,comercio,37839.2910
2023-07-01,San Luis,hogares,72478.4070
2023-07-01,San Luis,industria,57553.1890
2023-07-01,Santa Cruz,comercio,31902.2990
2023-07-01,Santa Cruz,hogares,34600.3210
2023-07-01,Santa Cruz,industria,46599.0330
2023-07-01,Santa Fe,comercio,278526.4790
2023-07-01,Santa Fe,hogares,475653.8110
2023-07-01,Santa Fe,industria,350423.4860
2023-07-01,Santiago del Estero,comercio,41029.4200
2023-07-01,Santiago del Estero,hogares,79094.2890
2023-07-01,Santiago del Estero,industria,14084.7150
2023-07-01,Tucumán,comercio,76029.1660
2023-07-01,Tucumán,hogares,138804.1690
2023-07-01,Tucumán,industria,60317.4250
2023-08-01,Buenos Aires y CABA,comercio,1515182.1450
2023-08-01,Buenos Aires y CABA,hogares,3135408.8940
2023-08-01,Buenos Aires y CABA,industria,1545637.6900
2023-08-01,Catamarca,comercio,27715.9960
2023-08-01,Catamarca,hogares,43739.8550
2023-08-01,Catamarca,industria,32211.3880
2023-08-01,Chaco,comercio,53059.2690
2023-08-01,Chaco,hogares,143696.6970
2023-08-01,Chaco,industria,20715.6710
2023-08-01,Chubut,comercio,51500.0110
2023-08-01,Chubut,hogares,63488.3310
2023-08-01,Chubut,industria,273504.4800
2023-08-01,Corrientes,comercio,51203.4460
2023-08-01,Corrientes,hogares,127504.3720
2023-08-01,Corrientes,industria,29432.6680
2023-08-01,Córdoba,comercio,290945.2930
2023-08-01,Córdoba,hogares,374956.0010
2023-08-01,Córdoba,industria,200338.4720
2023-08-01,Entre Ríos,comercio,105075.7490
2023-08-01,Entre Ríos,hogares,120254.4350
2023-08-01,Entre Ríos,industria,79030.0230
2023-08-01,Formosa,comercio,31379.7900
2023-08-01,Formosa,hogares,61023.6940
2023-08-01,Formosa,industria,8133.6530
2023-08-01,Jujuy,comercio,28991.3690
2023-08-01,Jujuy,hogares,41695.1460
2023-08-01,Jujuy,industria,18257.6520
2023-08-01,La Pampa,comercio,33894.4020
2023-08-01,La Pampa,hogares,31929.6610
2023-08-01,La Pampa,industria,10657.5890
2023-08-01,La Rioja,comercio,50672.2670
2023-08-01,La Rioja,hogares,48586.0010
2023-08-01,La Rioja,industria,20557.9890
2023-08-01,Mendoza,comercio,172985.6480
2023-08-01,Mendoza,hogares,179686.0500
2023-08-01,Mendoza,industria,130542.0460
2023-08-01,Misiones,comercio,72898.7240
2023-08-01,Misiones,hogares,125910.4670
2023-08-01,Misiones,industria,19934.7500
2023-08-01,Neuquén,comercio,56480.9450
2023-08-01,Neuquén,hogares,72263.7460
2023-08-01,Neuquén,industria,61289.5420
2023-08-01,Río Negro,comercio,72890.9570
2023-08-01,Río Negro,hogares,73829.6800
2023-08-01,Río Negro,industria,31554.3510
2023-08-01,Salta,comercio,72049.5550
2023-08-01,Salta,hogares,85883.3540
2023-08-01,Salta,industria,15749.9140
2023-08-01,San Juan,comercio,53827.3150
2023-08-01,San Juan,hogares,95298.9730
2023-08-01,San Juan,industria,27845.8630
2023-08-01,San Luis,comercio,36164.3950
2023-08-01,San Luis,hogares,58319.3640
2023-08-01,San Luis,industria,60329.4480
2023-08-01,Santa Cruz,comercio,31741.3230
2023-08-01,Santa Cruz,hogares,31606.0460
2023-08-01,Santa Cruz,industria,42283.5630
2023-08-01,Santa Fe,comercio,264085.5060
2023-08-01,Santa Fe,hogares,403781.1630
2023-08-01,Santa Fe,industria,371547.4090
2023-08-01,Santiago del Estero,comercio,37684.7280
2023-08-01,Santiago del Estero,hogares,68759.0220
2023-08-01,Santiago del Estero,industria,14232.1780
2023-08-01,Tucumán,comercio,69052.7530
2023-08-01,Tucumán,hogares,114300.8120
2023-08-01,Tucumán,industria,60810.8100
2023-09-01,Buenos Aires y CABA,comercio,1413888.3000
2023-09-01,Buenos Aires y CABA,hogares,2715016.6200
2023-09-01,Buenos Aires y CABA,industria,1549694.6940
2023-09-01,Catamarca,comercio,27385.1340
2023-09-01,Catamarca,hogares,42485.8670
2023-09-01,Catamarca,industria,32017.4030
2023-09-01,Chaco,comercio,54085.1230
2023-09-01,Chaco,hogares,149776.2820
2023-09-01,Chaco,industria,16923.5370
2023-09-01,Chubut,comercio,47714.0190
2023-09-01,Chubut,hogares,58136.8950
2023-09-01,Chubut,industria,256688.7510
2023-09-01,Corrientes,comercio,52334.6930
2023-09-01,Corrientes,hogares,126749.2310
2023-09-01,Corrientes,industria,31167.1110
2023-09-01,Córdoba,comercio,295908.3900
2023-09-01,Córdoba,hogares,327970.1400
2023-09-01,Córdoba,industria,194454.3730
2023-09-01,Entre Ríos,comercio,101193.5880
2023-09-01,Entre Ríos,hogares,109004.7280
2023-09-01,Entre Ríos,industria,74858.0200
2023-09-01,Formosa,comercio,34514.5500
2023-09-01,Formosa,hogares,67111.8670
2023-09-01,Formosa,industria,8338.0320
2023-09-01,Jujuy,comercio,30257.1400
2023-09-01,Jujuy,hogares,40228.3820
2023-09-01,Jujuy,industria,20592.6780
2023-09-01,La Pampa,comercio,31539.9700
2023-09-01,La Pampa,hogares,28477.8540
2023-09-01,La Pampa,industria,10336.4210
2023-09-01,La Rioja,comercio,53918.0720
2023-09-01,La Rioja,hogares,44273.0770
2023-09-01,La Rioja,industria,20297.4600
2023-09-01,Mendoza,comercio,180126.4930
2023-09-01,Mendoza,hogares,155752.4950
2023-09-01,Mendoza,industria,131595.5920
2023-09-01,Misiones,comercio,68740.3660
2023-09-01,Misiones,hogares,110960.1590
2023-09-01,Misiones,industria,16565.2900
2023-09-01,Neuquén,comercio,53446.2940
2023-09-01,Neuquén,hogares,62988.5980
2023-09-01,Neuquén,industria,56809.2260
2023-09-01,Río Negro,comercio,66657.0590
2023-09-01,Río Negro,hogares,67038.2080
2023-09-01,Río Negro,industria,28910.5960
2023-09-01,Salta,comercio,70947.1990
2023-09-01,Salta,hogares,89738.9450
2023-09-01,Salta,industria,14023.3640
2023-09-01,San Juan,comercio,54487.1450
2023-09-01,San Juan,hogares,80812.0010
2023-09-01,San Juan,industria,27011.1380
2023-09-01,San Luis,comercio,35094.1570
2023-09-01,San Luis,hogares,51669.4340
2023-09-01,San Luis,industria,58373.0230
2023-09-01,Santa Cruz,comercio,29544.2400
2023-09-01,Santa Cruz,hogares,29157.4130
2023-09-01,Santa Cruz,industria,40756.1700
2023-09-01,Santa Fe,comercio,244800.0100
2023-09-01,Santa Fe,hogares,353587.1650
2023-09-01,Santa Fe,industria,352687.5700
2023-09-01,Santiago del Estero,comercio,37985.2720
2023-09-01,Santiago del Estero,hogares,71468.5410
2023-09-01,Santiago del Estero,industria,11524.1970
2023-09-01,Tucumán,comercio,70610.4660
2023-09-01,Tucumán,hogares,111920.7240
2023-09-01,Tucumán,industria,59117.5050
2023-10-01,Buenos Aires y CABA,comercio,1368865.8760
2023-10-01,Buenos Aires y CABA,hogares,2174023.4450
2023-10-01,Buenos Aires y CABA,industria,1542342.6910
2023-10-01,Catamarca,comercio,30268.7170
2023-10-01,Catamarca,hogares,48793.7010
2023-10-01,Catamarca,industria,32949.2270
2023-10-01,Chaco,comercio,60477.0960
2023-10-01,Chaco,hogares,178123.1990
2023-10-01,Chaco,industria,14675.3480
2023-10-01,Chubut,comercio,43979.6610
2023-10-01,Chubut,hogares,51265.3270
2023-10-01,Chubut,industria,236465.0560
2023-10-01,Corrientes,comercio,53455.5340
2023-10-01,Corrientes,hogares,135840.3080
2023-10-01,Corrientes,industria,32679.6080
2023-10-01,Córdoba,comercio,296737.0620
2023-10-01,Córdoba,hogares,316460.3070
2023-10-01,Córdoba,industria,202201.2120
2023-10-01,Entre Ríos,comercio,102940.6100
2023-10-01,Entre Ríos,hogares,111068.4590
2023-10-01,Entre Ríos,industria,78222.0720
2023-10-01,Formosa,comercio,39067.8070
2023-10-01,Formosa,hogares,77991.6210
2023-10-01,Formosa,industria,9891.4400
2023-10-01,Jujuy,comercio,30770.9130
2023-10-01,Jujuy,hogares,47472.2610
2023-10-01,Jujuy,industria,19877.7130
2023-10-01,La Pampa,comercio,30317.0110
2023-10-01,La Pampa,hogares,28182.2390
2023-10-01,La Pampa,industria,9865.3700
2023-10-01,La Rioja,comercio,57972.0860
2023-10-01,La Rioja,hogares,50893.6440
2023-10-01,La Rioja,industria,19856.5240
2023-10-01,Mendoza,comercio,191203.6540
2023-10-01,Mendoza,hogares,139478.7080
2023-10-01,Mendoza,industria,134869.3560
2023-10-01,Misiones,comercio,68818.3970
2023-10-01,Misiones,hogares,110523.7390
2023-10-01,Misiones,industria,16424.1400
2023-10-01,Neuquén,comercio,49677.5240
2023-10-01,Neuquén,hogares,58923.4750
2023-10-01,Neuquén,industria,53633.5570
2023-10-01,Río Negro,comercio,63013.1430
2023-10-01,Río Negro,hogares,61406.4560
2023-10-01,Río Negro,industria,30134.5600
2023-10-01,Salta,comercio,76336.8920
2023-10-01,Salta,hogares,101126.9190
2023-10-01,Salta,industria,14445.5160
2023-10-01,San Juan,comercio,62390.1250
2023-10-01,San Juan,hogares,80879.6980
2023-10-01,San Juan,industria,28299.5290
2023-10-01,San Luis,comercio,33883.0850
2023-10-01,San Luis,hogares,46078.7920
2023-10-01,San Luis,industria,61222.3160
2023-10-01,Santa Cruz,comercio,27359.8830
2023-10-01,Santa Cruz,hogares,27526.0720
2023-10-01,Santa Cruz,industria,43667.0040
2023-10-01,Santa Fe,comercio,247373.1660
2023-10-01,Santa Fe,hogares,325912.4410
2023-10-01,Santa Fe,industria,354264.5680
2023-10-01,Santiago del Estero,comercio,45435.2430
2023-10-01,Santiago del Estero,hogares,94827.6360
2023-10-01,Santiago del Estero,industria,10738.3740
2023-10-01,Tucumán,comercio,74049.7800
2023-10-01,Tucumán,hogares,129448.1500
2023-10-01,Tucumán,industria,56760.7510
2023-11-01,Buenos Aires y CABA,comercio,1389945.2080
2023-11-01,Buenos Aires y CABA,hogares,2259287.3540
2023-11-01,Buenos Aires y CABA,industria,1562088.0270
2023-11-01,Catamarca,comercio,34820.7360
2023-11-01,Catamarca,hogares,59370.0040
2023-11-01,Catamarca,industria,32882.3420
2023-11-01,Chaco,comercio,70177.4380
2023-11-01,Chaco,hogares,222769.3120
2023-11-01,Chaco,industria,14377.8860
2023-11-01,Chubut,comercio,42321.7640
2023-11-01,Chubut,hogares,46840.0550
2023-11-01,Chubut,industria,238905.2660
2023-11-01,Corrientes,comercio,61775.9520
2023-11-01,Corrientes,hogares,168782.5290
2023-11-01,Corrientes,industria,35367.9080
2023-11-01,Córdoba,comercio,299540.4280
2023-11-01,Córdoba,hogares,361386.6620
2023-11-01,Córdoba,industria,201391.6790
2023-11-01,Entre Ríos,comercio,113005.1850
2023-11-01,Entre Ríos,hogares,125693.3280
2023-11-01,Entre Ríos,industria,80398.9780
2023-11-01,Formosa,comercio,44879.6620
2023-11-01,Formosa,hogares,94046.7510
2023-11-01,Formosa,industria,9686.5490
2023-11-01,Jujuy,comercio,33566.6010
2023-11-01,Jujuy,hogares,54088.5310
2023-11-01,Jujuy,industria,21611.7050
2023-11-01,La Pampa,comercio,31190.2840
2023-11-01,La Pampa,hogares,32401.0130
2023-11-01,La Pampa,industria,10431.8260
2023-11-01,La Rioja,comercio,63798.5160
2023-11-01,La Rioja,hogares,69033.5130
2023-11-01,La Rioja,industria,21490.2300
2023-11-01,Mendoza,comercio,200664.6210
2023-11-01,Mendoza,hogares,154563.0410
2023-11-01,Mendoza,industria,136140.3240
2023-11-01,Misiones,comercio,57023.1060
2023-11-01,Misiones,hogares,107813.4500
2023-11-01,Misiones,industria,16607.6670
2023-11-01,Neuquén,comercio,47638.6300
2023-11-01,Neuquén,hogares,56133.3480
2023-11-01,Neuquén,industria,46446.9940
2023-11-01,Río Negro,comercio,61867.5420
2023-11-01,Río Negro,hogares,61418.0560
2023-11-01,Río Negro,industria,28959.6560
2023-11-01,Salta,comercio,80331.3880
2023-11-01,Salta,hogares,114900.7530
2023-11-01,Salta,industria,15419.5390
2023-11-01,San Juan,comercio,83284.0870
2023-11-01,San Juan,hogares,94963.8580
2023-11-01,San Juan,industria,29308.2980
2023-11-01,San Luis,comercio,35050.0840
2023-11-01,San Luis,hogares,49732.6930
2023-11-01,San Luis,industria,60906.6050
2023-11-01,Santa Cruz,comercio,26232.5350
2023-11-01,Santa Cruz,hogares,24084.8920
2023-11-01,Santa Cruz,industria,41615.7790
2023-11-01,Santa Fe,comercio,260616.7420
2023-11-01,Santa Fe,hogares,404396.2810
2023-11-01,Santa Fe,industria,354074.6460
2023-11-01,Santiago del Estero,comercio,50949.3270
2023-11-01,Santiago del Estero,hogares,120648.7220
2023-11-01,Santiago del Estero,industria,10849.7560
2023-11-01,Tucumán,comercio,82478.6810
2023-11-01,Tucumán,hogares,161613.4580
2023-11-01,Tucumán,industria,56723.3620
2023-12-01,Buenos Aires y CABA,comercio,1462691.6020
2023-12-01,Buenos Aires y CABA,hogares,2452299.2360
2023-12-01,Buenos Aires y CABA,industria,1534580.8990
2023-12-01,Catamarca,comercio,33283.5690
2023-12-01,Catamarca,hogares,68303.3490
2023-12-01,Catamarca,industria,28927.6860
2023-12-01,Chaco,comercio,78113.9110
2023-12-01,Chaco,hogares,260702.4000
2023-12-01,Chaco,industria,13474.0550
2023-12-01,Chubut,comercio,42432.6100
2023-12-01,Chubut,hogares,47874.3900
2023-12-01,Chubut,industria,249970.4210
2023-12-01,Corrientes,comercio,67737.5310
2023-12-01,Corrientes,hogares,195729.7440
2023-12-01,Corrientes,industria,34517.5830
2023-12-01,Córdoba,comercio,305821.1160
2023-12-01,Córdoba,hogares,418405.9010
2023-12-01,Córdoba,industria,195483.0200
2023-12-01,Entre Ríos,comercio,119917.3360
2023-12-01,Entre Ríos,hogares,147929.3890
2023-12-01,Entre Ríos,industria,77475.6960
2023-12-01,Formosa,comercio,49029.5410
2023-12-01,Formosa,hogares,110553.4480
2023-12-01,Formosa,industria,10024.1060
2023-12-01,Jujuy,comercio,36557.0870
2023-12-01,Jujuy,hogares,53957.8270
2023-12-01,Jujuy,industria,17286.7100
2023-12-01,La Pampa,comercio,33246.9140
2023-12-01,La Pampa,hogares,36149.6080
2023-12-01,La Pampa,industria,10998.7750
2023-12-01,La Rioja,comercio,65950.2930
2023-12-01,La Rioja,hogares,75325.8060
2023-12-01,La Rioja,industria,17651.6230
2023-12-01,Mendoza,comercio,221445.8210
2023-12-01,Mendoza,hogares,193572.0910
2023-12-01,Mendoza,industria,142083.4760
2023-12-01,Misiones,comercio,63612.1220
2023-12-01,Misiones,hogares,135745.3600
2023-12-01,Misiones,industria,18258.1570
2023-12-01,Neuquén,comercio,54625.1930
2023-12-01,Neuquén,hogares,63886.3120
2023-12-01,Neuquén,industria,52817.4790
2023-12-01,Río Negro,comercio,66851.7230
2023-12-01,Río Negro,hogares,66870.0520
2023-12-01,Río Negro,industria,27710.6900
2023-12-01,Salta,comercio,80549.0130
2023-12-01,Salta,hogares,115795.5930
2023-12-01,Salta,industria,15006.0320
2023-12-01,San Juan,comercio,75798.0970
2023-12-01,San Juan,hogares,150957.2340
2023-12-01,San Juan,industria,29089.2640
2023-12-01,San Luis,comercio,37037.8320
2023-12-01,San Luis,hogares,55968.9000
2023-12-01,San Luis,industria,55001.5650
2023-12-01,Santa Cruz,comercio,25416.2180
2023-12-01,Santa Cruz,hogares,24377.2840
2023-12-01,Santa Cruz,industria,41565.0670
2023-12-01,Santa Fe,comercio,280423.1660
2023-12-01,Santa Fe,hogares,476477.1350
2023-12-01,Santa Fe,industria,321504.3010
2023-12-01,Santiago del Estero,comercio,54369.8130
2023-12-01,Santiago del Estero,hogares,142167.8830
2023-12-01,Santiago del Estero,industria,8717.4960
2023-12-01,Tucumán,comercio,80590.2100
2023-12-01,Tucumán,hogares,182100.3360
2023-12-01,Tucumán,industria,50209.9310
2024-01-01,Buenos Aires y CABA,comercio,1554667.7410
2024-01-01,Buenos Aires y CABA,hogares,3080980.0700
2024-01-01,Buenos Aires y CABA,industria,1552646.4520
2024-01-01,Catamarca,comercio,36330.2600
2024-01-01,Catamarca,hogares,73943.7550
2024-01-01,Catamarca,industria,28896.7010
2024-01-01,Chaco,comercio,79000.8940
2024-01-01,Chaco,hogares,280671.1960
2024-01-01,Chaco,industria,14551.4060
2024-01-01,Chubut,comercio,44367.3540
2024-01-01,Chubut,hogares,51045.6390
2024-01-01,Chubut,industria,277570.1580
2024-01-01,Corrientes,comercio,69370.0760
2024-01-01,Corrientes,hogares,211617.7040
2024-01-01,Corrientes,industria,29302.7020
2024-01-01,Córdoba,comercio,322184.9700
2024-01-01,Córdoba,hogares,457302.0320
2024-01-01,Córdoba,industria,181245.0410
2024-01-01,Entre Ríos,comercio,140061.6180
2024-01-01,Entre Ríos,hogares,171847.1230
2024-01-01,Entre Ríos,industria,83009.5640
2024-01-01,Formosa,comercio,49766.3160
2024-01-01,Formosa,hogares,121332.9310
2024-01-01,Formosa,industria,9524.9450
2024-01-01,Jujuy,comercio,38937.3140
2024-01-01,Jujuy,hogares,54363.9740
2024-01-01,Jujuy,industria,14961.8760
2024-01-01,La Pampa,comercio,37678.7870
2024-01-01,La Pampa,hogares,47353.9130
2024-01-01,La Pampa,industria,11754.0380
2024-01-01,La Rioja,comercio,67147.1530
2024-01-01,La Rioja,hogares,83978.3810
2024-01-01,La Rioja,industria,17093.9830
2024-01-01,Mendoza,comercio,234615.5910
2024-01-01,Mendoza,hogares,218260.2070
2024-01-01,Mendoza,industria,147848.8130
2024-01-01,Misiones,comercio,88933.8730
2024-01-01,Misiones,hogares,156715.6590
2024-01-01,Misiones,industria,21215.6000
2024-01-01,Neuquén,comercio,59793.4930
2024-01-01,Neuquén,hogares,80227.1670
2024-01-01,Neuquén,industria,56723.4950
2024-01-01,Río Negro,comercio,82473.2600
2024-01-01,Río Negro,hogares,77967.7460
2024-01-01,Río Negro,industria,31269.8910
2024-01-01,Salta,comercio,85224.1490
2024-01-01,Salta,hogares,124167.3710
2024-01-01,Salta,industria,16085.0210
2024-01-01,San Juan,comercio,80643.6460
2024-01-01,San Juan,hogares,175878.1890
2024-01-01,San Juan,industria,31166.4290
2024-01-01,San Luis,comercio,38530.2510
2024-01-01,San Luis,hogares,63009.1620
2024-01-01,San Luis,industria,54471.3530
2024-01-01,Santa Cruz,comercio,23914.3950
2024-01-01,Santa Cruz,hogares,23976.4280
2024-01-01,Santa Cruz,industria,37924.1620
2024-01-01,Santa Fe,comercio,300799.5700
2024-01-01,Santa Fe,hogares,567950.4760
2024-01-01,Santa Fe,industria,353608.0210
2024-01-01,Santiago del Estero,comercio,59279.8160
2024-01-01,Santiago del Estero,hogares,165264.5290
2024-01-01,Santiago del Estero,industria,10249.5020
2024-01-01,Tucumán,comercio,84851.6780
2024-01-01,Tucumán,hogares,198371.2870
2024-01-01,Tucumán,industria,44290.6840
2024-02-01,Buenos Aires y CABA,comercio,1526304.4040
2024-02-01,Buenos Aires y CABA,hogares,2963550.5100
2024-02-01,Buenos Aires y CABA,industria,1580763.3730
2024-02-01,Catamarca,comercio,35185.6310
2024-02-01,Catamarca,hogares,71092.3830
2024-02-01,Catamarca,industria,30403.9340
2024-02-01,Chaco,comercio,82881.8070
2024-02-01,Chaco,hogares,281055.4100
2024-02-01,Chaco,industria,14532.0710
2024-02-01,Chubut,comercio,44452.8710
2024-02-01,Chubut,hogares,43459.5070
2024-02-01,Chubut,industria,275635.3990
2024-02-01,Corrientes,comercio,72714.8710
2024-02-01,Corrientes,hogares,233867.8710
2024-02-01,Corrientes,industria,41615.5940
2024-02-01,Córdoba,comercio,321620.1900
2024-02-01,Córdoba,hogares,436010.1210
2024-02-01,Córdoba,industria,187205.0740
2024-02-01,Entre Ríos,comercio,137558.7470
2024-02-01,Entre Ríos,hogares,194955.4150
2024-02-01,Entre Ríos,industria,80580.8150
2024-02-01,Formosa,comercio,43657.2080
2024-02-01,Formosa,hogares,121493.6090
2024-02-01,Formosa,industria,9620.3820
2024-02-01,Jujuy,comercio,35916.4730
2024-02-01,Jujuy,hogares,49689.4870
2024-02-01,Jujuy,industria,15957.0680
2024-02-01,La Pampa,comercio,34208.1690
2024-02-01,La Pampa,hogares,42854.1330
2024-02-01,La Pampa,industria,11582.4840
2024-02-01,La Rioja,comercio,48634.4320
2024-02-01,La Rioja,hogares,92712.3200
2024-02-01,La Rioja,industria,20290.1360
2024-02-01,Mendoza,comercio,216874.1500
2024-02-01,Mendoza,hogares,203864.5030
2024-02-01,Mendoza,industria,145593.9790
2024-02-01,Misiones,comercio,74949.2160
2024-02-01,Misiones,hogares,174583.3310
2024-02-01,Misiones,industria,19855.7610
2024-02-01,Neuquén,comercio,53948.2320
2024-02-01,Neuquén,hogares,69381.9400
2024-02-01,Neuquén,industria,54305.9850
2024-02-01,Río Negro,comercio,80870.1450
2024-02-01,Río Negro,hogares,72597.0850
2024-02-01,Río Negro,industria,39764.8810
2024-02-01,Salta,comercio,83625.1390
2024-02-01,Salta,hogares,115712.5890
2024-02-01,Salta,industria,17109.9810
2024-02-01,San Juan,comercio,72650.9650
2024-02-01,San Juan,hogares,160281.9590
2024-02-01,San Juan,industria,33295.2380
2024-02-01,San Luis,comercio,38705.4940
2024-02-01,San Luis,hogares,60366.1610
2024-02-01,San Luis,industria,57642.9480
2024-02-01,Santa Cruz,comercio,23418.2160
2024-02-01,Santa Cruz,hogares,22086.2230
2024-02-01,Santa Cruz,industria,36245.6790
2024-02-01,Santa Fe,comercio,290877.7860
2024-02-01,Santa Fe,hogares,586392.0450
2024-02-01,Santa Fe,industria,313493.0610
2024-02-01,Santiago del Estero,comercio,57726.1860
2024-02-01,Santiago del Estero,hogares,150035.7970
2024-02-01,Santiago del Estero,industria,11325.8320
2024-02-01,Tucumán,comercio,84293.6370
2024-02-01,Tucumán,hogares,197093.2540
2024-02-01,Tucumán,industria,50094.8210
2024-03-01,Buenos Aires y CABA,comercio,1489047.5240
2024-03-01,Buenos Aires y CABA,hogares,2321019.2070
2024-03-01,Buenos Aires y CABA,industria,1538876.1610
2024-03-01,Catamarca,comercio,34532.2460
2024-03-01,Catamarca,hogares,72212.5820
2024-03-01,Catamarca,industria,30314.6580
2024-03-01,Chaco,comercio,90142.5470
2024-03-01,Chaco,hogares,274882.2170
2024-03-01,Chaco,industria,16758.7400
2024-03-01,Chubut,comercio,43752.5370
2024-03-01,Chubut,hogares,46469.3730
2024-03-01,Chubut,industria,309036.1140
2024-03-01,Corrientes,comercio,71768.0440
2024-03-01,Corrientes,hogares,208671.7940
2024-03-01,Corrientes,industria,35075.7670
2024-03-01,Córdoba,comercio,324327.7400
2024-03-01,Córdoba,hogares,420540.0580
2024-03-01,Córdoba,industria,195202.2520
2024-03-01,Entre Ríos,comercio,121627.4620
2024-03-01,Entre Ríos,hogares,161791.6480
2024-03-01,Entre Ríos,industria,82197.4580
2024-03-01,Formosa,comercio,43472.4660
2024-03-01,Formosa,hogares,126799.7910
2024-03-01,Formosa,industria,9735.9700
2024-03-01,Jujuy,comercio,28842.1700
2024-03-01,Jujuy,hogares,57929.9120
2024-03-01,Jujuy,industria,19948.9900
2024-03-01,La Pampa,comercio,30765.0740
2024-03-01,La Pampa,hogares,32868.9670
2024-03-01,La Pampa,industria,11301.7780
2024-03-01,La Rioja,comercio,45020.3010
2024-03-01,La Rioja,hogares,91500.5310
2024-03-01,La Rioja,industria,18359.1820
2024-03-01,Mendoza,comercio,206567.5870
2024-03-01,Mendoza,hogares,171542.9890
2024-03-01,Mendoza,industria,154742.6050
2024-03-01,Misiones,comercio,77078.3260
2024-03-01,Misiones,hogares,172716.2170
2024-03-01,Misiones,industria,21387.5650
2024-03-01,Neuquén,comercio,49864.3730
2024-03-01,Neuquén,hogares,58528.8800
2024-03-01,Neuquén,industria,58349.5530
2024-03-01,Río Negro,comercio,75762.3120
2024-03-01,Río Negro,hogares,64833.3650
2024-03-01,Río Negro,industria,45755.5220
2024-03-01,Salta,comercio,84955.1390
2024-03-01,Salta,hogares,121545.9050
2024-03-01,Salta,industria,19637.5760
2024-03-01,San Juan,comercio,68000.9450
2024-03-01,San Juan,hogares,136976.5270
2024-03-01,San Juan,industria,32308.5940
2024-03-01,San Luis,comercio,38357.6790
2024-03-01,San Luis,hogares,55016.9610
2024-03-01,San Luis,industria,57836.3190
2024-03-01,Santa Cruz,comercio,25660.5950
2024-03-01,Santa Cruz,hogares,27559.5420
2024-03-01,Santa Cruz,industria,46362.4550
2024-03-01,Santa Fe,comercio,295180.8460
2024-03-01,Santa Fe,hogares,509430.8910
2024-03-01,Santa Fe,industria,315841.2190
2024-03-01,Santiago del Estero,comercio,56679.8950
2024-03-01,Santiago del Estero,hogares,154409.7460
2024-03-01,Santiago del Estero,industria,11439.8270
2024-03-01,Tucumán,comercio,88053.1510
2024-03-01,Tucumán,hogares,197362.5550
2024-03-01,Tucumán,industria,52089.9190
2024-04-01,Buenos Aires y CABA,comercio,1369000.0810
2024-04-01,Buenos Aires y CABA,hogares,2024040.5320
2024-04-01,Buenos Aires y CABA,industria,1450685.7400
2024-04-01,Catamarca,comercio,26556.1020
2024-04-01,Catamarca,hogares,44443.3160
2024-04-01,Catamarca,industria,26220.9340
2024-04-01,Chaco,comercio,61177.8980
2024-04-01,Chaco,hogares,176857.6680
2024-04-01,Chaco,industria,18163.0710
2024-04-01,Chubut,comercio,45577.0710
2024-04-01,Chubut,hogares,50719.7390
2024-04-01,Chubut,industria,242767.6280
2024-04-01,Corrientes,comercio,58279.4440
2024-04-01,Corrientes,hogares,144261.0350
2024-04-01,Corrientes,industria,31337.6030
2024-04-01,Córdoba,comercio,266716.2900
2024-04-01,Córdoba,hogares,320400.9850
2024-04-01,Córdoba,industria,165264.2220
2024-04-01,Entre Ríos,comercio,96686.9310
2024-04-01,Entre Ríos,hogares,107623.4310
2024-04-01,Entre Ríos,industria,75013.9300
2024-04-01,Formosa,comercio,31276.7060
2024-04-01,Formosa,hogares,89439.5300
2024-04-01,Formosa,industria,8789.9460
2024-04-01,Jujuy,comercio,30854.0760
2024-04-01,Jujuy,hogares,37609.8920
2024-04-01,Jujuy,industria,15837.3340
2024-04-01,La Pampa,comercio,28131.6020
2024-04-01,La Pampa,hogares,27581.8160
2024-04-01,La Pampa,industria,11445.8870
2024-04-01,La Rioja,comercio,33636.0580
2024-04-01,La Rioja,hogares,57224.6870
2024-04-01,La Rioja,industria,14394.6080
2024-04-01,Mendoza,comercio,166278.5250
2024-04-01,Mendoza,hogares,142596.6910
2024-04-01,Mendoza,industria,136861.0100
2024-04-01,Misiones,comercio,80534.9790
2024-04-01,Misiones,hogares,137102.2170
2024-04-01,Misiones,industria,22507.1000
2024-04-01,Neuquén,comercio,51499.5850
2024-04-01,Neuquén,hogares,58704.9200
2024-04-01,Neuquén,industria,56339.0870
2024-04-01,Río Negro,comercio,69505.8860
2024-04-01,Río Negro,hogares,64474.4670
2024-04-01,Río Negro,industria,36370.6700
2024-04-01,Salta,comercio,68382.8270
2024-04-01,Salta,hogares,86767.4990
2024-04-01,Salta,industria,17095.7640
2024-04-01,San Juan,comercio,52131.8900
2024-04-01,San Juan,hogares,80086.7280
2024-04-01,San Juan,industria,24823.0260
2024-04-01,San Luis,comercio,32289.8470
2024-04-01,San Luis,hogares,48290.2680
2024-04-01,San Luis,industria,47560.7050
2024-04-01,Santa Cruz,comercio,26778.2180
2024-04-01,Santa Cruz,hogares,27738.1120
2024-04-01,Santa Cruz,industria,39628.1500
2024-04-01,Santa Fe,comercio,229742.0400
2024-04-01,Santa Fe,hogares,328993.2840
2024-04-01,Santa Fe,industria,333523.6890
2024-04-01,Santiago del Estero,comercio,30090.1480
2024-04-01,Santiago del Estero,hogares,76778.1140
2024-04-01,Santiago del Estero,industria,8677.5350
2024-04-01,Tucumán,comercio,64266.0910
2024-04-01,Tucumán,hogares,121285.7390
2024-04-01,Tucumán,industria,49200.6130
2024-05-01,Buenos Aires y CABA,comercio,1464858.3400
2024-05-01,Buenos Aires y CABA,hogares,3303342.3330
2024-05-01,Buenos Aires y CABA,industria,1483046.9900
2024-05-01,Catamarca,comercio,29319.5790
2024-05-01,Catamarca,hogares,60328.1600
2024-05-01,Catamarca,industria,23722.8740
2024-05-01,Chaco,comercio,54930.4330
2024-05-01,Chaco,hogares,153859.7270
2024-05-01,Chaco,industria,18500.1120
2024-05-01,Chubut,comercio,49469.0320
2024-05-01,Chubut,hogares,65194.3920
2024-05-01,Chubut,industria,383931.1150
2024-05-01,Corrientes,comercio,56914.7500
2024-05-01,Corrientes,hogares,137022.5220
2024-05-01,Corrientes,industria,29637.5000
2024-05-01,Córdoba,comercio,306711.0390
2024-05-01,Córdoba,hogares,452662.2670
2024-05-01,Córdoba,industria,189612.1740
2024-05-01,Entre Ríos,comercio,108388.8770
2024-05-01,Entre Ríos,hogares,133096.3370
2024-05-01,Entre Ríos,industria,75850.2910
2024-05-01,Formosa,comercio,24857.2460
2024-05-01,Formosa,hogares,67303.0290
2024-05-01,Formosa,industria,7280.5130
2024-05-01,Jujuy,comercio,27466.4350
2024-05-01,Jujuy,hogares,55361.5410
2024-05-01,Jujuy,industria,15014.4550
2024-05-01,La Pampa,comercio,31896.5140
2024-05-01,La Pampa,hogares,30600.9580
2024-05-01,La Pampa,industria,11439.3860
2024-05-01,La Rioja,comercio,39063.1560
2024-05-01,La Rioja,hogares,70899.4080
2024-05-01,La Rioja,industria,15215.4140
2024-05-01,Mendoza,comercio,155898.4850
2024-05-01,Mendoza,hogares,200707.1840
2024-05-01,Mendoza,industria,131630.3270
2024-05-01,Misiones,comercio,73720.0740
2024-05-01,Misiones,hogares,131399.1900
2024-05-01,Misiones,industria,20767.2460
2024-05-01,Neuquén,comercio,56248.1000
2024-05-01,Neuquén,hogares,71390.4510
2024-05-01,Neuquén,industria,57950.4680
2024-05-01,Río Negro,comercio,74773.6730
2024-05-01,Río Negro,hogares,75547.7360
2024-05-01,Río Negro,industria,32805.3160
2024-05-01,Salta,comercio,69415.8150
2024-05-01,Salta,hogares,109280.0670
2024-05-01,Salta,industria,18684.2680
2024-05-01,San Juan,comercio,51044.3480
2024-05-01,San Juan,hogares,114978.5860
2024-05-01,San Juan,industria,26257.4130
2024-05-01,San Luis,comercio,34276.8060
2024-05-01,San Luis,hogares,74866.1300
2024-05-01,San Luis,industria,49881.0400
2024-05-01,Santa Cruz,comercio,30627.1800
2024-05-01,Santa Cruz,hogares,31933.0060
2024-05-01,Santa Cruz,industria,38188.4150
2024-05-01,Santa Fe,comercio,274922.5800
2024-05-01,Santa Fe,hogares,463521.4420
2024-05-01,Santa Fe,industria,354509.8990
2024-05-01,Santiago del Estero,comercio,36678.7830
2024-05-01,Santiago del Estero,hogares,81887.2280
2024-05-01,Santiago del Estero,industria,10630.6470
2024-05-01,Tucumán,comercio,71612.8730
2024-05-01,Tucumán,hogares,156333.3600
2024-05-01,Tucumán,industria,54173.4160
2024-06-01,Buenos Aires y CABA,comercio,1402648.8150
2024-06-01,Buenos Aires y CABA,hogares,2904227.9270
2024-06-01,Buenos Aires y CABA,industria,1414957.4760
2024-06-01,Catamarca,comercio,25843.1250
2024-06-01,Catamarca,hogares,54753.6370
2024-06-01,Catamarca,industria,19362.5530
2024-06-01,Chaco,comercio,51153.6640
2024-06-01,Chaco,hogares,137738.2280
2024-06-01,Chaco,industria,19728.4020
2024-06-01,Chubut,comercio,52707.3800
2024-06-01,Chubut,hogares,60627.7660
2024-06-01,Chubut,industria,403931.2270
2024-06-01,Corrientes,comercio,62572.6220
2024-06-01,Corrientes,hogares,109101.6040
2024-06-01,Corrientes,industria,25326.7990
2024-06-01,Córdoba,comercio,290330.2970
2024-06-01,Córdoba,hogares,400283.3210
2024-06-01,Córdoba,industria,181526.0990
2024-06-01,Entre Ríos,comercio,99381.8400
2024-06-01,Entre Ríos,hogares,121063.5130
2024-06-01,Entre Ríos,industria,70232.4890
2024-06-01,Formosa,comercio,30691.5120
2024-06-01,Formosa,hogares,53607.6050
2024-06-01,Formosa,industria,7212.4490
2024-06-01,Jujuy,comercio,26863.1090
2024-06-01,Jujuy,hogares,44604.3760
2024-06-01,Jujuy,industria,13423.7480
2024-06-01,La Pampa,comercio,30669.0580
2024-06-01,La Pampa,hogares,28778.1530
2024-06-01,La Pampa,industria,11326.6790
2024-06-01,La Rioja,comercio,36514.4680
2024-06-01,La Rioja,hogares,66307.2170
2024-06-01,La Rioja,industria,13726.1540
2024-06-01,Mendoza,comercio,148429.7520
2024-06-01,Mendoza,hogares,187495.2740
2024-06-01,Mendoza,industria,121183.5440
2024-06-01,Misiones,comercio,74440.0900
2024-06-01,Misiones,hogares,92465.7010
2024-06-01,Misiones,industria,18506.4250
2024-06-01,Neuquén,comercio,58911.5210
2024-06-01,Neuquén,hogares,68360.4100
2024-06-01,Neuquén,industria,58839.8090
2024-06-01,Río Negro,comercio,63982.9940
2024-06-01,Río Negro,hogares,79352.0860
2024-06-01,Río Negro,industria,31964.2740
2024-06-01,Salta,comercio,66094.0420
2024-06-01,Salta,hogares,96646.9320
2024-06-01,Salta,industria,15252.9990
2024-06-01,San Juan,comercio,46961.4810
2024-06-01,San Juan,hogares,112492.3830
2024-06-01,San Juan,industria,22734.6000
2024-06-01,San Luis,comercio,33470.9810
2024-06-01,San Luis,hogares,66722.2200
2024-06-01,San Luis,industria,42471.2680
2024-06-01,Santa Cruz,comercio,31749.5470
2024-06-01,Santa Cruz,hogares,31219.3890
2024-06-01,Santa Cruz,industria,35716.9830
2024-06-01,Santa Fe,comercio,243534.9010
2024-06-01,Santa Fe,hogares,415604.1280
2024-06-01,Santa Fe,industria,314604.5010
2024-06-01,Santiago del Estero,comercio,31693.7440
2024-06-01,Santiago del Estero,hogares,76233.3410
2024-06-01,Santiago del Estero,industria,11777.6000
2024-06-01,Tucumán,comercio,64972.3400
2024-06-01,Tucumán,hogares,137832.2080
2024-06-01,Tucumán,industria,53283.0440
2024-07-01,Buenos Aires y CABA,comercio,1505589.4290
2024-07-01,Buenos Aires y CABA,hogares,3929350.3810
2024-07-01,Buenos Aires y CABA,industria,1488627.4940
2024-07-01,Catamarca,comercio,31551.2180
2024-07-01,Catamarca,hogares,69341.6210
2024-07-01,Catamarca,industria,22381.2780
2024-07-01,Chaco,comercio,52084.6000
2024-07-01,Chaco,hogares,154541.9260
2024-07-01,Chaco,industria,22306.0010
2024-07-01,Chubut,comercio,51193.8780
2024-07-01,Chubut,hogares,67439.3080
2024-07-01,Chubut,industria,431329.2870
2024-07-01,Corrientes,comercio,81344.2460
2024-07-01,Corrientes,hogares,119216.9740
2024-07-01,Corrientes,industria,26881.7610
2024-07-01,Córdoba,comercio,313805.6100
2024-07-01,Córdoba,hogares,517934.0530
2024-07-01,Córdoba,industria,197535.7300
2024-07-01,Entre Ríos,comercio,111224.9510
2024-07-01,Entre Ríos,hogares,144368.7170
2024-07-01,Entre Ríos,industria,79232.7460
2024-07-01,Formosa,comercio,26259.8970
2024-07-01,Formosa,hogares,60229.4870
2024-07-01,Formosa,industria,7280.0820
2024-07-01,Jujuy,comercio,29058.2190
2024-07-01,Jujuy,hogares,58428.9350
2024-07-01,Jujuy,industria,12927.1850
2024-07-01,La Pampa,comercio,32776.1010
2024-07-01,La Pampa,hogares,32063.7710
2024-07-01,La Pampa,industria,11501.5840
2024-07-01,La Rioja,comercio,40616.6610
2024-07-01,La Rioja,hogares,84438.9160
2024-07-01,La Rioja,industria,17317.7240
2024-07-01,Mendoza,comercio,162411.6480
2024-07-01,Mendoza,hogares,217141.4130
2024-07-01,Mendoza,industria,131049.0200
2024-07-01,Misiones,comercio,73110.5570
2024-07-01,Misiones,hogares,105728.9990
2024-07-01,Misiones,industria,17888.2550
2024-07-01,Neuquén,comercio,59777.3970
2024-07-01,Neuquén,hogares,76503.8190
2024-07-01,Neuquén,industria,61265.2970
2024-07-01,Río Negro,comercio,66527.2690
2024-07-01,Río Negro,hogares,86280.7310
2024-07-01,Río Negro,industria,31966.1090
2024-07-01,Salta,comercio,70639.0610
2024-07-01,Salta,hogares,118444.4310
2024-07-01,Salta,industria,19107.0860
2024-07-01,San Juan,comercio,46364.8270
2024-07-01,San Juan,hogares,143491.9970
2024-07-01,San Juan,industria,24992.4100
2024-07-01,San Luis,comercio,37880.0050
2024-07-01,San Luis,hogares,78473.1050
2024-07-01,San Luis,industria,52856.8290
2024-07-01,Santa Cruz,comercio,33213.9810
2024-07-01,Santa Cruz,hogares,30386.1120
2024-07-01,Santa Cruz,industria,46065.6910
2024-07-01,Santa Fe,comercio,283392.8100
2024-07-01,Santa Fe,hogares,531987.6420
2024-07-01,Santa Fe,industria,330427.6680
2024-07-01,Santiago del Estero,comercio,42942.2460
2024-07-01,Santiago del Estero,hogares,95680.6080
2024-07-01,Santiago del Estero,industria,14854.5350
2024-07-01,Tucumán,comercio,78038.2320
2024-07-01,Tucumán,hogares,169929.6430
2024-07-01,Tucumán,industria,57305.0880
2024-08-01,Buenos Aires y CABA,comercio,1507677.4170
2024-08-01,Buenos Aires y CABA,hogares,3349222.0260
2024-08-01,Buenos Aires y CABA,industria,1477651.2050
2024-08-01,Catamarca,comercio,28421.6710
2024-08-01,Catamarca,hogares,54327.2710
2024-08-01,Catamarca,industria,24383.0360
2024-08-01,Chaco,comercio,49816.3760
2024-08-01,Chaco,hogares,141533.5270
2024-08-01,Chaco,industria,19426.2910
2024-08-01,Chubut,comercio,48431.3520
2024-08-01,Chubut,hogares,61908.9250
2024-08-01,Chubut,industria,417474.2800
2024-08-01,Corrientes,comercio,62353.2550
2024-08-01,Corrientes,hogares,118921.0790
2024-08-01,Corrientes,industria,28139.7130
2024-08-01,Córdoba,comercio,310367.1820
2024-08-01,Córdoba,hogares,415680.5050
2024-08-01,Córdoba,industria,197909.4090
2024-08-01,Entre Ríos,comercio,103123.0110
2024-08-01,Entre Ríos,hogares,129418.3700
2024-08-01,Entre Ríos,industria,78995.2490
2024-08-01,Formosa,comercio,27770.7500
2024-08-01,Formosa,hogares,56786.9930
2024-08-01,Formosa,industria,6989.7370
2024-08-01,Jujuy,comercio,27602.1170
2024-08-01,Jujuy,hogares,45649.7560
2024-08-01,Jujuy,industria,16302.9920
2024-08-01,La Pampa,comercio,31713.0310
2024-08-01,La Pampa,hogares,30445.2510
2024-08-01,La Pampa,industria,11608.7160
2024-08-01,La Rioja,comercio,47149.7930
2024-08-01,La Rioja,hogares,66862.7270
2024-08-01,La Rioja,industria,18745.4490
2024-08-01,Mendoza,comercio,167920.0750
2024-08-01,Mendoza,hogares,195432.9150
2024-08-01,Mendoza,industria,133269.1420
2024-08-01,Misiones,comercio,73265.5450
2024-08-01,Misiones,hogares,97718.4290
2024-08-01,Misiones,industria,19190.4280
2024-08-01,Neuquén,comercio,59063.4920
2024-08-01,Neuquén,hogares,71261.8520
2024-08-01,Neuquén,industria,59408.3930
2024-08-01,Río Negro,comercio,65719.8240
2024-08-01,Río Negro,hogares,80954.8650
2024-08-01,Río Negro,industria,33443.1400
2024-08-01,Salta,comercio,69915.8780
2024-08-01,Salta,hogares,95004.2940
2024-08-01,Salta,industria,19311.7460
2024-08-01,San Juan,comercio,52984.9930
2024-08-01,San Juan,hogares,115584.9760
2024-08-01,San Juan,industria,28345.6790
2024-08-01,San Luis,comercio,37042.8020
2024-08-01,San Luis,hogares,68138.9220
2024-08-01,San Luis,industria,52416.8900
2024-08-01,Santa Cruz,comercio,30916.1290
2024-08-01,Santa Cruz,hogares,30756.7170
2024-08-01,Santa Cruz,industria,42002.3690
2024-08-01,Santa Fe,comercio,272808.3470
2024-08-01,Santa Fe,hogares,467225.7010
2024-08-01,Santa Fe,industria,333785.3050
2024-08-01,Santiago del Estero,comercio,34708.9730
2024-08-01,Santiago del Estero,hogares,77668.9630
2024-08-01,Santiago del Estero,industria,14651.0910
2024-08-01,Tucumán,comercio,71274.6400
2024-08-01,Tucumán,hogares,130478.9860
2024-08-01,Tucumán,industria,57126.6820
2024-09-01,Buenos Aires y CABA,comercio,1339282.0270
2024-09-01,Buenos Aires y CABA,hogares,2239252.5210
2024-09-01,Buenos Aires y CABA,industria,1445792.2430
2024-09-01,Catamarca,comercio,28318.9410
2024-09-01,Catamarca,hogares,43739.4880
2024-09-01,Catamarca,industria,31455.3690
2024-09-01,Chaco,comercio,52095.5360
2024-09-01,Chaco,hogares,143632.1540
2024-09-01,Chaco,industria,15547.3660
2024-09-01,Chubut,comercio,42660.8010
2024-09-01,Chubut,hogares,55103.5050
2024-09-01,Chubut,industria,342104.4540
2024-09-01,Corrientes,comercio,61092.6080
2024-09-01,Corrientes,hogares,115422.9710
2024-09-01,Corrientes,industria,29085.8910
2024-09-01,Córdoba,comercio,282888.5320
2024-09-01,Córdoba,hogares,308235.5050
2024-09-01,Córdoba,industria,190586.7100
2024-09-01,Entre Ríos,comercio,98467.1990
2024-09-01,Entre Ríos,hogares,102529.3640
2024-09-01,Entre Ríos,industria,76008.0030
2024-09-01,Formosa,comercio,31422.3610
2024-09-01,Formosa,hogares,60453.5070
2024-09-01,Formosa,industria,7819.4200
2024-09-01,Jujuy,comercio,26824.4370
2024-09-01,Jujuy,hogares,41754.4010
2024-09-01,Jujuy,industria,16818.3350
2024-09-01,La Pampa,comercio,28561.1910
2024-09-01,La Pampa,hogares,26814.8320
2024-09-01,La Pampa,industria,11707.0130
2024-09-01,La Rioja,comercio,51276.2000
2024-09-01,La Rioja,hogares,48207.9340
2024-09-01,La Rioja,industria,19252.1760
2024-09-01,Mendoza,comercio,176135.2970
2024-09-01,Mendoza,hogares,140430.2240
2024-09-01,Mendoza,industria,126398.3340
2024-09-01,Misiones,comercio,78837.8210
2024-09-01,Misiones,hogares,103918.3870
2024-09-01,Misiones,industria,18803.0070
2024-09-01,Neuquén,comercio,52924.1810
2024-09-01,Neuquén,hogares,59792.5790
2024-09-01,Neuquén,industria,56728.3010
2024-09-01,Río Negro,comercio,62927.9810
2024-09-01,Río Negro,hogares,67326.2330
2024-09-01,Río Negro,industria,31317.2580
2024-09-01,Salta,comercio,69640.7450
2024-09-01,Salta,hogares,88635.7520
2024-09-01,Salta,industria,19606.7110
2024-09-01,San Juan,comercio,53067.9480
2024-09-01,San Juan,hogares,78188.8150
2024-09-01,San Juan,industria,25471.7760
2024-09-01,San Luis,comercio,33419.4380
2024-09-01,San Luis,hogares,43944.3300
2024-09-01,San Luis,industria,53813.7550
2024-09-01,Santa Cruz,comercio,30084.2310
2024-09-01,Santa Cruz,hogares,26257.5090
2024-09-01,Santa Cruz,industria,41949.9560
2024-09-01,Santa Fe,comercio,231786.4500
2024-09-01,Santa Fe,hogares,327323.9550
2024-09-01,Santa Fe,industria,352728.8550
2024-09-01,Santiago del Estero,comercio,38362.8700
2024-09-01,Santiago del Estero,hogares,81671.3720
2024-09-01,Santiago del Estero,industria,12516.3150
2024-09-01,Tucumán,comercio,68097.6330
2024-09-01,Tucumán,hogares,117951.2140
2024-09-01,Tucumán,industria,52920.5650
2024-10-01,Buenos Aires y CABA,comercio,1357247.9330
2024-10-01,Buenos Aires y CABA,hogares,2189929.0650
2024-10-01,Buenos Aires y CABA,industria,1502747.1630
2024-10-01,Catamarca,comercio,30616.1230
2024-10-01,Catamarca,hogares,52926.3820
2024-10-01,Catamarca,industria,32166.9120
2024-10-01,Chaco,comercio,63623.6780
2024-10-01,Chaco,hogares,192832.0960
2024-10-01,Chaco,industria,13925.4270
2024-10-01,Chubut,comercio,40562.4800
2024-10-01,Chubut,hogares,51608.0510
2024-10-01,Chubut,industria,296106.0700
2024-10-01,Corrientes,comercio,71903.4540
2024-10-01,Corrientes,hogares,143481.5810
2024-10-01,Corrientes,industria,37126.2460
2024-10-01,Córdoba,comercio,300420.2780
2024-10-01,Córdoba,hogares,315020.9530
2024-10-01,Córdoba,industria,193848.9310
2024-10-01,Entre Ríos,comercio,106024.3480
2024-10-01,Entre Ríos,hogares,114709.1210
2024-10-01,Entre Ríos,industria,81598.2240
2024-10-01,Formosa,comercio,41429.9500
2024-10-01,Formosa,hogares,78432.3050
2024-10-01,Formosa,industria,8676.1750
2024-10-01,Jujuy,comercio,30587.6980
2024-10-01,Jujuy,hogares,46793.2270
2024-10-01,Jujuy,industria,19400.0450
2024-10-01,La Pampa,comercio,30576.8210
2024-10-01,La Pampa,hogares,29856.5740
2024-10-01,La Pampa,industria,11282.6240
2024-10-01,La Rioja,comercio,54068.5850
2024-10-01,La Rioja,hogares,60510.7900
2024-10-01,La Rioja,industria,19436.8080
2024-10-01,Mendoza,comercio,172663.8600
2024-10-01,Mendoza,hogares,143697.8600
2024-10-01,Mendoza,industria,135480.0810
2024-10-01,Misiones,comercio,84681.7850
2024-10-01,Misiones,hogares,128572.8090
2024-10-01,Misiones,industria,15344.4570
2024-10-01,Neuquén,comercio,50725.1000
2024-10-01,Neuquén,hogares,59151.9210
2024-10-01,Neuquén,industria,58256.2990
2024-10-01,Río Negro,comercio,63239.2290
2024-10-01,Río Negro,hogares,62236.1130
2024-10-01,Río Negro,industria,31126.6090
2024-10-01,Salta,comercio,76522.8170
2024-10-01,Salta,hogares,106196.4230
2024-10-01,Salta,industria,19838.4630
2024-10-01,San Juan,comercio,59897.5970
2024-10-01,San Juan,hogares,88663.7320
2024-10-01,San Juan,industria,28874.6980
2024-10-01,San Luis,comercio,33555.5720
2024-10-01,San Luis,hogares,47005.9080
2024-10-01,San Luis,industria,57336.4670
2024-10-01,Santa Cruz,comercio,28107.9890
2024-10-01,Santa Cruz,hogares,25330.2110
2024-10-01,Santa Cruz,industria,43137.9720
2024-10-01,Santa Fe,comercio,255268.2440
2024-10-01,Santa Fe,hogares,355514.2690
2024-10-01,Santa Fe,industria,376465.9870
2024-10-01,Santiago del Estero,comercio,50706.5900
2024-10-01,Santiago del Estero,hogares,111792.1880
2024-10-01,Santiago del Estero,industria,11896.9220
2024-10-01,Tucumán,comercio,80944.5410
2024-10-01,Tucumán,hogares,144456.8110
2024-10-01,Tucumán,industria,52755.4920
2024-11-01,Buenos Aires y CABA,comercio,1366455.7230
2024-11-01,Buenos Aires y CABA,hogares,2233023.8060
2024-11-01,Buenos Aires y CABA,industria,1560645.4500
2024-11-01,Catamarca,comercio,32267.2760
2024-11-01,Catamarca,hogares,60644.8540
2024-11-01,Catamarca,industria,30610.9670
2024-11-01,Chaco,comercio,71705.0090
2024-11-01,Chaco,hogares,221454.7150
2024-11-01,Chaco,industria,13279.7310
2024-11-01,Chubut,comercio,43050.6530
2024-11-01,Chubut,hogares,43827.0900
2024-11-01,Chubut,industria,295602.7300
2024-11-01,Corrientes,comercio,119275.8170
2024-11-01,Corrientes,hogares,122345.3230
2024-11-01,Corrientes,industria,40091.8140
2024-11-01,Córdoba,comercio,296870.6990
2024-11-01,Córdoba,hogares,354700.2330
2024-11-01,Córdoba,industria,198014.7810
2024-11-01,Entre Ríos,comercio,112853.9140
2024-11-01,Entre Ríos,hogares,124660.4830
2024-11-01,Entre Ríos,industria,80552.4710
2024-11-01,Formosa,comercio,46375.5000
2024-11-01,Formosa,hogares,91896.4940
2024-11-01,Formosa,industria,9622.1720
2024-11-01,Jujuy,comercio,29474.5830
2024-11-01,Jujuy,hogares,45806.2420
2024-11-01,Jujuy,industria,18645.1060
2024-11-01,La Pampa,comercio,30448.3380
2024-11-01,La Pampa,hogares,30300.9540
2024-11-01,La Pampa,industria,12028.2510
2024-11-01,La Rioja,comercio,58941.5380
2024-11-01,La Rioja,hogares,75602.5210
2024-11-01,La Rioja,industria,19001.1990
2024-11-01,Mendoza,comercio,200910.8610
2024-11-01,Mendoza,hogares,153716.1420
2024-11-01,Mendoza,industria,135036.0480
2024-11-01,Misiones,comercio,87001.9700
2024-11-01,Misiones,hogares,147547.1240
2024-11-01,Misiones,industria,21783.0190
2024-11-01,Neuquén,comercio,52393.0630
2024-11-01,Neuquén,hogares,53606.1770
2024-11-01,Neuquén,industria,57353.2290
2024-11-01,Río Negro,comercio,61779.0010
2024-11-01,Río Negro,hogares,60166.4880
2024-11-01,Río Negro,industria,28383.9470
2024-11-01,Salta,comercio,73547.6100
2024-11-01,Salta,hogares,102912.3500
2024-11-01,Salta,industria,21026.9900
2024-11-01,San Juan,comercio,66770.0190
2024-11-01,San Juan,hogares,118941.4210
2024-11-01,San Juan,industria,29581.6240
2024-11-01,San Luis,comercio,34536.8240
2024-11-01,San Luis,hogares,49644.9500
2024-11-01,San Luis,industria,56079.8470
2024-11-01,Santa Cruz,comercio,25106.7240
2024-11-01,Santa Cruz,hogares,22435.9250
2024-11-01,Santa Cruz,industria,43059.0670
2024-11-01,Santa Fe,comercio,254127.9930
2024-11-01,Santa Fe,hogares,415518.7140
2024-11-01,Santa Fe,industria,345591.8550
2024-11-01,Santiago del Estero,comercio,47521.4710
2024-11-01,Santiago del Estero,hogares,118153.7770
2024-11-01,Santiago del Estero,industria,11151.6440
2024-11-01,Tucumán,comercio,76117.5780
2024-11-01,Tucumán,hogares,149538.9840
2024-11-01,Tucumán,industria,52887.0910
2024-12-01,Buenos Aires y CABA,comercio,1450247.3500
2024-12-01,Buenos Aires y CABA,hogares,2335431.5600
2024-12-01,Buenos Aires y CABA,industria,1494589.5150
2024-12-01,Catamarca,comercio,34987.6140
2024-12-01,Catamarca,hogares,69867.8800
2024-12-01,Catamarca,industria,31333.5150
2024-12-01,Chaco,comercio,72583.4470
2024-12-01,Chaco,hogares,227763.5600
2024-12-01,Chaco,industria,12273.4720
2024-12-01,Chubut,comercio,41855.3120
2024-12-01,Chubut,hogares,45428.0370
2024-12-01,Chubut,industria,312971.5840
2024-12-01,Corrientes,comercio,121919.3210
2024-12-01,Corrientes,hogares,134815.3410
2024-12-01,Corrientes,industria,39459.1680
2024-12-01,Córdoba,comercio,308353.8270
2024-12-01,Córdoba,hogares,388852.0280
2024-12-01,Córdoba,industria,180657.4690
2024-12-01,Entre Ríos,comercio,120796.1360
2024-12-01,Entre Ríos,hogares,137736.3460
2024-12-01,Entre Ríos,industria,81282.0340
2024-12-01,Formosa,comercio,44397.2280
2024-12-01,Formosa,hogares,92907.6000
2024-12-01,Formosa,industria,9395.8950
2024-12-01,Jujuy,comercio,36179.2460
2024-12-01,Jujuy,hogares,46952.1300
2024-12-01,Jujuy,industria,19030.7020
2024-12-01,La Pampa,comercio,34282.7470
2024-12-01,La Pampa,hogares,38910.1350
2024-12-01,La Pampa,industria,12003.9340
2024-12-01,La Rioja,comercio,61630.1630
2024-12-01,La Rioja,hogares,87440.8390
2024-12-01,La Rioja,industria,16707.0530
2024-12-01,Mendoza,comercio,221411.7820
2024-12-01,Mendoza,hogares,183625.8540
2024-12-01,Mendoza,industria,144334.2070
2024-12-01,Misiones,comercio,72648.8030
2024-12-01,Misiones,hogares,125866.8450
2024-12-01,Misiones,industria,20650.0990
2024-12-01,Neuquén,comercio,60247.9150
2024-12-01,Neuquén,hogares,61166.4320
2024-12-01,Neuquén,industria,61007.2420
2024-12-01,Río Negro,comercio,62452.2460
2024-12-01,Río Negro,hogares,72874.5420
2024-12-01,Río Negro,industria,27578.1800
2024-12-01,Salta,comercio,80366.3850
2024-12-01,Salta,hogares,113451.6640
2024-12-01,Salta,industria,19177.5770
2024-12-01,San Juan,comercio,67955.7880
2024-12-01,San Juan,hogares,148088.7990
2024-12-01,San Juan,industria,29270.9550
2024-12-01,San Luis,comercio,35854.5460
2024-12-01,San Luis,hogares,56571.0930
2024-12-01,San Luis,industria,51320.3360
2024-12-01,Santa Cruz,comercio,24751.4800
2024-12-01,Santa Cruz,hogares,23801.0920
2024-12-01,Santa Cruz,industria,45310.0340
2024-12-01,Santa Fe,comercio,270046.3300
2024-12-01,Santa Fe,hogares,451895.3030
2024-12-01,Santa Fe,industria,293618.3680
2024-12-01,Santiago del Estero,comercio,53814.6520
2024-12-01,Santiago del Estero,hogares,146947.3770
2024-12-01,Santiago del Estero,industria,10459.1080
2024-12-01,Tucumán,comercio,83364.5940
2024-12-01,Tucumán,hogares,188184.6600
2024-12-01,Tucumán,industria,47772.0490
2025-01-01,Buenos Aires y CABA,comercio,1569158.4360
2025-01-01,Buenos Aires y CABA,hogares,3253922.3900
2025-01-01,Buenos Aires y CABA,industria,1512135.3370
2025-01-01,Catamarca,comercio,35552.2980
2025-01-01,Catamarca,hogares,76390.6600
2025-01-01,Catamarca,industria,31606.5740
2025-01-01,Chaco,comercio,81450.9970
2025-01-01,Chaco,hogares,299486.8560
2025-01-01,Chaco,industria,14331.2390
2025-01-01,Chubut,comercio,44146.4580
2025-01-01,Chubut,hogares,50433.4370
2025-01-01,Chubut,industria,306180.4530
2025-01-01,Corrientes,comercio,159807.0890
2025-01-01,Corrientes,hogares,164045.0760
2025-01-01,Corrientes,industria,33440.7470
2025-01-01,Córdoba,comercio,343374.1280
2025-01-01,Córdoba,hogares,516908.5740
2025-01-01,Córdoba,industria,186913.3470
2025-01-01,Entre Ríos,comercio,156187.0730
2025-01-01,Entre Ríos,hogares,197310.7350
2025-01-01,Entre Ríos,industria,81602.9410
2025-01-01,Formosa,comercio,50817.6510
2025-01-01,Formosa,hogares,122595.9580
2025-01-01,Formosa,industria,10134.3660
2025-01-01,Jujuy,comercio,37865.0080
2025-01-01,Jujuy,hogares,51528.3560
2025-01-01,Jujuy,industria,13356.7390
2025-01-01,La Pampa,comercio,38980.2000
2025-01-01,La Pampa,hogares,52578.5540
2025-01-01,La Pampa,industria,13445.8820
2025-01-01,La Rioja,comercio,62787.8840
2025-01-01,La Rioja,hogares,91089.6680
2025-01-01,La Rioja,industria,16742.4250
2025-01-01,Mendoza,comercio,224696.4020
2025-01-01,Mendoza,hogares,216524.1550
2025-01-01,Mendoza,industria,148659.1410
2025-01-01,Misiones,comercio,85142.9930
2025-01-01,Misiones,hogares,186913.4020
2025-01-01,Misiones,industria,16436.4820
2025-01-01,Neuquén,comercio,70369.5010
2025-01-01,Neuquén,hogares,77673.1960
2025-01-01,Neuquén,industria,62804.8050
2025-01-01,Río Negro,comercio,67977.3500
2025-01-01,Río Negro,hogares,94420.9270
2025-01-01,Río Negro,industria,36880.4610
2025-01-01,Salta,comercio,84745.9190
2025-01-01,Salta,hogares,126743.3440
2025-01-01,Salta,industria,19617.3820
2025-01-01,San Juan,comercio,70277.7270
2025-01-01,San Juan,hogares,167175.5150
2025-01-01,San Juan,industria,30887.9510
2025-01-01,San Luis,comercio,39036.9600
2025-01-01,San Luis,hogares,67185.1970
2025-01-01,San Luis,industria,56528.4630
2025-01-01,Santa Cruz,comercio,25365.0790
2025-01-01,Santa Cruz,hogares,21869.0070
2025-01-01,Santa Cruz,industria,38075.0980
2025-01-01,Santa Fe,comercio,320833.7160
2025-01-01,Santa Fe,hogares,644557.7170
2025-01-01,Santa Fe,industria,352898.3640
2025-01-01,Santiago del Estero,comercio,58949.3800
2025-01-01,Santiago del Estero,hogares,167490.0550
2025-01-01,Santiago del Estero,industria,11049.6100
2025-01-01,Tucumán,comercio,84403.0030
2025-01-01,Tucumán,hogares,208493.7220
2025-01-01,Tucumán,industria,44523.0030
2025-02-01,Buenos Aires y CABA,comercio,1480568.3460
2025-02-01,Buenos Aires y CABA,hogares,2737663.4670
2025-02-01,Buenos Aires y CABA,industria,1554204.5470
2025-02-01,Catamarca,comercio,37246.0450
2025-02-01,Catamarca,hogares,76416.9390
2025-02-01,Catamarca,industria,33577.6900
2025-02-01,Chaco,comercio,82806.9580
2025-02-01,Chaco,hogares,320277.8870
2025-02-01,Chaco,industria,15480.5850
2025-02-01,Chubut,comercio,40986.6750
2025-02-01,Chubut,hogares,41189.8400
2025-02-01,Chubut,industria,288783.4200
2025-02-01,Corrientes,comercio,172594.1870
2025-02-01,Corrientes,hogares,163374.5800
2025-02-01,Corrientes,industria,38343.0180
2025-02-01,Córdoba,comercio,342669.4800
2025-02-01,Córdoba,hogares,494714.3110
2025-02-01,Córdoba,industria,194417.9740
2025-02-01,Entre Ríos,comercio,134857.2750
2025-02-01,Entre Ríos,hogares,179829.4730
2025-02-01,Entre Ríos,industria,80543.5180
2025-02-01,Formosa,comercio,48780.0640
2025-02-01,Formosa,hogares,123240.4210
2025-02-01,Formosa,industria,9805.0760
2025-02-01,Jujuy,comercio,33488.6210
2025-02-01,Jujuy,hogares,49812.4220
2025-02-01,Jujuy,industria,15076.2620
2025-02-01,La Pampa,comercio,33482.6260
2025-02-01,La Pampa,hogares,42605.7900
2025-02-01,La Pampa,industria,12580.7000
2025-02-01,La Rioja,comercio,59089.4260
2025-02-01,La Rioja,hogares,97854.2110
2025-02-01,La Rioja,industria,20173.3330
2025-02-01,Mendoza,comercio,218153.2980
2025-02-01,Mendoza,hogares,217065.5740
2025-02-01,Mendoza,industria,139980.7910
2025-02-01,Misiones,comercio,82086.9390
2025-02-01,Misiones,hogares,182590.6520
2025-02-01,Misiones,industria,18050.3260
2025-02-01,Neuquén,comercio,58837.0480
2025-02-01,Neuquén,hogares,64451.1550
2025-02-01,Neuquén,industria,57382.4810
2025-02-01,Río Negro,comercio,69514.9590
2025-02-01,Río Negro,hogares,72011.2700
2025-02-01,Río Negro,industria,44735.4090
2025-02-01,Salta,comercio,81209.7740
2025-02-01,Salta,hogares,127772.4620
2025-02-01,Salta,industria,21765.8630
2025-02-01,San Juan,comercio,68006.4010
2025-02-01,San Juan,hogares,177009.8570
2025-02-01,San Juan,industria,32946.0230
2025-02-01,San Luis,comercio,38958.6370
2025-02-01,San Luis,hogares,66359.8770
2025-02-01,San Luis,industria,60511.6570
2025-02-01,Santa Cruz,comercio,23840.1740
2025-02-01,Santa Cruz,hogares,20949.4290
2025-02-01,Santa Cruz,industria,45259.3830
2025-02-01,Santa Fe,comercio,289101.5680
2025-02-01,Santa Fe,hogares,602292.7800
2025-02-01,Santa Fe,industria,335515.6590
2025-02-01,Santiago del Estero,comercio,62256.7470
2025-02-01,Santiago del Estero,hogares,179998.2820
2025-02-01,Santiago del Estero,industria,12349.1280
2025-02-01,Tucumán,comercio,96997.4840
2025-02-01,Tucumán,hogares,231640.9160
2025-02-01,Tucumán,industria,51921.7510
2025-03-01,Buenos Aires y CABA,comercio,1493917.5090
2025-03-01,Buenos Aires y CABA,hogares,2471002.5020
2025-03-01,Buenos Aires y CABA,industria,1519192.3320
2025-03-01,Catamarca,comercio,31045.1550
2025-03-01,Catamarca,hogares,60142.4670
2025-03-01,Catamarca,industria,31175.1750
2025-03-01,Chaco,comercio,76341.8190
2025-03-01,Chaco,hogares,251641.5440
2025-03-01,Chaco,industria,20135.2490
2025-03-01,Chubut,comercio,43528.3190
2025-03-01,Chubut,hogares,46359.1690
2025-03-01,Chubut,industria,319734.3180
2025-03-01,Corrientes,comercio,106303.1220
2025-03-01,Corrientes,hogares,177148.0010
2025-03-01,Corrientes,industria,37432.4020
2025-03-01,Córdoba,comercio,300197.3190
2025-03-01,Córdoba,hogares,372695.6990
2025-03-01,Córdoba,industria,192381.3100
2025-03-01,Entre Ríos,comercio,119288.8440
2025-03-01,Entre Ríos,hogares,153391.1660
2025-03-01,Entre Ríos,industria,82710.3510
2025-03-01,Formosa,comercio,43135.4740
2025-03-01,Formosa,hogares,102020.8620
2025-03-01,Formosa,industria,9038.6050
2025-03-01,Jujuy,comercio,26767.6500
2025-03-01,Jujuy,hogares,44573.3370
2025-03-01,Jujuy,industria,17891.7740
2025-03-01,La Pampa,comercio,29616.5990
2025-03-01,La Pampa,hogares,32464.1700
2025-03-01,La Pampa,industria,10952.7160
2025-03-01,La Rioja,comercio,50834.3240
2025-03-01,La Rioja,hogares,63378.1980
2025-03-01,La Rioja,industria,19699.8970
2025-03-01,Mendoza,comercio,180571.8790
2025-03-01,Mendoza,hogares,155250.0200
2025-03-01,Mendoza,industria,139750.0360
2025-03-01,Misiones,comercio,83966.8620
2025-03-01,Misiones,hogares,173595.6540
2025-03-01,Misiones,industria,19234.2670
2025-03-01,Neuquén,comercio,56772.7610
2025-03-01,Neuquén,hogares,57699.4010
2025-03-01,Neuquén,industria,60729.5780
2025-03-01,Río Negro,comercio,65425.5650
2025-03-01,Río Negro,hogares,69769.2550
2025-03-01,Río Negro,industria,45537.2190
2025-03-01,Salta,comercio,73715.9460
2025-03-01,Salta,hogares,101337.7500
2025-03-01,Salta,industria,20482.7650
2025-03-01,San Juan,comercio,58539.4630
2025-03-01,San Juan,hogares,111518.4240
2025-03-01,San Juan,industria,31802.2410
2025-03-01,San Luis,comercio,36265.0640
2025-03-01,San Luis,hogares,49045.9650
2025-03-01,San Luis,industria,50870.1640
2025-03-01,Santa Cruz,comercio,26574.0460
2025-03-01,Santa Cruz,hogares,25902.9900
2025-03-01,Santa Cruz,industria,52882.2640
2025-03-01,Santa Fe,comercio,280722.9690
2025-03-01,Santa Fe,hogares,464127.5210
2025-03-01,Santa Fe,industria,343310.6200
2025-03-01,Santiago del Estero,comercio,47248.6220
2025-03-01,Santiago del Estero,hogares,120578.6950
2025-03-01,Santiago del Estero,industria,11347.2850
2025-03-01,Tucumán,comercio,72700.4350
2025-03-01,Tucumán,hogares,162580.2700
2025-03-01,Tucumán,industria,47176.4000
2025-04-01,Buenos Aires y CABA,comercio,1384652.6810
2025-04-01,Buenos Aires y CABA,hogares,1967247.6030
2025-04-01,Buenos Aires y CABA,industria,1471277.2530
2025-04-01,Catamarca,comercio,24658.3530
2025-04-01,Catamarca,hogares,41967.4500
2025-04-01,Catamarca,industria,28723.3840
2025-04-01,Chaco,comercio,54160.7450
2025-04-01,Chaco,hogares,131769.0150
2025-04-01,Chaco,industria,17537.6770
2025-04-01,Chubut,comercio,43959.9110
2025-04-01,Chubut,hogares,51394.4200
2025-04-01,Chubut,industria,299044.8750
2025-04-01,Corrientes,comercio,67197.1030
2025-04-01,Corrientes,hogares,91738.0440
2025-04-01,Corrientes,industria,29738.8500
2025-04-01,Córdoba,comercio,265794.8180
2025-04-01,Córdoba,hogares,322735.6560
2025-04-01,Córdoba,industria,175945.6380
2025-04-01,Entre Ríos,comercio,95512.4870
2025-04-01,Entre Ríos,hogares,103375.8230
2025-04-01,Entre Ríos,industria,77686.4860
2025-04-01,Formosa,comercio,31132.6740
2025-04-01,Formosa,hogares,55333.5440
2025-04-01,Formosa,industria,7256.6850
2025-04-01,Jujuy,comercio,25670.9030
2025-04-01,Jujuy,hogares,37662.1050
2025-04-01,Jujuy,industria,17130.1900
2025-04-01,La Pampa,comercio,28984.7360
2025-04-01,La Pampa,hogares,27640.6560
2025-04-01,La Pampa,industria,10837.6120
2025-04-01,La Rioja,comercio,39362.3950
2025-04-01,La Rioja,hogares,45911.6140
2025-04-01,La Rioja,industria,18594.6560
2025-04-01,Mendoza,comercio,159850.1620
2025-04-01,Mendoza,hogares,138404.0710
2025-04-01,Mendoza,industria,124970.9670
2025-04-01,Misiones,comercio,79678.3520
2025-04-01,Misiones,hogares,117101.5620
2025-04-01,Misiones,industria,19394.2110
2025-04-01,Neuquén,comercio,57292.1820
2025-04-01,Neuquén,hogares,55653.5590
2025-04-01,Neuquén,industria,56963.7480
2025-04-01,Río Negro,comercio,66651.6290
2025-04-01,Río Negro,hogares,64162.9540
2025-04-01,Río Negro,industria,38382.9690
2025-04-01,Salta,comercio,65564.6940
2025-04-01,Salta,hogares,81338.4290
2025-04-01,Salta,industria,19061.0700
2025-04-01,San Juan,comercio,49058.5000
2025-04-01,San Juan,hogares,71521.0550
2025-04-01,San Juan,industria,26758.5910
2025-04-01,San Luis,comercio,30992.6890
2025-04-01,San Luis,hogares,47798.2580
2025-04-01,San Luis,industria,46877.2550
2025-04-01,Santa Cruz,comercio,28125.2670
2025-04-01,Santa Cruz,hogares,26071.8540
2025-04-01,Santa Cruz,industria,53219.5260
2025-04-01,Santa Fe,comercio,233317.8990
2025-04-01,Santa Fe,hogares,325376.1940
2025-04-01,Santa Fe,industria,304701.4280
2025-04-01,Santiago del Estero,comercio,31275.1050
2025-04-01,Santiago del Estero,hogares,75639.5140
2025-04-01,Santiago del Estero,industria,10729.7000
2025-04-01,Tucumán,comercio,64431.7050
2025-04-01,Tucumán,hogares,111479.2490
2025-04-01,Tucumán,industria,49344.5200
2025-05-01,Buenos Aires y CABA,comercio,1427844.7590
2025-05-01,Buenos Aires y CABA,hogares,2625342.1410
2025-05-01,Buenos Aires y CABA,industria,1464862.5080
2025-05-01,Catamarca,comercio,26267.6530
2025-05-01,Catamarca,hogares,46973.9380
2025-05-01,Catamarca,industria,23644.4430
2025-05-01,Chaco,comercio,55172.5770
2025-05-01,Chaco,hogares,147461.2950
2025-05-01,Chaco,industria,16109.3220
2025-05-01,Chubut,comercio,47452.8770
2025-05-01,Chubut,hogares,60335.2860
2025-05-01,Chubut,industria,321613.4080
2025-05-01,Corrientes,comercio,74410.4580
2025-05-01,Corrientes,hogares,107547.5440
2025-05-01,Corrientes,industria,30976.1490
2025-05-01,Córdoba,comercio,299392.7550
2025-05-01,Córdoba,hogares,345140.3590
2025-05-01,Córdoba,industria,199171.9010
2025-05-01,Entre Ríos,comercio,105343.2130
2025-05-01,Entre Ríos,hogares,112379.1390
2025-05-01,Entre Ríos,industria,80029.5580
2025-05-01,Formosa,comercio,33078.4340
2025-05-01,Formosa,hogares,58993.8820
2025-05-01,Formosa,industria,7351.1410
2025-05-01,Jujuy,comercio,24690.5070
2025-05-01,Jujuy,hogares,40894.2990
2025-05-01,Jujuy,industria,16995.7840
2025-05-01,La Pampa,comercio,31408.3300
2025-05-01,La Pampa,hogares,29459.2970
2025-05-01,La Pampa,industria,11232.5620
2025-05-01,La Rioja,comercio,37283.5290
2025-05-01,La Rioja,hogares,54118.3760
2025-05-01,La Rioja,industria,18564.2710
2025-05-01,Mendoza,comercio,153689.7830
2025-05-01,Mendoza,hogares,157889.5260
2025-05-01,Mendoza,industria,121297.8500
2025-05-01,Misiones,comercio,83447.6280
2025-05-01,Misiones,hogares,113452.2660
2025-05-01,Misiones,industria,19544.4020
2025-05-01,Neuquén,comercio,56757.0570
2025-05-01,Neuquén,hogares,69252.7390
2025-05-01,Neuquén,industria,62936.2660
2025-05-01,Río Negro,comercio,66336.9680
2025-05-01,Río Negro,hogares,76333.8580
2025-05-01,Río Negro,industria,35274.4160
2025-05-01,Salta,comercio,63077.0270
2025-05-01,Salta,hogares,91497.6930
2025-05-01,Salta,industria,22942.5050
2025-05-01,San Juan,comercio,46496.4600
2025-05-01,San Juan,hogares,87564.7060
2025-05-01,San Juan,industria,27133.6060
2025-05-01,San Luis,comercio,32462.0120
2025-05-01,San Luis,hogares,54229.6930
2025-05-01,San Luis,industria,50331.8290
2025-05-01,Santa Cruz,comercio,31488.7970
2025-05-01,Santa Cruz,hogares,29790.3170
2025-05-01,Santa Cruz,industria,50815.6310
2025-05-01,Santa Fe,comercio,253176.0210
2025-05-01,Santa Fe,hogares,378436.0360
2025-05-01,Santa Fe,industria,349272.2950
2025-05-01,Santiago del Estero,comercio,37723.7070
2025-05-01,Santiago del Estero,hogares,77903.2520
2025-05-01,Santiago del Estero,industria,13282.4940
2025-05-01,Tucumán,comercio,68940.5100
2025-05-01,Tucumán,hogares,122298.9790
2025-05-01,Tucumán,industria,57943.1220
2025-06-01,Buenos Aires y CABA,comercio,1475764.0390
2025-06-01,Buenos Aires y CABA,hogares,3777584.6550
2025-06-01,Buenos Aires y CABA,industria,1444585.8410
2025-06-01,Catamarca,comercio,25423.2840
2025-06-01,Catamarca,hogares,65400.0360
2025-06-01,Catamarca,industria,21702.6760
2025-06-01,Chaco,comercio,55090.1440
2025-06-01,Chaco,hogares,156670.2170
2025-06-01,Chaco,industria,17052.8370
2025-06-01,Chubut,comercio,48405.1890
2025-06-01,Chubut,hogares,63961.1250
2025-06-01,Chubut,industria,325173.0060
2025-06-01,Corrientes,comercio,84658.6840
2025-06-01,Corrientes,hogares,118338.3440
2025-06-01,Corrientes,industria,28181.7330
2025-06-01,Córdoba,comercio,308078.1470
2025-06-01,Córdoba,hogares,472573.0490
2025-06-01,Córdoba,industria,187950.3860
2025-06-01,Entre Ríos,comercio,108516.9680
2025-06-01,Entre Ríos,hogares,144208.4600
2025-06-01,Entre Ríos,industria,74419.0310
2025-06-01,Formosa,comercio,33507.0810
2025-06-01,Formosa,hogares,53567.1310
2025-06-01,Formosa,industria,5601.9300
2025-06-01,Jujuy,comercio,27612.9900
2025-06-01,Jujuy,hogares,49414.9980
2025-06-01,Jujuy,industria,19315.3410
2025-06-01,La Pampa,comercio,31897.6040
2025-06-01,La Pampa,hogares,29646.6670
2025-06-01,La Pampa,industria,11769.7910
2025-06-01,La Rioja,comercio,34809.8260
2025-06-01,La Rioja,hogares,78885.9020
2025-06-01,La Rioja,industria,16463.1600
2025-06-01,Mendoza,comercio,147126.7940
2025-06-01,Mendoza,hogares,198680.3630
2025-06-01,Mendoza,industria,127122.9750
2025-06-01,Misiones,comercio,84950.7220
2025-06-01,Misiones,hogares,122542.9270
2025-06-01,Misiones,industria,17061.2020
2025-06-01,Neuquén,comercio,59948.8440
2025-06-01,Neuquén,hogares,73934.3940
2025-06-01,Neuquén,industria,60405.0570
2025-06-01,Río Negro,comercio,63398.8030
2025-06-01,Río Negro,hogares,83678.4950
2025-06-01,Río Negro,industria,29275.3700
2025-06-01,Salta,comercio,64439.4880
2025-06-01,Salta,hogares,112965.5100
2025-06-01,Salta,industria,22294.5480
2025-06-01,San Juan,comercio,45519.1760
2025-06-01,San Juan,hogares,119528.2150
2025-06-01,San Juan,industria,26587.7860
2025-06-01,San Luis,comercio,34363.7490
2025-06-01,San Luis,hogares,72548.1400
2025-06-01,San Luis,industria,44302.1580
2025-06-01,Santa Cruz,comercio,32146.6070
2025-06-01,Santa Cruz,hogares,30474.1720
2025-06-01,Santa Cruz,industria,52222.9200
2025-06-01,Santa Fe,comercio,276147.4870
2025-06-01,Santa Fe,hogares,536091.1560
2025-06-01,Santa Fe,industria,326100.2040
2025-06-01,Santiago del Estero,comercio,42174.0410
2025-06-01,Santiago del Estero,hogares,89763.6920
2025-06-01,Santiago del Estero,industria,14272.2420
2025-06-01,Tucumán,comercio,74164.1560
2025-06-01,Tucumán,hogares,148296.5370
2025-06-01,Tucumán,industria,56385.5380
2025-07-01,Buenos Aires y CABA,comercio,1548397.5290
2025-07-01,Buenos Aires y CABA,hogares,3714017.4490
2025-07-01,Buenos Aires y CABA,industria,1507301.7780
2025-07-01,Catamarca,comercio,27139.7320
2025-07-01,Catamarca,hogares,67643.4640
2025-07-01,Catamarca,industria,22496.5600
2025-07-01,Chaco,comercio,51010.3710
2025-07-01,Chaco,hogares,149160.5870
2025-07-01,Chaco,industria,18552.4650
2025-07-01,Chubut,comercio,49880.2770
2025-07-01,Chubut,hogares,65678.3850
2025-07-01,Chubut,industria,377661.5480
2025-07-01,Corrientes,comercio,78531.0940
2025-07-01,Corrientes,hogares,117845.6880
2025-07-01,Corrientes,industria,28155.2860
2025-07-01,Córdoba,comercio,314489.5370
2025-07-01,Córdoba,hogares,490289.3320
2025-07-01,Córdoba,industria,190489.5970
2025-07-01,Entre Ríos,comercio,109891.8540
2025-07-01,Entre Ríos,hogares,144094.6540
2025-07-01,Entre Ríos,industria,81287.1000
2025-07-01,Formosa,comercio,33973.2740
2025-07-01,Formosa,hogares,51142.0350
2025-07-01,Formosa,industria,6385.7440
2025-07-01,Jujuy,comercio,28054.3730
2025-07-01,Jujuy,hogares,47776.9310
2025-07-01,Jujuy,industria,19948.0260
2025-07-01,La Pampa,comercio,33347.1750
2025-07-01,La Pampa,hogares,32300.6240
2025-07-01,La Pampa,industria,11425.8720
2025-07-01,La Rioja,comercio,38134.2600
2025-07-01,La Rioja,hogares,80697.6680
2025-07-01,La Rioja,industria,18248.4760
2025-07-01,Mendoza,comercio,157519.3230
2025-07-01,Mendoza,hogares,217785.0300
2025-07-01,Mendoza,industria,127922.1790
2025-07-01,Misiones,comercio,74620.8790
2025-07-01,Misiones,hogares,105523.6380
2025-07-01,Misiones,industria,16530.0500
2025-07-01,Neuquén,comercio,64531.0400
2025-07-01,Neuquén,hogares,80466.1270
2025-07-01,Neuquén,industria,62389.4750
2025-07-01,Río Negro,comercio,65951.7820
2025-07-01,Río Negro,hogares,90335.3240
2025-07-01,Río Negro,industria,29335.5790
2025-07-01,Salta,comercio,67534.7120
2025-07-01,Salta,hogares,109921.6860
2025-07-01,Salta,industria,26753.9180
2025-07-01,San Juan,comercio,45861.5910
2025-07-01,San Juan,hogares,139219.3430
2025-07-01,San Juan,industria,27465.2800
2025-07-01,San Luis,comercio,37584.0630
2025-07-01,San Luis,hogares,75186.4630
2025-07-01,San Luis,industria,48131.7580
2025-07-01,Santa Cruz,comercio,33268.9420
2025-07-01,Santa Cruz,hogares,32298.9800
2025-07-01,Santa Cruz,industria,55246.7040
2025-07-01,Santa Fe,comercio,277107.8400
2025-07-01,Santa Fe,hogares,511219.9140
2025-07-01,Santa Fe,industria,338052.1900
2025-07-01,Santiago del Estero,comercio,42066.4900
2025-07-01,Santiago del Estero,hogares,88998.5100
2025-07-01,Santiago del Estero,industria,14945.2670
2025-07-01,Tucumán,comercio,75127.7290
2025-07-01,Tucumán,hogares,152468.7260
2025-07-01,Tucumán,industria,54799.2730
2025-08-01,Buenos Aires y CABA,comercio,1483408.9400
2025-08-01,Buenos Aires y CABA,hogares,3131818.7660
2025-08-01,Buenos Aires y CABA,industria,1493622.8570
2025-08-01,Catamarca,comercio,26490.1970
2025-08-01,Catamarca,hogares,52946.4630
2025-08-01,Catamarca,industria,25634.4250
2025-08-01,Chaco,comercio,49370.7740
2025-08-01,Chaco,hogares,141201.8980
2025-08-01,Chaco,industria,14727.0770
2025-08-01,Chubut,comercio,47335.4310
2025-08-01,Chubut,hogares,63787.9930
2025-08-01,Chubut,industria,315990.6900
2025-08-01,Corrientes,comercio,62389.7100
2025-08-01,Corrientes,hogares,119120.4280
2025-08-01,Corrientes,industria,28309.1060
2025-08-01,Córdoba,comercio,310271.8020
2025-08-01,Córdoba,hogares,396612.6010
2025-08-01,Córdoba,industria,189357.9880
2025-08-01,Entre Ríos,comercio,101350.7840
2025-08-01,Entre Ríos,hogares,126180.7650
2025-08-01,Entre Ríos,industria,78828.4450
2025-08-01,Formosa,comercio,33596.0590
2025-08-01,Formosa,hogares,51328.8860
2025-08-01,Formosa,industria,6980.4170
2025-08-01,Jujuy,comercio,25380.6320
2025-08-01,Jujuy,hogares,41200.4240
2025-08-01,Jujuy,industria,19997.6830
2025-08-01,La Pampa,comercio,32378.9090
2025-08-01,La Pampa,hogares,30007.8890
2025-08-01,La Pampa,industria,11295.2900
2025-08-01,La Rioja,comercio,43060.5370
2025-08-01,La Rioja,hogares,60552.0160
2025-08-01,La Rioja,industria,18832.6860
2025-08-01,Mendoza,comercio,164305.4520
2025-08-01,Mendoza,hogares,182805.5970
2025-08-01,Mendoza,industria,119546.1560
2025-08-01,Misiones,comercio,75250.4200
2025-08-01,Misiones,hogares,101312.3850
2025-08-01,Misiones,industria,17106.1090
2025-08-01,Neuquén,comercio,60349.6690
2025-08-01,Neuquén,hogares,71994.3100
2025-08-01,Neuquén,industria,61052.1810
2025-08-01,Río Negro,comercio,65536.0420
2025-08-01,Río Negro,hogares,79198.8270
2025-08-01,Río Negro,industria,29000.2720
2025-08-01,Salta,comercio,64220.4890
2025-08-01,Salta,hogares,94282.2590
2025-08-01,Salta,industria,26555.2170
2025-08-01,San Juan,comercio,41510.5950
2025-08-01,San Juan,hogares,115083.6770
2025-08-01,San Juan,industria,27962.2200
2025-08-01,San Luis,comercio,36279.9170
2025-08-01,San Luis,hogares,63107.8820
2025-08-01,San Luis,industria,50853.8530
2025-08-01,Santa Cruz,comercio,32403.1590
2025-08-01,Santa Cruz,hogares,30640.9250
2025-08-01,Santa Cruz,industria,55455.3540
2025-08-01,Santa Fe,comercio,258114.0480
2025-08-01,Santa Fe,hogares,439885.8350
2025-08-01,Santa Fe,industria,338808.6010
2025-08-01,Santiago del Estero,comercio,35762.0850
2025-08-01,Santiago del Estero,hogares,75044.8080
2025-08-01,Santiago del Estero,industria,14366.8670
2025-08-01,Tucumán,comercio,69884.1770
2025-08-01,Tucumán,hogares,130015.1350
2025-08-01,Tucumán,industria,57693.2480
2025-09-01,Buenos Aires y CABA,comercio,1377766.2950
2025-09-01,Buenos Aires y CABA,hogares,2473096.9850
2025-09-01,Buenos Aires y CABA,industria,1478802.0240
2025-09-01,Catamarca,comercio,28498.4950
2025-09-01,Catamarca,hogares,47484.9800
2025-09-01,Catamarca,industria,31096.1980
2025-09-01,Chaco,comercio,53360.3630
2025-09-01,Chaco,hogares,145926.9290
2025-09-01,Chaco,industria,12839.2020
2025-09-01,Chubut,comercio,45333.9740
2025-09-01,Chubut,hogares,53980.5770
2025-09-01,Chubut,industria,357343.8320
2025-09-01,Corrientes,comercio,62249.0690
2025-09-01,Corrientes,hogares,113609.6900
2025-09-01,Corrientes,industria,28145.7060
2025-09-01,Córdoba,comercio,294751.7900
2025-09-01,Córdoba,hogares,320136.8820
2025-09-01,Córdoba,industria,184657.8420
2025-09-01,Entre Ríos,comercio,96279.9580
2025-09-01,Entre Ríos,hogares,107385.6140
2025-09-01,Entre Ríos,industria,78621.4070
2025-09-01,Formosa,comercio,36220.8820
2025-09-01,Formosa,hogares,59292.7210
2025-09-01,Formosa,industria,7335.3370
2025-09-01,Jujuy,comercio,26538.5690
2025-09-01,Jujuy,hogares,40094.4890
2025-09-01,Jujuy,industria,20847.7210
2025-09-01,La Pampa,comercio,28988.7060
2025-09-01,La Pampa,hogares,27953.5430
2025-09-01,La Pampa,industria,11302.4890
2025-09-01,La Rioja,comercio,47008.5070
2025-09-01,La Rioja,hogares,51555.9640
2025-09-01,La Rioja,industria,19187.1870
2025-09-01,Mendoza,comercio,163866.9450
2025-09-01,Mendoza,hogares,146639.1100
2025-09-01,Mendoza,industria,128195.4460
2025-09-01,Misiones,comercio,62984.3350
2025-09-01,Misiones,hogares,117322.7050
2025-09-01,Misiones,industria,18255.1890
2025-09-01,Neuquén,comercio,54633.7100
2025-09-01,Neuquén,hogares,62841.8920
2025-09-01,Neuquén,industria,61714.9440
2025-09-01,Río Negro,comercio,63330.9420
2025-09-01,Río Negro,hogares,69631.8660
2025-09-01,Río Negro,industria,27801.1280
2025-09-01,Salta,comercio,65802.4670
2025-09-01,Salta,hogares,96386.9420
2025-09-01,Salta,industria,25926.5580
2025-09-01,San Juan,comercio,34034.4360
2025-09-01,San Juan,hogares,100154.2080
2025-09-01,San Juan,industria,27252.9210
2025-09-01,San Luis,comercio,31901.8410
2025-09-01,San Luis,hogares,50699.2000
2025-09-01,San Luis,industria,48803.7560
2025-09-01,Santa Cruz,comercio,28762.6870
2025-09-01,Santa Cruz,hogares,28288.9500
2025-09-01,Santa Cruz,industria,55757.3860
2025-09-01,Santa Fe,comercio,235221.6660
2025-09-01,Santa Fe,hogares,356129.8400
2025-09-01,Santa Fe,industria,319487.1170
2025-09-01,Santiago del Estero,comercio,40678.6100
2025-09-01,Santiago del Estero,hogares,81856.6560
2025-09-01,Santiago del Estero,industria,12845.7950
2025-09-01,Tucumán,comercio,73015.4590
2025-09-01,Tucumán,hogares,123632.4230
2025-09-01,Tucumán,industria,49989.4730
2025-10-01,Buenos Aires y CABA,comercio,1362429.4960
2025-10-01,Buenos Aires y CABA,hogares,2187069.4920
2025-10-01,Buenos Aires y CABA,industria,1521119.1820
2025-10-01,Catamarca,comercio,30746.9870
2025-10-01,Catamarca,hogares,55648.3330
2025-10-01,Catamarca,industria,32017.3750
2025-10-01,Chaco,comercio,58786.1860
2025-10-01,Chaco,hogares,165662.6720
2025-10-01,Chaco,industria,12593.5510
2025-10-01,Chubut,comercio,42599.1410
2025-10-01,Chubut,hogares,50421.6040
2025-10-01,Chubut,industria,327550.8540
2025-10-01,Corrientes,comercio,64295.0210
2025-10-01,Corrientes,hogares,127140.6100
2025-10-01,Corrientes,industria,31769.5430
2025-10-01,Córdoba,comercio,308548.0860
2025-10-01,Córdoba,hogares,335096.3370
2025-10-01,Córdoba,industria,194495.0200
2025-10-01,Entre Ríos,comercio,102162.8760
2025-10-01,Entre Ríos,hogares,112097.6360
2025-10-01,Entre Ríos,industria,81067.6970
2025-10-01,Formosa,comercio,37869.8930
2025-10-01,Formosa,hogares,65319.9200
2025-10-01,Formosa,industria,8546.2330
2025-10-01,Jujuy,comercio,28780.1320
2025-10-01,Jujuy,hogares,42643.1250
2025-10-01,Jujuy,industria,20090.8470
2025-10-01,La Pampa,comercio,30565.6590
2025-10-01,La Pampa,hogares,29009.0970
2025-10-01,La Pampa,industria,11043.3560
2025-10-01,La Rioja,comercio,53585.6940
2025-10-01,La Rioja,hogares,58757.9860
2025-10-01,La Rioja,industria,19405.4370
2025-10-01,Mendoza,comercio,196611.1410
2025-10-01,Mendoza,hogares,143078.4360
2025-10-01,Mendoza,industria,134763.9940
2025-10-01,Misiones,comercio,56352.9090
2025-10-01,Misiones,hogares,106836.8960
2025-10-01,Misiones,industria,17631.8970
2025-10-01,Neuquén,comercio,51405.4400
2025-10-01,Neuquén,hogares,59231.9800
2025-10-01,Neuquén,industria,64762.8820
2025-10-01,Río Negro,comercio,63257.8330
2025-10-01,Río Negro,hogares,65265.8840
2025-10-01,Río Negro,industria,28556.8860
2025-10-01,Salta,comercio,70051.3790
2025-10-01,Salta,hogares,101217.1180
2025-10-01,Salta,industria,29115.4470
2025-10-01,San Juan,comercio,57811.8450
2025-10-01,San Juan,hogares,92244.3040
2025-10-01,San Juan,industria,29990.2680
2025-10-01,San Luis,comercio,34381.6610
2025-10-01,San Luis,hogares,48243.3440
2025-10-01,San Luis,industria,58627.0890
2025-10-01,Santa Cruz,comercio,29333.4970
2025-10-01,Santa Cruz,hogares,26733.7930
2025-10-01,Santa Cruz,industria,57414.7600
2025-10-01,Santa Fe,comercio,247386.7790
2025-10-01,Santa Fe,hogares,346521.1350
2025-10-01,Santa Fe,industria,329711.6160
2025-10-01,Santiago del Estero,comercio,45074.8290
2025-10-01,Santiago del Estero,hogares,107862.1420
2025-10-01,Santiago del Estero,industria,12247.2510
2025-10-01,Tucumán,comercio,78604.5250
2025-10-01,Tucumán,hogares,142946.9060
2025-10-01,Tucumán,industria,49124.5970
2025-11-01,Buenos Aires y CABA,comercio,1346897.0420
2025-11-01,Buenos Aires y CABA,hogares,2147051.7390
2025-11-01,Buenos Aires y CABA,industria,1475093.5150
2025-11-01,Catamarca,comercio,31641.0580
2025-11-01,Catamarca,hogares,65073.5590
2025-11-01,Catamarca,industria,29371.6430
2025-11-01,Chaco,comercio,66037.2470
2025-11-01,Chaco,hogares,196400.7860
2025-11-01,Chaco,industria,11281.8290
2025-11-01,Chubut,comercio,38245.0730
2025-11-01,Chubut,hogares,48645.4610
2025-11-01,Chubut,industria,333241.4890
2025-11-01,Corrientes,comercio,71844.2050
2025-11-01,Corrientes,hogares,146718.7820
2025-11-01,Corrientes,industria,36555.5580
2025-11-01,Córdoba,comercio,264999.2380
2025-11-01,Córdoba,hogares,362011.2640
2025-11-01,Córdoba,industria,220252.6790
2025-11-01,Entre Ríos,comercio,109109.4030
2025-11-01,Entre Ríos,hogares,119563.5360
2025-11-01,Entre Ríos,industria,79628.8920
2025-11-01,Formosa,comercio,41439.2090
2025-11-01,Formosa,hogares,79960.4690
2025-11-01,Formosa,industria,9832.7910
2025-11-01,Jujuy,comercio,29100.0290
2025-11-01,Jujuy,hogares,44422.0790
2025-11-01,Jujuy,industria,24269.0460
2025-11-01,La Pampa,comercio,31307.6140
2025-11-01,La Pampa,hogares,31700.6560
2025-11-01,La Pampa,industria,11428.0490
2025-11-01,La Rioja,comercio,55639.9920
2025-11-01,La Rioja,hogares,73464.8910
2025-11-01,La Rioja,industria,19479.6370
2025-11-01,Mendoza,comercio,185972.8220
2025-11-01,Mendoza,hogares,150462.4690
2025-11-01,Mendoza,industria,133270.8590
2025-11-01,Misiones,comercio,53103.5870
2025-11-01,Misiones,hogares,100602.6770
2025-11-01,Misiones,industria,17085.2300
2025-11-01,Neuquén,comercio,53062.6230
2025-11-01,Neuquén,hogares,60077.1690
2025-11-01,Neuquén,industria,65207.7380
2025-11-01,Río Negro,comercio,42317.5890
2025-11-01,Río Negro,hogares,66111.5000
2025-11-01,Río Negro,industria,45945.5030
2025-11-01,Salta,comercio,68209.9500
2025-11-01,Salta,hogares,106914.0500
2025-11-01,Salta,industria,25458.0490
2025-11-01,San Juan,comercio,62085.7440
2025-11-01,San Juan,hogares,115843.1280
2025-11-01,San Juan,industria,31029.6500
2025-11-01,San Luis,comercio,34083.5480
2025-11-01,San Luis,hogares,49376.9790
2025-11-01,San Luis,industria,52970.0540
2025-11-01,Santa Cruz,comercio,26816.1510
2025-11-01,Santa Cruz,hogares,23623.4670
2025-11-01,Santa Cruz,industria,52705.0410
2025-11-01,Santa Fe,comercio,249092.5000
2025-11-01,Santa Fe,hogares,385212.5230
2025-11-01,Santa Fe,industria,329049.5300
2025-11-01,Santiago del Estero,comercio,53393.9440
2025-11-01,Santiago del Estero,hogares,123288.1210
2025-11-01,Santiago del Estero,industria,10584.4490
2025-11-01,Tucumán,comercio,74905.5690
2025-11-01,Tucumán,hogares,159985.7310
2025-11-01,Tucumán,industria,51777.7880
2025-12-01,Buenos Aires y CABA,comercio,1536449.6290
2025-12-01,Buenos Aires y CABA,hogares,3260581.1500
2025-12-01,Buenos Aires y CABA,industria,1542907.0930
2025-12-01,Catamarca,comercio,33050.0370
2025-12-01,Catamarca,hogares,73268.5320
2025-12-01,Catamarca,industria,31345.7610
2025-12-01,Chaco,comercio,78356.3690
2025-12-01,Chaco,hogares,254070.2130
2025-12-01,Chaco,industria,11844.4060
2025-12-01,Chubut,comercio,40880.4140
2025-12-01,Chubut,hogares,52117.0560
2025-12-01,Chubut,industria,313123.7570
2025-12-01,Corrientes,comercio,94293.4920
2025-12-01,Corrientes,hogares,188663.8460
2025-12-01,Corrientes,industria,37244.5430
2025-12-01,Córdoba,comercio,297880.5330
2025-12-01,Córdoba,hogares,476639.7520
2025-12-01,Córdoba,industria,218793.0640
2025-12-01,Entre Ríos,comercio,136948.4960
2025-12-01,Entre Ríos,hogares,178499.5040
2025-12-01,Entre Ríos,industria,83829.5560
2025-12-01,Formosa,comercio,48345.8890
2025-12-01,Formosa,hogares,106056.4340
2025-12-01,Formosa,industria,11262.5350
2025-12-01,Jujuy,comercio,35452.5430
2025-12-01,Jujuy,hogares,50122.9820
2025-12-01,Jujuy,industria,19987.3870
2025-12-01,La Pampa,comercio,39419.8400
2025-12-01,La Pampa,hogares,47778.0030
2025-12-01,La Pampa,industria,11809.8260
2025-12-01,La Rioja,comercio,56519.8760
2025-12-01,La Rioja,hogares,82437.1790
2025-12-01,La Rioja,industria,16800.8490
2025-12-01,Mendoza,comercio,215176.5590
2025-12-01,Mendoza,hogares,192135.1110
2025-12-01,Mendoza,industria,141700.2060
2025-12-01,Misiones,comercio,62263.6750
2025-12-01,Misiones,hogares,136605.1350
2025-12-01,Misiones,industria,17203.7960
2025-12-01,Neuquén,comercio,58675.1770
2025-12-01,Neuquén,hogares,72928.2570
2025-12-01,Neuquén,industria,67920.7940
2025-12-01,Río Negro,comercio,54773.3680
2025-12-01,Río Negro,hogares,84352.2920
2025-12-01,Río Negro,industria,35419.6620
2025-12-01,Salta,comercio,76416.8000
2025-12-01,Salta,hogares,127296.3050
2025-12-01,Salta,industria,24463.2510
2025-12-01,San Juan,comercio,51384.8870
2025-12-01,San Juan,hogares,155777.7120
2025-12-01,San Juan,industria,47145.4550
2025-12-01,San Luis,comercio,35915.5730
2025-12-01,San Luis,hogares,62649.0670
2025-12-01,San Luis,industria,46816.3720
2025-12-01,Santa Cruz,comercio,27316.6120
2025-12-01,Santa Cruz,hogares,24439.3930
2025-12-01,Santa Cruz,industria,51312.3420
2025-12-01,Santa Fe,comercio,307920.9120
2025-12-01,Santa Fe,hogares,574656.8300
2025-12-01,Santa Fe,industria,301122.5060
2025-12-01,Santiago del Estero,comercio,54874.3960
2025-12-01,Santiago del Estero,hogares,161269.1290
2025-12-01,Santiago del Estero,industria,10333.2200
2025-12-01,Tucumán,comercio,42293.6430
2025-12-01,Tucumán,hogares,199753.2380
2025-12-01,Tucumán,industria,87955.0100
2026-01-01,Buenos Aires y CABA,comercio,1578043.9800
2026-01-01,Buenos Aires y CABA,hogares,3019821.7580
2026-01-01,Buenos Aires y CABA,industria,1549507.2460
2026-01-01,Catamarca,comercio,26924.1950
2026-01-01,Catamarca,hogares,73530.9110
2026-01-01,Catamarca,industria,35834.4980
2026-01-01,Chaco,comercio,86690.5770
2026-01-01,Chaco,hogares,281224.0900
2026-01-01,Chaco,industria,13723.7470
2026-01-01,Chubut,comercio,42248.7360
2026-01-01,Chubut,hogares,52818.0440
2026-01-01,Chubut,industria,323406.7230
2026-01-01,Corrientes,comercio,103185.0320
2026-01-01,Corrientes,hogares,208384.4540
2026-01-01,Corrientes,industria,34961.3060
2026-01-01,Córdoba,comercio,308730.3880
2026-01-01,Córdoba,hogares,480882.9140
2026-01-01,Córdoba,industria,214700.1110
2026-01-01,Entre Ríos,comercio,141971.8410
2026-01-01,Entre Ríos,hogares,187069.0730
2026-01-01,Entre Ríos,industria,83057.5740
2026-01-01,Formosa,comercio,50844.4750
2026-01-01,Formosa,hogares,119298.7240
2026-01-01,Formosa,industria,10829.6360
2026-01-01,Jujuy,comercio,35354.8610
2026-01-01,Jujuy,hogares,51219.5250
2026-01-01,Jujuy,industria,17079.9440
2026-01-01,La Pampa,comercio,36830.3390
2026-01-01,La Pampa,hogares,48778.2100
2026-01-01,La Pampa,industria,11882.2720
2026-01-01,La Rioja,comercio,55354.3980
2026-01-01,La Rioja,hogares,82081.1350
2026-01-01,La Rioja,industria,16956.3290
2026-01-01,Mendoza,comercio,215940.5170
2026-01-01,Mendoza,hogares,204426.2870
2026-01-01,Mendoza,industria,146053.3200
2026-01-01,Misiones,comercio,66810.9100
2026-01-01,Misiones,hogares,158802.2470
2026-01-01,Misiones,industria,18648.3510
2026-01-01,Neuquén,comercio,63249.9520
2026-01-01,Neuquén,hogares,87815.0470
2026-01-01,Neuquén,industria,68748.8180
2026-01-01,Río Negro,comercio,57252.6630
2026-01-01,Río Negro,hogares,96751.4690
2026-01-01,Río Negro,industria,46703.1320
2026-01-01,Salta,comercio,78595.6280
2026-01-01,Salta,hogares,127966.0220
2026-01-01,Salta,industria,25031.6510
2026-01-01,San Juan,comercio,27431.5290
2026-01-01,San Juan,hogares,167351.0830
2026-01-01,San Juan,industria,75183.4880
2026-01-01,San Luis,comercio,39831.1280
2026-01-01,San Luis,hogares,65349.8800
2026-01-01,San Luis,industria,53576.2120
2026-01-01,Santa Cruz,comercio,18645.2460
2026-01-01,Santa Cruz,hogares,30465.2720
2026-01-01,Santa Cruz,industria,53294.1130
2026-01-01,Santa Fe,comercio,316452.5650
2026-01-01,Santa Fe,hogares,590132.6430
2026-01-01,Santa Fe,industria,313566.5750
2026-01-01,Santiago del Estero,comercio,52284.8410
2026-01-01,Santiago del Estero,hogares,165042.5650
2026-01-01,Santiago del Estero,industria,9418.5010
2026-01-01,Tucumán,comercio,38339.8400
2026-01-01,Tucumán,hogares,197930.0260
2026-01-01,Tucumán,industria,85055.9590
2026-02-01,Buenos Aires y CABA,comercio,1502848.8710
2026-02-01,Buenos Aires y CABA,hogares,2534924.7120
2026-02-01,Buenos Aires y CABA,industria,1441055.2790
2026-02-01,Catamarca,comercio,28559.4720
2026-02-01,Catamarca,hogares,68338.5660
2026-02-01,Catamarca,industria,27528.9060
2026-02-01,Chaco,comercio,89550.9180
2026-02-01,Chaco,hogares,287473.8790
2026-02-01,Chaco,industria,14977.9090
2026-02-01,Chubut,comercio,34877.4270
2026-02-01,Chubut,hogares,45293.9040
2026-02-01,Chubut,industria,293828.6870
2026-02-01,Corrientes,comercio,116853.0080
2026-02-01,Corrientes,hogares,195587.0760
2026-02-01,Corrientes,industria,38089.8530
2026-02-01,Córdoba,comercio,284781.2620
2026-02-01,Córdoba,hogares,372637.4500
2026-02-01,Córdoba,industria,207206.6270
2026-02-01,Entre Ríos,comercio,123645.2990
2026-02-01,Entre Ríos,hogares,166730.5900
2026-02-01,Entre Ríos,industria,79171.5750
2026-02-01,Formosa,comercio,47176.2850
2026-02-01,Formosa,hogares,121613.2120
2026-02-01,Formosa,industria,9230.9580
2026-02-01,Jujuy,comercio,753.7890
2026-02-01,Jujuy,hogares,44775.1940
2026-02-01,Jujuy,industria,47548.4790
2026-02-01,La Pampa,comercio,29486.4600
2026-02-01,La Pampa,hogares,35671.1140
2026-02-01,La Pampa,industria,10844.2360
2026-02-01,La Rioja,comercio,5680.6010
2026-02-01,La Rioja,hogares,71791.9670
2026-02-01,La Rioja,industria,62645.0350
2026-02-01,Mendoza,comercio,182040.5790
2026-02-01,Mendoza,hogares,156414.5960
2026-02-01,Mendoza,industria,136649.2980
2026-02-01,Misiones,comercio,68780.2090
2026-02-01,Misiones,hogares,162049.7190
2026-02-01,Misiones,industria,18231.0150
2026-02-01,Neuquén,comercio,50680.2130
2026-02-01,Neuquén,hogares,66188.6980
2026-02-01,Neuquén,industria,65771.8550
2026-02-01,Río Negro,comercio,56422.6690
2026-02-01,Río Negro,hogares,70796.5020
2026-02-01,Río Negro,industria,54255.5260
2026-02-01,Salta,comercio,73308.6130
2026-02-01,Salta,hogares,117793.3490
2026-02-01,Salta,industria,24322.4260
2026-02-01,San Juan,comercio,28561.7340
2026-02-01,San Juan,hogares,135146.8010
2026-02-01,San Juan,industria,60875.1590
2026-02-01,San Luis,comercio,34271.7030
2026-02-01,San Luis,hogares,48428.0020
2026-02-01,San Luis,industria,51611.0240
2026-02-01,Santa Cruz,comercio,23958.8870
2026-02-01,Santa Cruz,hogares,21511.7450
2026-02-01,Santa Cruz,industria,51189.5290
2026-02-01,Santa Fe,comercio,266491.3580
2026-02-01,Santa Fe,hogares,515372.9360
2026-02-01,Santa Fe,industria,298699.0060
2026-02-01,Santiago del Estero,comercio,48222.5730
2026-02-01,Santiago del Estero,hogares,152596.7100
2026-02-01,Santiago del Estero,industria,10529.8120
2026-02-01,Tucumán,comercio,65654.3040
2026-02-01,Tucumán,hogares,170360.8030
2026-02-01,Tucumán,industria,52250.3640
2026-03-01,Buenos Aires y CABA,comercio,1530200.6690
2026-03-01,Buenos Aires y CABA,hogares,2480797.2390
2026-03-01,Buenos Aires y CABA,industria,1612230.7900
2026-03-01,Catamarca,comercio,30402.3220
2026-03-01,Catamarca,hogares,61886.9390
2026-03-01,Catamarca,industria,31008.5190
2026-03-01,Chaco,comercio,67677.5230
2026-03-01,Chaco,hogares,262951.9240
2026-03-01,Chaco,industria,17853.2640
2026-03-01,Chubut,comercio,40451.3200
2026-03-01,Chubut,hogares,50666.9310
2026-03-01,Chubut,industria,355243.2450
2026-03-01,Corrientes,comercio,102185.1250
2026-03-01,Corrientes,hogares,179963.9420
2026-03-01,Corrientes,industria,35629.3110
2026-03-01,Córdoba,comercio,275879.4380
2026-03-01,Córdoba,hogares,366840.9080
2026-03-01,Córdoba,industria,241326.6340
2026-03-01,Entre Ríos,comercio,119801.5780
2026-03-01,Entre Ríos,hogares,151607.3690
2026-03-01,Entre Ríos,industria,86839.4160
2026-03-01,Formosa,comercio,47730.9460
2026-03-01,Formosa,hogares,116899.9130
2026-03-01,Formosa,industria,10204.0630
2026-03-01,Jujuy,comercio,155.0210
2026-03-01,Jujuy,hogares,46547.9700
2026-03-01,Jujuy,industria,49787.7440
2026-03-01,La Pampa,comercio,31168.6900
2026-03-01,La Pampa,hogares,33146.0410
2026-03-01,La Pampa,industria,10465.3770
2026-03-01,La Rioja,comercio,47890.8860
2026-03-01,La Rioja,hogares,63828.3200
2026-03-01,La Rioja,industria,20945.1720
2026-03-01,Mendoza,comercio,175024.3700
2026-03-01,Mendoza,hogares,155897.3170
2026-03-01,Mendoza,industria,148491.9470
2026-03-01,Misiones,comercio,71635.1700
2026-03-01,Misiones,hogares,176963.4230
2026-03-01,Misiones,industria,19094.3210
2026-03-01,Neuquén,comercio,53431.3350
2026-03-01,Neuquén,hogares,62894.7340
2026-03-01,Neuquén,industria,70393.3970
2026-03-01,Río Negro,comercio,58892.5230
2026-03-01,Río Negro,hogares,69898.0770
2026-03-01,Río Negro,industria,55006.7550
2026-03-01,Salta,comercio,72448.2780
2026-03-01,Salta,hogares,108169.1180
2026-03-01,Salta,industria,29444.3190
2026-03-01,San Juan,comercio,33957.4720
2026-03-01,San Juan,hogares,120666.4180
2026-03-01,San Juan,industria,58930.7280
2026-03-01,San Luis,comercio,34818.5450
2026-03-01,San Luis,hogares,49246.8490
2026-03-01,San Luis,industria,50155.0410
2026-03-01,Santa Cruz,comercio,28563.2150
2026-03-01,Santa Cruz,hogares,24286.2130
2026-03-01,Santa Cruz,industria,57879.0880
2026-03-01,Santa Fe,comercio,285824.4970
2026-03-01,Santa Fe,hogares,456280.5770
2026-03-01,Santa Fe,industria,372677.9620
2026-03-01,Santiago del Estero,comercio,46649.8640
2026-03-01,Santiago del Estero,hogares,126832.5380
2026-03-01,Santiago del Estero,industria,11164.9200
2026-03-01,Tucumán,comercio,56002.7890
2026-03-01,Tucumán,hogares,156878.6540
2026-03-01,Tucumán,industria,66320.3350
2026-04-01,Buenos Aires y CABA,comercio,1424710.8740
2026-04-01,Buenos Aires y CABA,hogares,2151291.9220
2026-04-01,Buenos Aires y CABA,industria,1532958.9350
2026-04-01,Catamarca,comercio,27041.4470
2026-04-01,Catamarca,hogares,47070.2010
2026-04-01,Catamarca,industria,28837.8100
2026-04-01,Chaco,comercio,59803.1230
2026-04-01,Chaco,hogares,168619.7170
2026-04-01,Chaco,industria,16610.9130
2026-04-01,Chubut,comercio,43004.0170
2026-04-01,Chubut,hogares,50129.7920
2026-04-01,Chubut,industria,351124.1050
2026-04-01,Corrientes,comercio,59600.4800
2026-04-01,Corrientes,hogares,142191.9300
2026-04-01,Corrientes,industria,30092.9650
2026-04-01,Córdoba,comercio,244027.0230
2026-04-01,Córdoba,hogares,332175.0360
2026-04-01,Córdoba,industria,226365.4180
2026-04-01,Entre Ríos,comercio,100320.0490
2026-04-01,Entre Ríos,hogares,119966.0000
2026-04-01,Entre Ríos,industria,80719.6620
2026-04-01,Formosa,comercio,36595.1380
2026-04-01,Formosa,hogares,74906.8530
2026-04-01,Formosa,industria,7746.9680
2026-04-01,Jujuy,comercio,26923.7640
2026-04-01,Jujuy,hogares,38428.4390
2026-04-01,Jujuy,industria,22292.9120
2026-04-01,La Pampa,comercio,29282.0900
2026-04-01,La Pampa,hogares,29762.5250
2026-04-01,La Pampa,industria,10845.0180
2026-04-01,La Rioja,comercio,39359.1590
2026-04-01,La Rioja,hogares,50727.5960
2026-04-01,La Rioja,industria,18076.6950
2026-04-01,Mendoza,comercio,162765.6530
2026-04-01,Mendoza,hogares,137546.0640
2026-04-01,Mendoza,industria,130831.7700
2026-04-01,Misiones,comercio,70222.9160
2026-04-01,Misiones,hogares,136467.2090
2026-04-01,Misiones,industria,20028.2990
2026-04-01,Neuquén,comercio,53989.9220
2026-04-01,Neuquén,hogares,60702.4680
2026-04-01,Neuquén,industria,66937.8690
2026-04-01,Río Negro,comercio,49969.3540
2026-04-01,Río Negro,hogares,69486.1100
2026-04-01,Río Negro,industria,52839.1400
2026-04-01,Salta,comercio,66066.2710
2026-04-01,Salta,hogares,91370.8170
2026-04-01,Salta,industria,28432.6050
2026-04-01,San Juan,comercio,34709.4880
2026-04-01,San Juan,hogares,84696.8740
2026-04-01,San Juan,industria,42577.9770
2026-04-01,San Luis,comercio,37741.1660
2026-04-01,San Luis,hogares,44988.8780
2026-04-01,San Luis,industria,48479.9810
2026-04-01,Santa Cruz,comercio,29428.5820
2026-04-01,Santa Cruz,hogares,24896.4770
2026-04-01,Santa Cruz,industria,58110.1410
2026-04-01,Santa Fe,comercio,242652.9790
2026-04-01,Santa Fe,hogares,378140.8030
2026-04-01,Santa Fe,industria,343318.2040
2026-04-01,Santiago del Estero,comercio,34248.1500
2026-04-01,Santiago del Estero,hogares,95712.5300
2026-04-01,Santiago del Estero,industria,8461.0170
2026-04-01,Tucumán,comercio,39590.2710
2026-04-01,Tucumán,hogares,134284.3740
2026-04-01,Tucumán,industria,78039.8970
2026-05-01,Buenos Aires y CABA,comercio,1484440.2480
2026-05-01,Buenos Aires y CABA,hogares,3266684.7790
2026-05-01,Buenos Aires y CABA,industria,1500372.5740
2026-05-01,Catamarca,comercio,27554.4630
2026-05-01,Catamarca,hogares,56092.6700
2026-05-01,Catamarca,industria,22597.2850
2026-05-01,Chaco,comercio,54150.8120
2026-05-01,Chaco,hogares,149284.6510
2026-05-01,Chaco,industria,17690.3510
2026-05-01,Chubut,comercio,48830.5920
2026-05-01,Chubut,hogares,60569.6730
2026-05-01,Chubut,industria,431888.3240
2026-05-01,Corrientes,comercio,58307.1920
2026-05-01,Corrientes,hogares,134789.8810
2026-05-01,Corrientes,industria,27634.5920
2026-05-01,Córdoba,comercio,298308.8150
2026-05-01,Córdoba,hogares,399139.7770
2026-05-01,Córdoba,industria,212296.4650
2026-05-01,Entre Ríos,comercio,106665.9970
2026-05-01,Entre Ríos,hogares,133224.2700
2026-05-01,Entre Ríos,industria,79220.6630
2026-05-01,Formosa,comercio,32868.7350
2026-05-01,Formosa,hogares,56478.3480
2026-05-01,Formosa,industria,6461.0680
2026-05-01,Jujuy,comercio,25712.5160
2026-05-01,Jujuy,hogares,50260.5530
2026-05-01,Jujuy,industria,19115.5080
2026-05-01,La Pampa,comercio,32616.6390
2026-05-01,La Pampa,hogares,31514.5990
2026-05-01,La Pampa,industria,10894.7690
2026-05-01,La Rioja,comercio,35700.6400
2026-05-01,La Rioja,hogares,63884.6420
2026-05-01,La Rioja,industria,17576.7650
2026-05-01,Mendoza,comercio,163372.9370
2026-05-01,Mendoza,hogares,170838.6150
2026-05-01,Mendoza,industria,132914.0200
2026-05-01,Misiones,comercio,63812.8200
2026-05-01,Misiones,hogares,129850.7450
2026-05-01,Misiones,industria,22086.0030
2026-05-01,Neuquén,comercio,63984.5110
2026-05-01,Neuquén,hogares,71701.2150
2026-05-01,Neuquén,industria,67698.8930
2026-05-01,Río Negro,comercio,59342.8500
2026-05-01,Río Negro,hogares,82425.8450
2026-05-01,Río Negro,industria,41259.2610
2026-05-01,Salta,comercio,61503.4140
2026-05-01,Salta,hogares,108732.2450
2026-05-01,Salta,industria,28309.8030
2026-05-01,San Juan,comercio,42172.6230
2026-05-01,San Juan,hogares,107820.9970
2026-05-01,San Juan,industria,36085.0270
2026-05-01,San Luis,comercio,48167.1880
2026-05-01,San Luis,hogares,51778.4950
2026-05-01,San Luis,industria,49989.8340
2026-05-01,Santa Cruz,comercio,18050.9910
2026-05-01,Santa Cruz,hogares,28768.9930
2026-05-01,Santa Cruz,industria,70794.9840
2026-05-01,Santa Fe,comercio,284717.8370
2026-05-01,Santa Fe,hogares,447157.6210
2026-05-01,Santa Fe,industria,348113.7840
2026-05-01,Santiago del Estero,comercio,33705.3730
2026-05-01,Santiago del Estero,hogares,87358.3220
2026-05-01,Santiago del Estero,industria,10623.5120
2026-05-01,Tucumán,comercio,47533.1100
2026-05-01,Tucumán,hogares,137248.1660
2026-05-01,Tucumán,industria,80782.2930
2026-06-01,Buenos Aires y CABA,comercio,1505762.8670
2026-06-01,Buenos Aires y CABA,hogares,3608773.0300
2026-06-01,Buenos Aires y CABA,industria,1474338.4590
2026-06-01,Catamarca,comercio,27465.1380
2026-06-01,Catamarca,hogares,63738.2790
2026-06-01,Catamarca,industria,21339.5010
2026-06-01,Chaco,comercio,52323.1330
2026-06-01,Chaco,hogares,146454.5150
2026-06-01,Chaco,industria,16531.6340
2026-06-01,Chubut,comercio,46410.2360
2026-06-01,Chubut,hogares,64634.2270
2026-06-01,Chubut,industria,426033.6820
2026-06-01,Corrientes,comercio,56515.9830
2026-06-01,Corrientes,hogares,139318.8660
2026-06-01,Corrientes,industria,26918.7980
2026-06-01,Córdoba,comercio,332130.6760
2026-06-01,Córdoba,hogares,416699.8700
2026-06-01,Córdoba,industria,215029.0240
2026-06-01,Entre Ríos,comercio,105447.4790
2026-06-01,Entre Ríos,hogares,144500.0170
2026-06-01,Entre Ríos,industria,78458.2590
2026-06-01,Formosa,comercio,32448.1080
2026-06-01,Formosa,hogares,52936.7090
2026-06-01,Formosa,industria,6036.5360
2026-06-01,Jujuy,comercio,25869.5330
2026-06-01,Jujuy,hogares,50988.8980
2026-06-01,Jujuy,industria,18739.0420
2026-06-01,La Pampa,comercio,30632.8760
2026-06-01,La Pampa,hogares,31806.0820
2026-06-01,La Pampa,industria,13436.8880
2026-06-01,La Rioja,comercio,33471.8900
2026-06-01,La Rioja,hogares,74757.6670
2026-06-01,La Rioja,industria,17206.0440
2026-06-01,Mendoza,comercio,161050.2800
2026-06-01,Mendoza,hogares,188058.0930
2026-06-01,Mendoza,industria,130172.1240
2026-06-01,Misiones,comercio,61010.8360
2026-06-01,Misiones,hogares,134132.0970
2026-06-01,Misiones,industria,19032.4760
2026-06-01,Neuquén,comercio,66013.8150
2026-06-01,Neuquén,hogares,74160.1520
2026-06-01,Neuquén,industria,66230.3480
2026-06-01,Río Negro,comercio,53409.6290
2026-06-01,Río Negro,hogares,91444.0610
2026-06-01,Río Negro,industria,37327.2960
2026-06-01,Salta,comercio,61183.0280
2026-06-01,Salta,hogares,108244.8400
2026-06-01,Salta,industria,24653.8860
2026-06-01,San Juan,comercio,40622.6130
2026-06-01,San Juan,hogares,127042.3860
2026-06-01,San Juan,industria,39062.3740
2026-06-01,San Luis,comercio,46752.0910
2026-06-01,San Luis,hogares,60611.0760
2026-06-01,San Luis,industria,44904.3850
2026-06-01,Santa Cruz,comercio,18159.0040
2026-06-01,Santa Cruz,hogares,28392.8910
2026-06-01,Santa Cruz,industria,70605.7650
2026-06-01,Santa Fe,comercio,283156.8080
2026-06-01,Santa Fe,hogares,495634.5220
2026-06-01,Santa Fe,industria,339995.0200
2026-06-01,Santiago del Estero,comercio,37810.1690
2026-06-01,Santiago del Estero,hogares,90077.5120
2026-06-01,Santiago del Estero,industria,11189.6320
2026-06-01,Tucumán,comercio,66520.4780
2026-06-01,Tucumán,hogares,147384.6620
2026-06-01,Tucumán,industria,59972.8420
2026-07-01,Buenos Aires y CABA,comercio,1554813.2930
2026-07-01,Buenos Aires y CABA,hogares,3693761.6110
2026-07-01,Buenos Aires y CABA,industria,1484213.7430
2026-07-01,Catamarca,comercio,27965.5440
2026-07-01,Catamarca,hogares,67475.0840
2026-07-01,Catamarca,industria,23048.8090
2026-07-01,Chaco,comercio,55881.2710
2026-07-01,Chaco,hogares,162610.1370
2026-07-01,Chaco,industria,17763.3490
2026-07-01,Chubut,comercio,52615.9640
2026-07-01,Chubut,hogares,67356.6070
2026-07-01,Chubut,industria,440771.8720
2026-07-01,Corrientes,comercio,47123.3710
2026-07-01,Corrientes,hogares,164698.8650
2026-07-01,Corrientes,industria,27634.8630
2026-07-01,Córdoba,comercio,347373.6970
2026-07-01,Córdoba,hogares,462276.2810
2026-07-01,Córdoba,industria,194215.8780
2026-07-01,Entre Ríos,comercio,108377.9860
2026-07-01,Entre Ríos,hogares,148090.7720
2026-07-01,Entre Ríos,industria,82503.4440
2026-07-01,Formosa,comercio,35674.0770
2026-07-01,Formosa,hogares,63851.6750
2026-07-01,Formosa,industria,7540.8870
2026-07-01,Jujuy,comercio,25578.3190
2026-07-01,Jujuy,hogares,52049.6240
2026-07-01,Jujuy,industria,22220.4320
2026-07-01,La Pampa,comercio,34154.8760
2026-07-01,La Pampa,hogares,33794.2690
2026-07-01,La Pampa,industria,10946.9120
2026-07-01,La Rioja,comercio,36188.0380
2026-07-01,La Rioja,hogares,74841.7370
2026-07-01,La Rioja,industria,17929.8180
2026-07-01,Mendoza,comercio,162019.3860
2026-07-01,Mendoza,hogares,213921.9740
2026-07-01,Mendoza,industria,125914.8250
2026-07-01,Misiones,comercio,56579.6840
2026-07-01,Misiones,hogares,132230.3870
2026-07-01,Misiones,industria,17125.4860
2026-07-01,Neuquén,comercio,70768.9510
2026-07-01,Neuquén,hogares,79761.8920
2026-07-01,Neuquén,industria,67410.0330
2026-07-01,Río Negro,comercio,55891.5680
2026-07-01,Río Negro,hogares,98329.1880
2026-07-01,Río Negro,industria,36026.8270
2026-07-01,Salta,comercio,63371.5170
2026-07-01,Salta,hogares,110646.1840
2026-07-01,Salta,industria,23163.6350
2026-07-01,San Juan,comercio,38702.8130
2026-07-01,San Juan,hogares,141089.9650
2026-07-01,San Juan,industria,40940.1080
2026-07-01,San Luis,comercio,45296.4050
2026-07-01,San Luis,hogares,65880.0410
2026-07-01,San Luis,industria,50826.8030
2026-07-01,Santa Cruz,comercio,18782.7230
2026-07-01,Santa Cruz,hogares,32267.8530
2026-07-01,Santa Cruz,industria,73315.3220
2026-07-01,Santa Fe,comercio,284501.0210
2026-07-01,Santa Fe,hogares,519806.8850
2026-07-01,Santa Fe,industria,351828.0770
2026-07-01,Santiago del Estero,comercio,39395.8560
2026-07-01,Santiago del Estero,hogares,96961.2670
2026-07-01,Santiago del Estero,industria,13400.6750
2026-07-01,Tucumán,comercio,76884.1180
2026-07-01,Tucumán,hogares,161492.0910
2026-07-01,Tucumán,industria,53337.9640
2026-08-01,Buenos Aires y CABA,comercio,1513402.3510
2026-08-01,Buenos Aires y CABA,hogares,3457697.2760
2026-08-01,Buenos Aires y CABA,industria,1491829.4940
2026-08-01,Catamarca,comercio,27748.6650
2026-08-01,Catamarca,hogares,54348.3070
2026-08-01,Catamarca,industria,24182.4200
2026-08-01,Chaco,comercio,49924.1060
2026-08-01,Chaco,hogares,151560.3680
2026-08-01,Chaco,industria,15494.1900
2026-08-01,Chubut,comercio,49618.1750
2026-08-01,Chubut,hogares,65695.8020
2026-08-01,Chubut,industria,439134.4600
2026-08-01,Corrientes,comercio,56223.5360
2026-08-01,Corrientes,hogares,137408.8150
2026-08-01,Corrientes,industria,27683.7580
2026-08-01,Córdoba,comercio,353311.9490
2026-08-01,Córdoba,hogares,401719.2460
2026-08-01,Córdoba,industria,187405.9530
2026-08-01,Entre Ríos,comercio,101027.7660
2026-08-01,Entre Ríos,hogares,142666.1830
2026-08-01,Entre Ríos,industria,81895.1640
2026-08-01,Formosa,comercio,33867.3650
2026-08-01,Formosa,hogares,56426.9690
2026-08-01,Formosa,industria,7703.6650
2026-08-01,Jujuy,comercio,12688.0340
2026-08-01,Jujuy,hogares,43847.9390
2026-08-01,Jujuy,industria,31131.5980
2026-08-01,La Pampa,comercio,24173.3120
2026-08-01,La Pampa,hogares,31892.3460
2026-08-01,La Pampa,industria,20269.6470
2026-08-01,La Rioja,comercio,40996.0460
2026-08-01,La Rioja,hogares,59651.2170
2026-08-01,La Rioja,industria,18491.4160
2026-08-01,Mendoza,comercio,160694.0240
2026-08-01,Mendoza,hogares,186661.0180
2026-08-01,Mendoza,industria,131784.0680
2026-08-01,Misiones,comercio,65085.8240
2026-08-01,Misiones,hogares,105108.4510
2026-08-01,Misiones,industria,18657.3710
2026-08-01,Neuquén,comercio,68162.3160
2026-08-01,Neuquén,hogares,77417.8940
2026-08-01,Neuquén,industria,70642.0280
2026-08-01,Río Negro,comercio,51944.3110
2026-08-01,Río Negro,hogares,94125.6130
2026-08-01,Río Negro,industria,40022.2210
2026-08-01,Salta,comercio,64116.5800
2026-08-01,Salta,hogares,97169.4980
2026-08-01,Salta,industria,26468.8090
2026-08-01,San Juan,comercio,22364.2090
2026-08-01,San Juan,hogares,121239.4030
2026-08-01,San Juan,industria,47170.0220
2026-08-01,San Luis,comercio,43712.3170
2026-08-01,San Luis,hogares,55384.7310
2026-08-01,San Luis,industria,49092.9370
2026-08-01,Santa Cruz,comercio,32058.6160
2026-08-01,Santa Cruz,hogares,31692.1620
2026-08-01,Santa Cruz,industria,57278.3610
2026-08-01,Santa Fe,comercio,264376.5580
2026-08-01,Santa Fe,hogares,494297.0790
2026-08-01,Santa Fe,industria,337635.6630
2026-08-01,Santiago del Estero,comercio,36911.2480
2026-08-01,Santiago del Estero,hogares,87575.0030
2026-08-01,Santiago del Estero,industria,12697.4910
2026-08-01,Tucumán,comercio,66167.7250
2026-08-01,Tucumán,hogares,139479.8120
2026-08-01,Tucumán,industria,63716.8140
